
#pragma once
#include <stdint.h>

#define SNIFFCHECK_LOGO_8_W 160
#define SNIFFCHECK_LOGO_8_H 80

static const uint16_t sniffcheck_logo_8[12800] = {
    0x0000,0x0000,0x0000,0x0000,0x0000,0x0000,0x0000,0x0000,0x0000,0x0000,0x0000,0x0000,
    0x0000,0x0000,0x0000,0x0000,0x0000,0x0000,0x0000,0x0000,0x0000,0x0000,0x0000,0x0000,
    0x0000,0x0000,0x0000,0x0000,0x0000,0x0000,0x0000,0x0000,0x0000,0x0000,0x0000,0x0000,
    0x0000,0x0000,0x0000,0x0000,0x0000,0x0000,0x0000,0x0000,0x0000,0x0000,0x0000,0x0000,
    0x0000,0x0000,0x0000,0x0000,0x0000,0x0000,0x0000,0x0000,0x0000,0x0000,0x0000,0x0000,
    0x0000,0x0000,0x0000,0x0000,0x0000,0x0000,0x0000,0x0000,0x0000,0x0000,0x0000,0x0000,
    0x0000,0x0000,0x0000,0x0000,0x0000,0x0000,0x0000,0x0000,0x0000,0x0000,0x0000,0x0000,
    0x0000,0x0000,0x0000,0x0000,0x0000,0x0000,0x0000,0x0000,0x0000,0x0000,0x0000,0x0000,
    0x0000,0x0000,0x0000,0x0000,0x0000,0x0000,0x0000,0x0000,0x0000,0x0000,0x0000,0x0000,
    0x0000,0x0000,0x0000,0x0000,0x0000,0x0000,0x0000,0x0000,0x0000,0x0000,0x0000,0x0000,
    0x0000,0x0000,0x0000,0x0000,0x0100,0x0000,0x0000,0x0100,0x0100,0x0000,0x0000,0x0000,
    0x0000,0x0000,0x0000,0x0000,0x0000,0x0000,0x0000,0x0000,0x0000,0x0000,0x0000,0x0000,
    0x0000,0x0000,0x0000,0x0000,0x0000,0x0000,0x0000,0x0000,0x0000,0x0000,0x0000,0x0000,
    0x0000,0x0000,0x0000,0x0000,0x0000,0x0000,0x0000,0x0000,0x0000,0x0000,0x0000,0x0000,
    0x0000,0x0000,0x0000,0x0000,0x0000,0x0000,0x0000,0x0000,0x0000,0x0000,0x0000,0x0000,
    0x0000,0x0000,0x0000,0x0000,0x0000,0x0000,0x0000,0x0000,0x0000,0x0000,0x0000,0x0000,
    0x0000,0x0000,0x0000,0x0000,0x0000,0x0000,0x0000,0x0000,0x0000,0x0000,0x0000,0x0000,
    0x0000,0x0000,0x0000,0x0000,0x0000,0x0000,0x0000,0x0000,0x0000,0x0000,0x0000,0x0000,
    0x0000,0x0000,0x0000,0x0000,0x0000,0x0000,0x0000,0x0000,0x0000,0x0000,0x0000,0x0000,
    0x0000,0x0000,0x0000,0x0000,0x0000,0x0000,0x0000,0x0000,0x0000,0x0000,0x0000,0x0000,
    0x0000,0x0000,0x0000,0x0000,0x0000,0x0000,0x0000,0x0000,0x0000,0x0000,0x0000,0x0000,
    0x0000,0x0000,0x0000,0x0000,0x0000,0x0000,0x0000,0x0000,0x0000,0x0000,0x0000,0x0000,
    0x0000,0x0000,0x0000,0x0000,0x0000,0x0000,0x0000,0x0000,0x0000,0x0000,0x0000,0x0000,
    0x0000,0x0000,0x0000,0x0000,0x0100,0xA531,0x855A,0xC8C5,0xA5C5,0xE5CD,0x04CE,0xA5BD,
    0xE6A4,0xE562,0x0421,0x0200,0x0000,0x0000,0x0000,0x0000,0x0000,0x0000,0x0000,0x0000,
    0x0000,0x0000,0x0000,0x0000,0x0000,0x0000,0x0000,0x0000,0x0000,0x0000,0x0000,0x0000,
    0x0000,0x0000,0x0000,0x0000,0x0000,0x0000,0x0000,0x0000,0x0000,0x0000,0x0000,0x0000,
    0x0000,0x0000,0x0000,0x0000,0x0000,0x0000,0x0000,0x0000,0x0000,0x0000,0x0000,0x0000,
    0x0000,0x0000,0x0000,0x0000,0x0000,0x0000,0x0000,0x0000,0x0000,0x0000,0x0000,0x0000,
    0x0000,0x0000,0x0000,0x0000,0x0000,0x0000,0x0000,0x0000,0x0000,0x0000,0x0000,0x0000,
    0x0000,0x0000,0x0000,0x0000,0x0000,0x0000,0x0000,0x0000,0x0000,0x0000,0x0000,0x0000,
    0x0000,0x0000,0x0000,0x0000,0x0000,0x0000,0x0000,0x0000,0x0000,0x0000,0x0000,0x0000,
    0x0000,0x0000,0x0000,0x0000,0x0000,0x0000,0x0000,0x0000,0x0000,0x0000,0x0000,0x0000,
    0x0000,0x0000,0x0000,0x0000,0x0000,0x0000,0x0000,0x0000,0x0000,0x0000,0x0000,0x0000,
    0x0000,0x0000,0x0000,0x0000,0x0000,0x0000,0x0000,0x0000,0x0000,0x0000,0x0000,0x0000,
    0x0000,0x0000,0x0000,0x0000,0x0000,0x0000,0x0000,0x0000,0x0000,0x0000,0x0000,0x0000,
    0x0000,0x0000,0x0000,0x0000,0x0000,0x0000,0x4529,0x278C,0xE6F6,0xE5FF,0xE3FF,0x81FF,
    0x81FF,0x60FF,0x40FF,0x20FF,0xA0FF,0xE2FF,0xE3FF,0xA5DE,0xA573,0x0300,0x0000,0x0000,
    0x0000,0x0000,0x0000,0x0000,0x0000,0x0000,0x0000,0x0000,0x0000,0x0000,0x0000,0x0000,
    0x0000,0x0000,0x0000,0x0000,0x0000,0x0000,0x0000,0x0000,0x0000,0x0000,0x0000,0x0000,
    0x0000,0x0000,0x0000,0x0000,0x0000,0x0000,0x0000,0x0000,0x0000,0x0000,0x0000,0x0000,
    0x0000,0x0000,0x0000,0x0000,0x0000,0x0000,0x0000,0x0000,0x0000,0x0000,0x0000,0x0000,
    0x0000,0x0000,0x0000,0x0000,0x0000,0x0000,0x0000,0x0000,0x0000,0x0000,0x0000,0x0000,
    0x0000,0x0000,0x0000,0x0000,0x0000,0x0000,0x0000,0x0000,0x0000,0x0000,0x0000,0x0000,
    0x0000,0x0000,0x0000,0x0000,0x0000,0x0000,0x0000,0x0000,0x0000,0x0000,0x0000,0x0000,
    0x0000,0x0000,0x0000,0x0000,0x0000,0x0000,0x0000,0x0000,0x0000,0x0000,0x0000,0x0000,
    0x0000,0x0000,0x0000,0x0000,0x0000,0x0000,0x0000,0x0000,0x0000,0x0000,0x0000,0x0000,
    0x0000,0x0000,0x0000,0x0000,0x0000,0x0000,0x0000,0x0000,0x0000,0x0000,0x0000,0x0000,
    0x0000,0x0000,0x0000,0x0000,0x0000,0x0000,0x0000,0x0000,0x0000,0x0000,0x0000,0x0000,
    0x0000,0x0000,0x0000,0x0000,0x0000,0x0000,0x0000,0x0000,0xE518,0x86C5,0xE4FF,0xC0FF,
    0xC0FE,0x60FE,0x40FE,0x40F6,0x40F6,0x40F6,0x40F6,0x20F6,0xE0ED,0xE0ED,0x20F6,0x20FF,
    0xE2FF,0xE8FF,0x0784,0x0200,0x0000,0x0000,0x0000,0x0000,0x0000,0x0000,0x0000,0x0000,
    0x0000,0x0000,0x0000,0x0000,0x0000,0x0000,0x0000,0x0000,0x0000,0x0000,0x0000,0x0000,
    0x0000,0x0000,0x0000,0x0000,0x0000,0x0000,0x0000,0x0000,0x0000,0x0000,0x0000,0x0000,
    0x0000,0x0000,0x0000,0x0000,0x0000,0x0000,0x0000,0x0000,0x0000,0x0000,0x0000,0x0000,
    0x0000,0x0000,0x0000,0x0000,0x0000,0x0000,0x0000,0x0000,0x0000,0x0000,0x0000,0x0000,
    0x0000,0x0000,0x0000,0x0000,0x0000,0x0000,0x0000,0x0000,0x0000,0x0000,0x2108,0x0000,
    0x0000,0x0000,0x0000,0x0000,0x0000,0x0000,0x0000,0x0000,0x0000,0x0000,0x0000,0x0000,
    0x0000,0x0000,0x0000,0x0000,0x0000,0x0000,0x0000,0x0000,0x0000,0x0000,0x0000,0x0000,
    0x0000,0x0000,0x0000,0x0000,0x0000,0x0000,0x0000,0x0000,0x0000,0x0000,0x0000,0x0000,
    0x0000,0x0000,0x0000,0x0000,0x0000,0x0000,0x0000,0x0000,0x0000,0x0000,0x0000,0x0000,
    0x0000,0x0000,0x0000,0x0000,0x0000,0x0000,0x0000,0x0000,0x0000,0x0000,0x0000,0x0000,
    0x0000,0x0000,0x0000,0x0000,0x0000,0x0000,0x0000,0x0000,0x0000,0x0100,0x0100,0x857B,
    0xE5FF,0x80FF,0x40FE,0xE0ED,0x60F6,0x00FF,0x40FF,0x80FF,0xA0FF,0x80FF,0x80FF,0x40FF,
    0xE0FE,0xC0FE,0x60F6,0x20F6,0x20FE,0xA0FE,0xE5FF,0xC6E6,0x0100,0x0100,0x0000,0x0000,
    0x0000,0x0000,0x0000,0x0000,0x0000,0x0000,0x0000,0x0000,0x0000,0x0000,0x0000,0x0000,
    0x0000,0x0000,0x0000,0x0000,0x0000,0x0000,0x0000,0x0000,0x0000,0x0000,0x0000,0x0000,
    0x0000,0x0000,0x0000,0x0000,0x0000,0x0000,0x0000,0x0000,0x0000,0x0000,0x0000,0x0000,
    0x0000,0x0000,0x0000,0x0000,0x0000,0x0000,0x0000,0x0000,0x0000,0x0000,0x0000,0x0000,
    0x0000,0x0000,0x0000,0x0000,0x0000,0x0000,0x0000,0x0000,0x0000,0x0000,0x0000,0x0000,
    0x0000,0x2100,0x4210,0x0000,0x0000,0x0000,0x0000,0x0000,0x0000,0x0000,0x0000,0x0000,
    0x0000,0x0000,0x0000,0x0000,0x0000,0x0000,0x0000,0x0000,0x0000,0x0000,0x0000,0x0000,
    0x0000,0x0000,0x0000,0x0000,0x0000,0x0000,0x0000,0x0000,0x0000,0x0000,0x0000,0x0000,
    0x0000,0x0000,0x0000,0x0000,0x0000,0x0000,0x0000,0x0000,0x0000,0x0000,0x0000,0x0000,
    0x0000,0x0000,0x0000,0x0000,0x0000,0x0000,0x0000,0x0000,0x0000,0x0000,0x0000,0x0000,
    0x0000,0x0000,0x0000,0x0000,0x0000,0x0000,0x0000,0x0000,0x0000,0x0000,0x0000,0x6008,
    0x0100,0xC220,0xE2DD,0xE2FF,0x80FE,0x60FE,0xC0FE,0x40FF,0x60FF,0xE0FD,0x20FD,0x009B,
    0x2172,0x407A,0x206A,0x20AB,0xA0F4,0xE0FD,0x80FF,0x40FF,0xC1FE,0x61FE,0x40FE,0x41FF,
    0xE1FF,0x625A,0x0200,0x0000,0x0000,0x0000,0x0000,0x0000,0x0000,0x0000,0x0000,0x0000,
    0x0000,0x0000,0x0000,0x0000,0x0000,0x0000,0x0000,0x0000,0x0000,0x0000,0x0000,0x0000,
    0x0000,0x0000,0x0000,0x0000,0x0000,0x0000,0x0000,0x0000,0x0000,0x0000,0x0000,0x0000,
    0x0000,0x0000,0x0000,0x0000,0x0000,0x0000,0x0000,0x0000,0x0000,0x0000,0x0000,0x0000,
    0x0000,0x0000,0x0000,0x0000,0x0000,0x0000,0x0000,0x0000,0x0000,0x0000,0x0000,0x0000,
    0x0000,0x0000,0x0000,0x0000,0x0000,0x888B,0x6983,0x0000,0x0000,0x0000,0x0000,0x0000,
    0x0000,0x0000,0x0000,0x0000,0x0000,0x0000,0x0000,0x0000,0x0000,0x0000,0x0000,0x0000,
    0x0000,0x0000,0x0000,0x0000,0x0000,0x0000,0x0000,0x0000,0x0000,0x0000,0x0000,0x0000,
    0x0000,0x0000,0x0000,0x0000,0x0000,0x0000,0x0000,0x0000,0x0000,0x0000,0x0000,0x0000,
    0x0000,0x0000,0x0000,0x0000,0x0000,0x0000,0x0000,0x0000,0x0000,0x0000,0x0000,0x0000,
    0x0000,0x0000,0x0000,0x0000,0x0000,0x0000,0x0000,0x0000,0x0000,0x0000,0x0000,0x0000,
    0x0000,0x0000,0x4008,0x0100,0xE128,0xC0FF,0x60FF,0x40FE,0xA1FE,0x41FF,0x20FF,0x20CC,
    0x0141,0x0100,0x0100,0x0100,0x0100,0x0100,0x0100,0x0100,0x0100,0x0108,0x4159,0xA1EC,
    0x61FF,0x61FF,0xC1FE,0xA0FE,0xA0FE,0xE0FF,0x815A,0x0100,0x0000,0x0000,0x0000,0x0000,
    0x0000,0x0000,0x0000,0x0000,0x0000,0x0000,0x0000,0x0000,0x0000,0x0000,0x0000,0x0000,
    0x0000,0x0000,0x0000,0x0000,0x0000,0x0000,0x0000,0x0000,0x0000,0x0000,0x0000,0x0000,
    0x0000,0x0000,0x0000,0x0000,0x0000,0x0000,0x0000,0x0000,0x0000,0x0000,0x0000,0x0000,
    0x0000,0x0000,0x0000,0x0000,0x0000,0x0000,0x0000,0x0000,0x0000,0x0000,0x0000,0x0000,
    0x0000,0x0000,0x0000,0x0000,0x0000,0x0000,0x0000,0x0000,0x0331,0x8DFE,0x4108,0x0000,
    0x0000,0x0000,0x0000,0x0000,0x0000,0x0000,0x0000,0x0000,0x0000,0x0000,0x0000,0x0000,
    0x0000,0x0000,0x0000,0x0000,0x0000,0x0000,0x0000,0x0000,0x0000,0x0000,0x0000,0x0000,
    0x0000,0x0000,0x0000,0x0000,0x0000,0x0000,0x0000,0x0000,0x0000,0x0000,0x0000,0x0000,
    0x0000,0x0000,0x0000,0x0000,0x0000,0x0000,0x0000,0x0000,0x0000,0x0000,0x0000,0x0000,
    0x0000,0x0000,0x0000,0x0000,0x0000,0x0000,0x0000,0x0000,0x0000,0x0000,0x0000,0x0000,
    0x0000,0x0000,0x0000,0x0000,0x0000,0x0000,0x0100,0xE128,0x60FF,0xA0FE,0x00F6,0x81FE,
    0x61FF,0xA1DC,0x8130,0x0100,0x0000,0x0000,0x0000,0x0000,0x0000,0x0000,0x0000,0x0000,
    0x0000,0x0000,0x0100,0x0100,0x0149,0x41FD,0xE1FF,0xE0FE,0x80FE,0x80FE,0xE0FF,0x014A,
    0x0100,0x0000,0x0000,0x0000,0x0000,0x0000,0x0000,0x0000,0x0000,0x0000,0x0000,0x0000,
    0x0000,0x0000,0x0000,0x0000,0x0000,0x0000,0x0000,0x0000,0x0000,0x0000,0x0000,0x0000,
    0x0000,0x0000,0x0000,0x0000,0x0000,0x0000,0x0000,0x0000,0x0000,0x0000,0x0000,0x0000,
    0x0000,0x0000,0x0000,0x0000,0x0000,0x0000,0x0000,0x0000,0x0000,0x0000,0x0000,0x0000,
    0x0000,0x0000,0x0000,0x0000,0x0000,0x0000,0x0000,0x0000,0x0000,0x0000,0x0000,0x0000,
    0x455A,0x8FFF,0x0000,0x0000,0x0000,0x0000,0x0000,0x0000,0x0000,0x0000,0x0000,0x0000,
    0x0000,0x0000,0x0000,0x0000,0x0000,0x0000,0x0000,0x0000,0x0000,0x0000,0x0000,0x0000,
    0x0000,0x0000,0x0000,0x0000,0x0000,0x0000,0x0000,0x0000,0x0000,0x0000,0x0000,0x0000,
    0x0000,0x0000,0x0000,0x0000,0x0000,0x0000,0x0000,0x0000,0x0000,0x0000,0x0000,0x0000,
    0x0000,0x0000,0x0000,0x0000,0x0000,0x0000,0x0000,0x0000,0x0000,0x0000,0x0000,0x0000,
    0x0000,0x0000,0x0000,0x0000,0x0000,0x0000,0x0000,0x0000,0x0000,0x0200,0x6231,0x80FF,
    0xA0FE,0x00F6,0x80F6,0x00FF,0x80C3,0x0100,0x0000,0x0000,0x0000,0x0000,0x0000,0x0000,
    0x0000,0x0000,0x0000,0x0000,0x0000,0x0000,0x0000,0x0000,0x0100,0x0100,0xC0A2,0x40FF,
    0x00FF,0x60F6,0xC1FF,0xC193,0x0200,0x0000,0x0000,0x0000,0x0000,0x0000,0x0000,0x0000,
    0x0000,0x0000,0x0000,0x0000,0x0000,0x0000,0x0000,0x0000,0x0000,0x0000,0x0000,0x0000,
    0x0000,0x0000,0x0000,0x0000,0x0000,0x0000,0x0000,0x0000,0x0000,0x0000,0x0000,0x0000,
    0x0000,0x0000,0x0000,0x0000,0x0000,0x0000,0x0000,0x0000,0x0000,0x0000,0x0000,0x0000,
    0x0000,0x0000,0x0000,0x0000,0x0000,0x0000,0x0000,0x0000,0x0000,0x0000,0x0000,0x0000,
    0x0000,0x0000,0x0000,0x0000,0x49B4,0x4FFF,0x2108,0x0000,0x0000,0x0000,0x0000,0x0000,
    0x0000,0x0000,0x0000,0x0000,0x0000,0x0000,0x0000,0x0000,0x0000,0x0000,0x0000,0x0000,
    0x0000,0x0000,0x0000,0x0000,0x0000,0x0000,0x0000,0x0000,0x0000,0x0000,0x0000,0x0000,
    0x0000,0x0000,0x0000,0x0000,0x0000,0x0000,0x0000,0x0000,0x0000,0x0000,0x0000,0x0000,
    0x0000,0x0000,0x0000,0x0000,0x0000,0x0000,0x0000,0x0000,0x0000,0x0000,0x0000,0x0000,
    0x0000,0x0000,0x0000,0x0000,0x0000,0x0000,0x0000,0x0000,0x0000,0x0000,0x0000,0x0000,
    0x0000,0x0200,0x21A4,0xE1FF,0x20F6,0xA0FE,0xE0FE,0x017A,0x0100,0x0000,0x0000,0x0000,
    0x0000,0x0000,0x0000,0x0000,0x0000,0x0000,0x0000,0x0000,0x0000,0x0000,0x0000,0x0000,
    0x0000,0x0100,0x0100,0xE179,0xA0FF,0xC1F6,0xE1FF,0xC0BC,0x0100,0x0000,0x0000,0x0000,
    0x0000,0x0000,0x0000,0x0000,0x0000,0x0000,0x0000,0x0000,0x0000,0x0000,0x0000,0x0000,
    0x0000,0x0000,0x0000,0x0000,0x0000,0x0000,0x0000,0x0000,0x0000,0x0000,0x0000,0x0000,
    0x0000,0x0000,0x0000,0x0000,0x0000,0x0000,0x0000,0x0000,0x0000,0x0000,0x0000,0x0000,
    0x0000,0x0000,0x0000,0x0000,0x0000,0x0000,0x0000,0x0000,0x0000,0x0000,0x0000,0x0000,
    0x0000,0x0000,0x0000,0x0000,0x0000,0x0000,0x0000,0x0000,0xA9BC,0xF1FF,0xE649,0x0000,
    0x0000,0x0000,0x0000,0x0000,0x0000,0x0000,0x0000,0x0000,0x0000,0x0000,0x0000,0x0000,
    0x0000,0x0000,0x0000,0x0000,0x0000,0x0000,0x0000,0x0000,0x0000,0x0000,0x0000,0x0000,
    0x0000,0x0000,0x0000,0x0000,0x0000,0x0000,0x0000,0x0000,0x0000,0x0000,0x0000,0x0000,
    0x0000,0x0000,0x0000,0x0000,0x0000,0x0000,0x0000,0x0000,0x0000,0x0000,0x0000,0x0000,
    0x0000,0x0000,0x0000,0x0000,0x0000,0x0000,0x0000,0x0000,0x0000,0x0000,0x0000,0x0000,
    0x0000,0x0000,0x0000,0x0000,0x0000,0x0200,0x0010,0xC0FD,0xE0FE,0x60FE,0x6192,0x0100,
    0x2000,0x0000,0x0000,0x0000,0x0000,0x0100,0x0200,0x0342,0x847B,0xA45A,0x4200,0x8308,
    0x0100,0x0100,0x0000,0x0000,0x0000,0x0000,0x8110,0x0100,0x808A,0x60FE,0x41FE,0x6159,
    0x0100,0x0000,0x0000,0x0000,0x0000,0x0000,0x0000,0x0000,0x0000,0x0000,0x0000,0x0000,
    0x0000,0x0000,0x0000,0x0000,0x0000,0x0000,0x0000,0x0000,0x0000,0x0000,0x0000,0x0000,
    0x0000,0x0000,0x0000,0x0000,0x0000,0x0000,0x0000,0x0000,0x0000,0x0000,0x0000,0x0000,
    0x0000,0x0000,0x0000,0x0000,0x0000,0x0000,0x0000,0x0000,0x0000,0x0000,0x0000,0x0000,
    0x0000,0x0000,0x0000,0x0000,0x0000,0x0000,0x0000,0x0000,0x0000,0x0000,0x0000,0x8218,
    0x0CFE,0x90FF,0xE872,0x0000,0x0000,0x0000,0x0000,0x0000,0x0000,0x0000,0x0000,0x0000,
    0x0000,0x0000,0x0000,0x0000,0x0000,0x0000,0x0000,0x0000,0x0000,0x0000,0x0000,0x0000,
    0x0000,0x0000,0x0000,0x0000,0x0000,0x0000,0x0000,0x0000,0x0000,0x0000,0x0000,0x0000,
    0x0000,0x0000,0x0000,0x0000,0x0000,0x0000,0x0000,0x0000,0x0000,0x0000,0x0000,0x0000,
    0x0000,0x0000,0x0000,0x0000,0x0000,0x0000,0x0000,0x0000,0x0000,0x0000,0x0000,0x0000,
    0x0000,0x0000,0x0000,0x0000,0x0000,0x0000,0x0000,0x0000,0x0000,0x0000,0x0100,0x0118,
    0xA161,0x0141,0x0200,0x2521,0x0000,0x0000,0x0000,0x0100,0x8431,0xC5BD,0x23FF,0xC1FF,
    0xE0FF,0xE0FF,0x21FF,0x03FF,0x82A4,0xA239,0x0100,0x0200,0x0000,0x0000,0x0000,0x0000,
    0x0200,0xA128,0x0141,0x0100,0x0000,0x0000,0x0000,0x0000,0x0000,0x0000,0x0000,0x0000,
    0x0000,0x0000,0x0000,0x0000,0x0000,0x0000,0x0000,0x0000,0x0000,0x0000,0x0000,0x0000,
    0x0000,0x0000,0x0000,0x0000,0x0000,0x0000,0x0000,0x0000,0x0000,0x0000,0x0000,0x0000,
    0x0000,0x0000,0x0000,0x0000,0x0000,0x0000,0x0000,0x0000,0x0000,0x0000,0x0000,0x0000,
    0x0000,0x0000,0x0000,0x0000,0x0000,0x0000,0x0000,0x0000,0x0000,0x0000,0x0000,0x0000,
    0x0000,0x0000,0x0000,0x4331,0x0EFF,0x0FFF,0xADB4,0x0000,0x0000,0x0000,0x0000,0x0000,
    0x0000,0x0000,0x0000,0x0000,0x0000,0x0000,0x0000,0x0000,0x0000,0x0000,0x0000,0x0000,
    0x0000,0x0000,0x0000,0x0000,0x0000,0x0000,0x0000,0x0000,0x0000,0x0000,0x0000,0x0000,
    0x0000,0x0000,0x0000,0x0000,0x0000,0x0000,0x0000,0x0000,0x0000,0x0000,0x0000,0x0000,
    0x0000,0x0000,0x0000,0x0000,0x0000,0x0000,0x0000,0x0000,0x0000,0x0000,0x0000,0x0000,
    0x0000,0x0000,0x0000,0x0000,0x0000,0x0000,0x0000,0x0000,0x0000,0x0000,0x0000,0x0000,
    0x0000,0x0000,0x0000,0x0200,0x0200,0x0200,0x4108,0x0000,0x0000,0x0000,0x2200,0x05CE,
    0xE3FF,0x20FF,0x00FE,0xC0F5,0xE0F5,0x00F6,0x20FE,0x20FE,0x20FF,0x60FF,0x20CD,0x2129,
    0x0100,0x0000,0x0000,0x0000,0x0000,0x0000,0x0000,0x0000,0x0000,0x0000,0x0000,0x0000,
    0x0000,0x0000,0x0000,0x0000,0x0000,0x0000,0x0000,0x0000,0x0000,0x0000,0x0000,0x0000,
    0x0000,0x0000,0x0000,0x0000,0x0000,0x0000,0x0000,0x0000,0x0000,0x0000,0x0000,0x0000,
    0x0000,0x0000,0x0000,0x0000,0x0000,0x0000,0x0000,0x0000,0x0000,0x0000,0x0000,0x0000,
    0x0000,0x0000,0x0000,0x0000,0x0000,0x0000,0x0000,0x0000,0x0000,0x0000,0x0000,0x0000,
    0x0000,0x0000,0x0000,0x0000,0x0000,0x0000,0x0000,0x0329,0xEEFE,0x0CFE,0xD3FF,0x0429,
    0x0000,0x0000,0x0000,0x0000,0x0000,0x0000,0x0000,0x0000,0x0000,0x0000,0x0000,0x0000,
    0x0000,0x0000,0x0000,0x0000,0x0000,0x0000,0x0000,0x0000,0x0000,0x0000,0x0000,0x0000,
    0x0000,0x0000,0x0000,0x0000,0x0000,0x0000,0x0000,0x0000,0x0000,0x0000,0x0000,0x0000,
    0x0000,0x0000,0x0000,0x0000,0x0000,0x0000,0x0000,0x0000,0x0000,0x0000,0x0000,0x0000,
    0x0000,0x0000,0x0000,0x0000,0x0000,0x0000,0x0000,0x0000,0x0000,0x0000,0x0000,0x0000,
    0x0000,0x0000,0x0000,0x0000,0x0000,0x0000,0x0000,0x0000,0x0000,0x0000,0x0000,0x0000,
    0x0100,0x2200,0x63FF,0xA0FF,0xA0F5,0x20FE,0xC0FE,0xE0FE,0xC1FE,0xA1FE,0xE1FE,0x20FF,
    0x80FE,0xE0F5,0x00FF,0xA0FF,0xA08B,0x0100,0x0100,0x0000,0x0000,0x0000,0x0000,0x0000,
    0x0000,0x0000,0x0000,0x0000,0x0000,0x0000,0x0000,0x0000,0x0000,0x0000,0x0000,0x0000,
    0x0000,0x0000,0x0000,0x0000,0x0000,0x0000,0x0000,0x0000,0x0000,0x0000,0x0000,0x0000,
    0x0000,0x0000,0x0000,0x0000,0x0000,0x0000,0x0000,0x0000,0x0000,0x0000,0x0000,0x0000,
    0x0000,0x0000,0x0000,0x0000,0x0000,0x0000,0x0000,0x0000,0x0000,0x0000,0x0000,0x0000,
    0x0000,0x0000,0x0000,0x0000,0x0000,0x0000,0x0000,0x0000,0x0000,0x0000,0x0000,0xE328,
    0xEEFE,0xCBED,0x2FFF,0xEDBC,0x0000,0x0000,0x0000,0x0000,0x0000,0x0000,0x0000,0x0000,
    0x0000,0x0000,0x0000,0x0000,0x0000,0x0000,0x0000,0x0000,0x0000,0x0000,0x0000,0x0000,
    0x0000,0x0000,0x0000,0x0000,0x0000,0x0000,0x0000,0x0000,0x0000,0x0000,0x0000,0x0000,
    0x0000,0x0000,0x0000,0x0000,0x0000,0x0000,0x0000,0x0000,0x0000,0x0000,0x0000,0x0000,
    0x0000,0x0000,0x0000,0x0000,0x0000,0x0000,0x0000,0x0000,0x0000,0x0000,0x0000,0x0000,
    0x0000,0x0000,0x0000,0x0000,0x0000,0x0000,0x0000,0x0000,0x0000,0x0000,0x0000,0x0000,
    0x0000,0x0000,0x0000,0x0000,0x4208,0x01F7,0x00FF,0x80ED,0x40FE,0x60FE,0xC0DB,0xC079,
    0x4059,0xE050,0x6069,0x8092,0xC0F4,0xC0FE,0x80FE,0x20FE,0xE0FF,0xA1CD,0x0200,0x2208,
    0x0000,0x0000,0x0000,0x0000,0x0000,0x0000,0x0000,0x0000,0x0000,0x0000,0x0000,0x0000,
    0x0000,0x0000,0x0000,0x0000,0x0000,0x0000,0x0000,0x0000,0x0000,0x0000,0x0000,0x0000,
    0x0000,0x0000,0x0000,0x0000,0x0000,0x0000,0x0000,0x0000,0x0000,0x0000,0x0000,0x0000,
    0x0000,0x0000,0x0000,0x0000,0x0000,0x0000,0x0000,0x0000,0x0000,0x0000,0x0000,0x0000,
    0x0000,0x0000,0x0000,0x0000,0x0000,0x0000,0x0000,0x0000,0x0000,0x0000,0x0000,0x0000,
    0x0000,0x0000,0x0000,0x0329,0x0EFF,0x2CFE,0xEBF5,0x71FF,0x2429,0x0000,0x0000,0x0000,
    0x0000,0x0000,0x0000,0x0000,0x0000,0x0000,0x0000,0x0000,0x0000,0x0000,0x0000,0x0000,
    0x0000,0x0000,0x0000,0x0000,0x0000,0x0000,0x0000,0x0000,0x0000,0x0000,0x0000,0x0000,
    0x0000,0x0000,0x0000,0x0000,0x0000,0x0000,0x0000,0x0000,0x0000,0x0000,0x0000,0x0000,
    0x0000,0x0000,0x0000,0x0000,0x0000,0x0000,0x0000,0x0000,0x0000,0x0000,0x0000,0x0000,
    0x0000,0x0000,0x0000,0x0000,0x0000,0x0000,0x0000,0x0000,0x0000,0x0000,0x0000,0x0000,
    0x0000,0x0000,0x0000,0x0000,0x0000,0x0000,0x0000,0x0200,0x81A4,0xA0FF,0x40E5,0x20FE,
    0x60E4,0xA040,0x0100,0x0200,0x0200,0x0200,0x0200,0x0200,0x0100,0xE138,0x01ED,0xE1FE,
    0x02EE,0xE2FF,0xA1B4,0x0100,0x0000,0x0000,0x0000,0x0000,0x0000,0x0000,0x0000,0x0000,
    0x0000,0x0000,0x0000,0x0000,0x0000,0x0000,0x0000,0x0000,0x0000,0x0000,0x0000,0x0000,
    0x0000,0x0000,0x0000,0x0000,0x0000,0x0000,0x0000,0x0000,0x0000,0x0000,0x0000,0x0000,
    0x0000,0x0000,0x0000,0x0000,0x0000,0x0000,0x0000,0x0000,0x0000,0x0000,0x0000,0x0000,
    0x0000,0x0000,0x0000,0x0000,0x0000,0x0000,0x0000,0x0000,0x0000,0x0000,0x0000,0x0000,
    0x0000,0x0000,0x0000,0x0000,0x0000,0x0000,0x0000,0x0329,0x0DF6,0x4CFE,0x2CFE,0x4CFE,
    0x72FF,0xA318,0x0000,0x0000,0x0000,0x0000,0x0000,0x0000,0x0000,0x0000,0x0000,0x0000,
    0x0000,0x0000,0x0000,0x0000,0x0000,0x0000,0x0000,0x0000,0x0000,0x0000,0x0000,0x0000,
    0x0000,0x0000,0x0000,0x0000,0x0000,0x0000,0x0000,0x0000,0x0000,0x0000,0x0000,0x0000,
    0x0000,0x0000,0x0000,0x0000,0x0000,0x0000,0x0000,0x0000,0x0000,0x0000,0x0000,0x0000,
    0x0000,0x0000,0x0000,0x0000,0x0000,0x0000,0x0000,0x0000,0x0000,0x0000,0x0000,0x0000,
    0x0000,0x0000,0x0000,0x0000,0x0000,0x0000,0x0000,0x0000,0x0000,0x0000,0x0000,0x0200,
    0xC082,0x80FE,0xA0FD,0xC09A,0x0100,0x0200,0x0000,0x0000,0x0000,0x0000,0x0000,0x0000,
    0x0000,0x0100,0x0100,0xA0C3,0x01FF,0xE2FE,0x8192,0x0200,0x0000,0x0000,0x0000,0x0000,
    0x0000,0x0000,0x0000,0x0000,0x0000,0x0000,0x0000,0x0000,0x0000,0x0000,0x0000,0x0000,
    0x0000,0x0000,0x0000,0x0000,0x0000,0x0000,0x0000,0x0000,0x0000,0x0000,0x0000,0x0000,
    0x0000,0x0000,0x0000,0x0000,0x0000,0x0000,0x0000,0x0000,0x0000,0x0000,0x0000,0x0000,
    0x0000,0x0000,0x0000,0x0000,0x0000,0x0000,0x0000,0x0000,0x0000,0x0000,0x0000,0x0000,
    0x0000,0x0000,0x0000,0x0000,0x0000,0x0000,0x0000,0x0000,0x0000,0x0000,0x0000,0x0000,
    0x077B,0xAABC,0x0CF6,0x0CF6,0x8CFE,0x73FF,0xC649,0x0000,0x0000,0x0000,0x0000,0x0000,
    0x0000,0x0000,0x0000,0x0000,0x0000,0x0000,0x0000,0x2429,0x475A,0xA541,0x8FD5,0xE872,
    0x8541,0x2752,0xE320,0xA318,0x0100,0x0000,0x0000,0x0000,0x0000,0x0000,0x0000,0x0000,
    0x0000,0x0000,0x0000,0x0000,0x0000,0x0000,0x0000,0x0000,0x0000,0x0000,0x0000,0x0000,
    0x0000,0x0000,0x0000,0x0000,0x0000,0x0000,0x0000,0x0000,0x0000,0x0000,0x0000,0x0000,
    0x0000,0x0000,0x0000,0x0000,0x0000,0x0000,0x0000,0x0000,0x0000,0x0000,0x0000,0x0000,
    0x0000,0x0000,0x0000,0x0000,0x0200,0x0172,0x8159,0x0200,0x0000,0x0000,0x0000,0x0200,
    0x0200,0x0200,0x0200,0x0200,0x0100,0x0000,0x0000,0x0200,0xC069,0x409A,0x0100,0x0000,
    0x0000,0x0000,0x0000,0x0000,0x0000,0x0000,0x0000,0x0000,0x0000,0x0000,0x0000,0x0000,
    0x0000,0x0000,0x0000,0x0000,0x0000,0x0000,0x0000,0x0000,0x0000,0x0000,0x0000,0x0000,
    0x0000,0x0000,0x0000,0x0000,0x0000,0x0000,0x0000,0x0000,0x0000,0x0000,0x0000,0x0000,
    0x0000,0x0000,0x0000,0x0000,0x0000,0x0000,0x0000,0x0000,0x0000,0x0000,0x0000,0x0000,
    0x0000,0x0000,0x0000,0x0000,0x0000,0x0000,0x0000,0x0000,0x0000,0x0000,0x0000,0x0000,
    0x0000,0x0000,0x0000,0x0000,0xC449,0xCABC,0x6CD5,0xADFE,0xCBF5,0x6DFE,0xF4FF,0x6CAC,
    0x8218,0x0000,0x0000,0x0000,0x0000,0x0000,0x0000,0x0000,0x0100,0x6339,0xC89B,0xCFFE,
    0xF2FF,0x92FF,0x71FF,0x91FF,0xB2FF,0xD2FF,0x30FF,0x4EF6,0x2FEE,0x10EE,0x50F6,0xEB93,
    0xA86A,0xA318,0x0000,0x0000,0x0000,0x0000,0x0000,0x0000,0x0000,0x0000,0x0000,0x0000,
    0x0000,0x0000,0x0000,0x0000,0x0000,0x0000,0x0000,0x0000,0x0000,0x0000,0x0000,0x0000,
    0x0000,0x0000,0x0000,0x0000,0x0000,0x0000,0x0000,0x0000,0x0000,0x0000,0x0000,0x0000,
    0x0000,0x0000,0x0000,0x0000,0x0000,0x0000,0x0000,0x0000,0x0000,0x0200,0x0200,0x0000,
    0x0000,0x0200,0x424A,0x0173,0x00A4,0x60F6,0x20EE,0xA2DD,0xC241,0x0200,0x0000,0x0000,
    0x0200,0x0200,0x0000,0x0000,0x0000,0x0000,0x0000,0x0000,0x0000,0x0000,0x0000,0x0000,
    0x0000,0x0000,0x0000,0x0000,0x0000,0x0000,0x0000,0x0000,0x0000,0x0000,0x0000,0x0000,
    0x0000,0x0000,0x0000,0x0000,0x0000,0x0000,0x0000,0x0000,0x0000,0x0000,0x0000,0x0000,
    0x0000,0x0000,0x0000,0x0000,0x0000,0x0000,0x0000,0x0000,0x0000,0x0000,0x0000,0x0000,
    0x0000,0x0000,0x0000,0x0000,0x0000,0x0000,0x0000,0x0000,0x0000,0x0000,0x0000,0x0000,
    0x0000,0x0000,0x0000,0x0000,0x0000,0x0000,0x0000,0x0000,0x0000,0xE672,0x0BC5,0x0CF6,
    0x6DFE,0xEBF5,0xEBF5,0x91FF,0x72FF,0x0B9C,0xA318,0x0000,0x0000,0x0000,0x4439,0xE9A3,
    0x0CF6,0x6FFF,0x4EFF,0x4CFE,0xCBF5,0xCBF5,0xCBF5,0xCBF5,0xCBF5,0xCBF5,0x0BFE,0x6CFE,
    0x8DFE,0xADFE,0xADFE,0x91FF,0xB1FF,0x11FF,0xEDBC,0x4431,0x0100,0x0000,0x0000,0x0000,
    0x0000,0x0000,0x0000,0x0000,0x0000,0x0000,0x0000,0x0000,0x0000,0x0000,0x0000,0x0000,
    0x0000,0x0000,0x0000,0x0000,0x0000,0x0000,0x0000,0x0000,0x0000,0x0000,0x0000,0x0000,
    0x0000,0x0000,0x0000,0x0000,0x0000,0x0000,0x0000,0x0000,0x0000,0x0000,0x0000,0x0000,
    0x0000,0x0000,0x0000,0x0000,0x0100,0x424A,0xE2FF,0x80FF,0x40FF,0xE0FE,0x40FE,0x20FE,
    0xC0FF,0x8162,0x0200,0x0000,0x0000,0x0000,0x0000,0x0000,0x0000,0x0000,0x0000,0x0000,
    0x0000,0x0000,0x0000,0x0000,0x0000,0x0000,0x0000,0x0000,0x0000,0x0000,0x0000,0x0000,
    0x0000,0x0000,0x0000,0x0000,0x0000,0x0000,0x0000,0x0000,0x0000,0x0000,0x0000,0x0000,
    0x0000,0x0000,0x0000,0x0000,0x0000,0x0000,0x0000,0x0000,0x0000,0x0000,0x0000,0x0000,
    0x0000,0x0000,0x0000,0x0000,0x0000,0x0000,0x0000,0x0000,0x0000,0x0000,0x0000,0x0000,
    0x0000,0x0000,0x0000,0x0000,0x0000,0x0000,0x0000,0x0000,0x0000,0x0000,0x0000,0x0000,
    0x0000,0x6210,0x28A4,0x89B4,0xECF5,0x6CFE,0x0CF6,0xCBED,0x0BFE,0x6FFF,0xCFFE,0x4CD5,
    0x0000,0x465A,0xAFFF,0x4EFF,0x6DFE,0x0CF6,0xECF5,0x0CF6,0x2CF6,0x2CF6,0x2CF6,0x2CF6,
    0x2CF6,0x2CF6,0x0CF6,0x0CF6,0x0CF6,0x0CF6,0x0CF6,0xCBF5,0xCBF5,0x2CFE,0x0EFF,0xB1FF,
    0x2FF6,0xEA9B,0x074A,0x0000,0x0000,0x0000,0x0000,0x0000,0x0000,0x0000,0x0000,0x0000,
    0x0000,0x0000,0x0000,0x0000,0x0000,0x0000,0x0000,0x0000,0x0000,0x0000,0x0000,0x0000,
    0x0000,0x0000,0x0000,0x0000,0x0000,0x0000,0x0000,0x0000,0x0000,0x0000,0x0000,0x0000,
    0x0000,0x0000,0x0000,0x0000,0x0000,0x0000,0x0000,0x0000,0xA120,0xE1FF,0x02FF,0xC0FD,
    0xA0AB,0x008B,0x00ED,0x40FE,0x60FF,0xC0AB,0x0200,0x0000,0x0000,0x0000,0x0000,0x0000,
    0x0000,0x0000,0x0000,0x0000,0x0000,0x0000,0x0000,0x0000,0x0000,0x0000,0x0000,0x0000,
    0x0000,0x0000,0x0000,0x0000,0x0000,0x0000,0x0000,0x0000,0x0000,0x0000,0x0000,0x0000,
    0x0000,0x0000,0x0000,0x0000,0x0000,0x0000,0x0000,0x0000,0x0000,0x0000,0x0000,0x0000,
    0x0000,0x0000,0x0000,0x0000,0x0000,0x0000,0x0000,0x0000,0x0000,0x0000,0x0000,0x0000,
    0x0000,0x0000,0x0000,0x0000,0x0000,0x0000,0x0000,0x0000,0x0000,0x0000,0x0000,0x0000,
    0x0000,0x0000,0x0000,0x0000,0x0000,0x0000,0x6210,0x29A4,0x0BC5,0x2DF6,0x6DFE,0x4CFE,
    0x4CFE,0x0CFE,0x6CFE,0x2EFF,0x0CF6,0xCEFE,0x4CFE,0xECED,0x0CF6,0x0CF6,0x2CF6,0x2CF6,
    0x0CF6,0x0CF6,0x0CF6,0x0CF6,0x0CF6,0x2CF6,0x2CF6,0x2CF6,0x2CF6,0x2CF6,0x2CF6,0x2CF6,
    0x2CF6,0x0CF6,0xECF5,0xEBF5,0x8CFE,0x4FFF,0x91FF,0x4DD5,0x0873,0x4208,0x0000,0x0000,
    0x0000,0x0000,0x0000,0x0000,0x0000,0x0000,0x0000,0x0000,0x0000,0x0000,0x0000,0x0000,
    0x0000,0x0000,0x0000,0x0000,0x0000,0x0000,0x0000,0x0000,0x0000,0x0000,0x0000,0x0000,
    0x0000,0x0000,0x0000,0x0000,0x0000,0x0000,0x0000,0x0000,0x0000,0x0000,0x0000,0x0000,
    0x0200,0xA1A3,0x60D4,0x0110,0x0200,0x0200,0x0100,0x016A,0xE08A,0x6110,0x0200,0x0000,
    0x0000,0x0000,0x0000,0x0000,0x0000,0x0000,0x0000,0x0000,0x0000,0x0000,0x0000,0x0000,
    0x0000,0x0000,0x0000,0x0000,0x0000,0x0000,0x0000,0x0000,0x0000,0x0000,0x0000,0x0000,
    0x0000,0x0000,0x0000,0x0000,0x0000,0x0000,0x0000,0x0000,0x0000,0x0000,0x0000,0x0000,
    0x0000,0x0000,0x0000,0x0000,0x0000,0x0000,0x0000,0x0000,0x0000,0x0000,0x0000,0x0000,
    0x0000,0x0000,0x0000,0x0000,0x0000,0x0000,0x0000,0x0000,0x0000,0x0000,0x0000,0x0000,
    0x0000,0x0000,0x0000,0x0000,0x0000,0x0000,0x0000,0x0000,0x0000,0x0000,0x0000,0x6110,
    0x28AC,0xCABC,0xEEE5,0x0EEE,0xEAC4,0xADDD,0xE99B,0x4CFE,0x2CFE,0x0CF6,0x0CF6,0x2CF6,
    0x2CF6,0x2CF6,0x2CF6,0x2CF6,0x2CF6,0x2CF6,0x2CF6,0x2CF6,0x2CF6,0x2CF6,0x0CF6,0x2CF6,
    0x2CF6,0x2CF6,0x0CF6,0x0CF6,0x2CF6,0x2CF6,0x2CF6,0x2CF6,0x0CF6,0xEBF5,0xEBF5,0xCDFE,
    0xB0FF,0x11FF,0x8A83,0x0100,0x0000,0x0000,0x0000,0x0000,0x0000,0x0000,0x0000,0x0000,
    0x0000,0x0000,0x0000,0x0000,0x0000,0x0000,0x0000,0x0000,0x0000,0x0000,0x0000,0x0000,
    0x0000,0x0000,0x0000,0x0000,0x0000,0x0000,0x0000,0x0000,0x0000,0x0000,0x0000,0x0000,
    0x0000,0x0000,0x0000,0x0000,0x0000,0x0100,0x0100,0x0000,0x0000,0x0000,0x0000,0x0200,
    0x0100,0x0100,0x0000,0x0000,0x0000,0x0000,0x0000,0x0000,0x0000,0x0000,0x0000,0x0000,
    0x0000,0x0000,0x0000,0x0000,0x0000,0x0000,0x0000,0x0000,0x0000,0x0000,0x0000,0x0000,
    0x0000,0x0000,0x0000,0x0000,0x0000,0x0000,0x0000,0x0000,0x0000,0x0000,0x0000,0x0000,
    0x0000,0x0000,0x0000,0x0000,0x0000,0x0000,0x0000,0x0000,0x0000,0x0000,0x0000,0x0000,
    0x0000,0x0000,0x0000,0x0000,0x0000,0x0000,0x0000,0x0000,0x0000,0x0000,0x0000,0x0000,
    0x0000,0x0000,0x0000,0x0000,0x0000,0x0000,0x0000,0x0000,0x0000,0x0000,0x0000,0x0000,
    0x0000,0x0000,0x0000,0x0000,0x4110,0x29AC,0x0AC5,0xA9BC,0x69B4,0x2108,0xC9C4,0xADFE,
    0xECF5,0x0CF6,0x2CF6,0x0CF6,0x2CF6,0x2CF6,0x2CF6,0x2CF6,0x2CF6,0x2CF6,0x2CF6,0x2CF6,
    0x2CF6,0x2CF6,0x2CF6,0x2CF6,0x2CF6,0x2CF6,0x2CF6,0x2CF6,0x2CF6,0x2CF6,0x2CF6,0x2CF6,
    0x2CF6,0x2CF6,0x2CF6,0x0CF6,0xCBF5,0x4CFE,0x90FF,0x31FF,0xA86A,0x0000,0x0000,0x0000,
    0x0000,0x0000,0x0000,0x0000,0x0000,0x0000,0x0000,0x0000,0x0000,0x0000,0x0000,0x0000,
    0x0000,0x0000,0x0000,0x0000,0x0000,0x0000,0x0000,0x0000,0x0000,0x0000,0x0000,0x0000,
    0x0000,0x0000,0x0000,0x0000,0x0000,0x0000,0x0000,0x0000,0x0000,0x0000,0x0000,0x0000,
    0x0100,0x0200,0x0200,0x0000,0x0000,0x0000,0x0000,0x0000,0x0000,0x0000,0x0000,0x0000,
    0x0000,0x0000,0x0000,0x0000,0x0000,0x0000,0x0000,0x0000,0x0000,0x0000,0x0000,0x0000,
    0x0000,0x0000,0x0000,0x0000,0x0000,0x0000,0x0000,0x0000,0x0000,0x0000,0x0000,0x0000,
    0x0000,0x0000,0x0000,0x0000,0x0000,0x0000,0x0000,0x0000,0x0000,0x0000,0x0000,0x0000,
    0x0000,0x0000,0x0000,0x0000,0x0000,0x0000,0x0000,0x0000,0x0000,0x0000,0x0000,0x0000,
    0x0000,0x0000,0x0000,0x0000,0x0000,0x0000,0x0000,0x0000,0x0000,0x0000,0x0000,0x0000,
    0x0000,0x0000,0x0000,0x0000,0x0000,0x0000,0x0000,0x0000,0x0000,0x0000,0x8662,0xAAB4,
    0xC220,0x69B4,0x2EFF,0xECF5,0x2CF6,0x2CF6,0x2CF6,0x2CF6,0x2CF6,0x2CF6,0x2CF6,0x2CF6,
    0x2CF6,0x2CF6,0x0CF6,0x2CF6,0x2CF6,0x2CF6,0x2CF6,0x2CF6,0x2CF6,0x2CF6,0x2CF6,0x2CF6,
    0x2CF6,0x2CF6,0x2CF6,0x2CF6,0x2CF6,0x0CF6,0x2CF6,0x2CF6,0x2CF6,0x0CF6,0xCBED,0x4CFE,
    0x90FF,0x0DC5,0x4208,0x0000,0x0000,0x0000,0x0000,0x0000,0x0000,0x0000,0x0000,0x0000,
    0x0000,0x0000,0x0000,0x0000,0x0000,0x0000,0x0000,0x0000,0x0000,0x0000,0x0000,0x0000,
    0x0000,0x0000,0x0000,0x0000,0x0000,0x0000,0x0000,0x0000,0x0000,0x0000,0x0000,0x0000,
    0x0000,0x0000,0x0100,0x2208,0xA283,0x419C,0x4131,0x0200,0x0000,0x0000,0x0000,0x0000,
    0x0000,0x0000,0x0000,0x0000,0x0000,0x0000,0x0000,0x0000,0x0000,0x0000,0x0000,0x0000,
    0x0000,0x0000,0x0000,0x0000,0x0000,0x0000,0x0000,0x0000,0x0000,0x0000,0x0000,0x0000,
    0x0000,0x0000,0x0000,0x0000,0x0000,0x0000,0x0000,0x0000,0x0000,0x0000,0x0000,0x0000,
    0x0000,0x0000,0x0000,0x0000,0x0000,0x0000,0x0000,0x0000,0x0000,0x0000,0x0000,0x0000,
    0x0000,0x0000,0x0000,0x0000,0x0000,0x0000,0x0000,0x0000,0x0000,0x0000,0x0000,0x0000,
    0x0000,0x0000,0x0000,0x0000,0x0000,0x0000,0x0000,0x0000,0x0000,0x0000,0x0000,0x0000,
    0x0000,0x0000,0x0100,0x0000,0xA672,0xAFFF,0xECF5,0x2CF6,0x0CF6,0x2CF6,0x2CF6,0x2CF6,
    0x2CF6,0x2CF6,0x2CF6,0x2CF6,0x2CF6,0x0CF6,0x2CF6,0x2CF6,0x2CF6,0x0CF6,0x2CF6,0x2CF6,
    0x2CF6,0x2CF6,0x2CF6,0x2CF6,0x2CF6,0x2CF6,0x2CF6,0x2CF6,0x2CF6,0x2CF6,0x2CF6,0x2CF6,
    0x2CF6,0x2CF6,0x2CFE,0x0CF6,0xEBF5,0x0EFF,0x30FF,0xC86A,0x0000,0x0000,0x0000,0x0000,
    0x0000,0x0000,0x0000,0x0000,0x0000,0x0000,0x0000,0x0000,0x0000,0x0000,0x0000,0x0000,
    0x0000,0x0000,0x0000,0x0000,0x0000,0x0000,0x0000,0x0000,0x0000,0x0000,0x0000,0x0000,
    0x0000,0x0000,0x0000,0x0000,0x0000,0x0000,0x4208,0x82FF,0xE0FF,0x60FF,0xE0FF,0xC172,
    0x0200,0x0000,0x0000,0x0000,0x0000,0x0000,0x0000,0x0000,0x0000,0x0000,0x0000,0x0000,
    0x0000,0x0000,0x0000,0x0000,0x0000,0x0000,0x0000,0x0000,0x0000,0x0000,0x0000,0x0000,
    0x0000,0x0000,0x0000,0x0000,0x0000,0x0000,0x0000,0x0000,0x0000,0x0000,0x0000,0x0000,
    0x0000,0x0000,0x0000,0x0000,0x0000,0x0000,0x0000,0x0000,0x0000,0x0000,0x0000,0x0000,
    0x0000,0x0000,0x0000,0x0000,0x0000,0x0000,0x0000,0x0000,0x0000,0x0000,0x0000,0x0000,
    0x0000,0x0000,0x0000,0x0000,0x0000,0x0000,0x0000,0x0000,0x0000,0x0000,0x0000,0x0000,
    0x0000,0x0000,0x0000,0x0000,0x0000,0x0000,0x0000,0x2331,0x4EFF,0x0CFE,0x0CF6,0x2CF6,
    0x2CF6,0x2CF6,0x2CF6,0x2CF6,0x2CF6,0x2CF6,0x2CF6,0x2CF6,0x0CF6,0x2CF6,0x0CF6,0x0CF6,
    0x2CF6,0x2CF6,0x2CF6,0x2CF6,0x2CF6,0x2CF6,0x2CF6,0x2CF6,0x2CF6,0x2CF6,0x2CF6,0x2CF6,
    0x2CF6,0x2CF6,0x2CF6,0x2CF6,0x2CF6,0x2CF6,0x0CF6,0x2CF6,0x2CF6,0xECF5,0x2BFE,0xF1FF,
    0xEA9B,0x0100,0x0000,0x0000,0x0000,0x0000,0x0000,0x0000,0x0000,0x0000,0x0000,0x0000,
    0x0000,0x0000,0x0000,0x0000,0x0000,0x0000,0x0000,0x0000,0x0000,0x0000,0x0000,0x0000,
    0x0000,0x0000,0x0000,0x0000,0x0000,0x0000,0x0000,0x0000,0x0000,0x0100,0xC28B,0xE0FF,
    0x00F6,0xE0F5,0xE1FE,0xA0FE,0x0100,0x0000,0x0000,0x0000,0x0000,0x0000,0x0000,0x0000,
    0x0000,0x0000,0x0000,0x0000,0x0000,0x0000,0x0000,0x0000,0x0000,0x0000,0x0000,0x0000,
    0x0000,0x0000,0x0000,0x0000,0x0000,0x0000,0x0000,0x0000,0x0000,0x0000,0x0000,0x0000,
    0x0000,0x0000,0x0000,0x0000,0x0000,0x0000,0x0000,0x0000,0x0000,0x0000,0x0000,0x0000,
    0x0000,0x0000,0x0000,0x0000,0x0000,0x0000,0x0000,0x0000,0x0000,0x0000,0x0000,0x0000,
    0x0000,0x0000,0x0000,0x0000,0x0000,0x0000,0x0000,0x0000,0x0000,0x0000,0x0000,0x0000,
    0x0000,0x0000,0x0000,0x0000,0x0000,0x0000,0x0000,0x0000,0x0000,0x0000,0x0000,0x69B4,
    0x0EFF,0xECF5,0x2CF6,0x2CF6,0x2CF6,0x2CF6,0x2CF6,0x2CF6,0x2CF6,0x2CF6,0x2CF6,0x2CF6,
    0x2CF6,0x2CF6,0x0CF6,0x2CF6,0x0CF6,0x0CF6,0x2CF6,0x2CF6,0x2CF6,0x2CF6,0x2CF6,0x2CF6,
    0x2CF6,0x2CF6,0x2CF6,0x2CF6,0x2CF6,0x2CF6,0x2CF6,0x2CF6,0x2CF6,0x2CF6,0x2CF6,0x2CF6,
    0x2CF6,0x2CF6,0x0CF6,0xEBF5,0x4FFF,0x11FF,0x2429,0x0000,0x0000,0x0000,0x0000,0x0000,
    0x0000,0x0000,0x0000,0x0000,0x0000,0x0000,0x0000,0x0000,0x0000,0x0000,0x0000,0x0000,
    0x0000,0x0000,0x0000,0x0000,0x0000,0x0000,0x0000,0x0000,0x0000,0x0000,0x0000,0x0000,
    0x0000,0x0200,0x219C,0xE2FF,0x41F6,0x60FE,0xE1FE,0xA0FD,0x0110,0x0000,0x0000,0x0000,
    0x0000,0x0000,0x0000,0x0000,0x0000,0x0000,0x0000,0x0000,0x0000,0x0000,0x0000,0x0000,
    0x0000,0x0000,0x0000,0x0000,0x0000,0x0000,0x0000,0x0000,0x0000,0x0000,0x0000,0x0000,
    0x0000,0x0000,0x0000,0x0000,0x0000,0x0000,0x0000,0x0000,0x0000,0x0000,0x0000,0x0000,
    0x0000,0x0000,0x0000,0x0000,0x0000,0x0000,0x0000,0x0000,0x0000,0x0000,0x0000,0x0000,
    0x0000,0x0000,0x0000,0x0000,0x0000,0x0000,0x0000,0x0000,0x0000,0x0000,0x0000,0x0000,
    0x0000,0x0000,0x0000,0x0000,0x0000,0x0000,0x0000,0x0000,0x0000,0x0000,0x0000,0x0000,
    0x0000,0x0000,0xE328,0x4EFF,0x0CF6,0x0CF6,0x2CF6,0x2CF6,0x2CF6,0x2CF6,0x2CF6,0x2CF6,
    0x2CF6,0x2CF6,0x2CF6,0x2CF6,0x2CF6,0x2CF6,0x0CF6,0x0CF6,0x2CF6,0x2CF6,0x0CF6,0x2CF6,
    0x2CF6,0x2CF6,0x2CF6,0x2CF6,0x2CF6,0x2CF6,0x2CF6,0x2CF6,0x2CF6,0x2CF6,0x2CF6,0x2CF6,
    0x2CF6,0x2CF6,0x2CF6,0x2CF6,0x2CF6,0x2CF6,0x2CF6,0x2CF6,0xCBF5,0xCDFE,0xB0FE,0x4210,
    0x0000,0x0000,0x0000,0x0000,0x0000,0x0000,0x0000,0x0000,0x0000,0x0000,0x0000,0x0000,
    0x0000,0x0000,0x0000,0x0000,0x0000,0x0000,0x0000,0x0000,0x0000,0x0000,0x0000,0x0000,
    0x0000,0x0000,0x0000,0x0000,0x0000,0x0200,0xA120,0xA0FE,0xA0FF,0x20FF,0xE0FE,0x81A2,
    0x0200,0x0000,0x0000,0x0000,0x0000,0x0000,0x0000,0x0000,0x0000,0x0000,0x0000,0x0000,
    0x0000,0x0000,0x0000,0x0000,0x0000,0x0000,0x0000,0x0000,0x0000,0x0000,0x0000,0x0000,
    0x0000,0x0000,0x0000,0x0000,0x0000,0x0000,0x0000,0x0000,0x0000,0x0000,0x0000,0x0000,
    0x0000,0x0000,0x0000,0x0000,0x0000,0x0000,0x0000,0x0000,0x0000,0x0000,0x0000,0x0000,
    0x0000,0x0000,0x0000,0x0000,0x0000,0x0000,0x0000,0x0000,0x0000,0x0000,0x0000,0x0000,
    0x0000,0x0000,0x0000,0x0000,0x0000,0x0000,0x0000,0x0000,0x0000,0x0000,0x0000,0x0000,
    0x0000,0x0000,0x0000,0x0000,0x0000,0x0000,0x69B4,0x2EFF,0xECF5,0x2CF6,0x2CF6,0x2CF6,
    0x2CF6,0x2CF6,0x2CF6,0x2CF6,0x2CF6,0x0CF6,0x2CF6,0x0CF6,0x0CF6,0x2CF6,0x0CF6,0x2CF6,
    0x0CF6,0x2CF6,0x2CF6,0x0CF6,0x2CF6,0x2CF6,0x2CF6,0x2CF6,0x2CF6,0x2CF6,0x2CF6,0x2CF6,
    0x2CF6,0x2CF6,0x2CF6,0x2CF6,0x2CF6,0x2CF6,0x2CF6,0x2CF6,0x2CF6,0x2CF6,0x2CF6,0x0CF6,
    0x2CF6,0xECF5,0xCDFE,0xEFFE,0x2108,0x0000,0x0000,0x0000,0x0000,0x0000,0x0000,0x0000,
    0x0000,0x0000,0x0000,0x0000,0x0000,0x0000,0x0000,0x0000,0x0000,0x0000,0x0000,0x0000,
    0x0000,0x0000,0x0000,0x0000,0x0000,0x0000,0x0000,0x0000,0x0000,0x0000,0x0200,0x2110,
    0xA1B3,0x40E4,0xC079,0x0100,0x0000,0x0000,0x0000,0x0000,0x0000,0x0000,0x0000,0x0000,
    0x0000,0x0000,0x0000,0x0000,0x0000,0x0000,0x0000,0x0000,0x0000,0x0000,0x0000,0x0000,
    0x0000,0x0000,0x0000,0x0000,0x0000,0x0000,0x0000,0x0000,0x0000,0x0000,0x0000,0x0000,
    0x0000,0x0000,0x0000,0x0000,0x0000,0x0000,0x0000,0x0000,0x0000,0x0000,0x0000,0x0000,
    0x0000,0x0000,0x0000,0x0000,0x0000,0x0000,0x0000,0x0000,0x0000,0x0000,0x0000,0x0000,
    0x0000,0x0000,0x0000,0x0000,0x0000,0x0000,0x0000,0x0000,0x0000,0x0000,0x0000,0x0000,
    0x0000,0x0000,0x0000,0x0000,0x0000,0x0000,0x0000,0x0000,0x0000,0x6439,0x0EFF,0x2CFE,
    0x0CF6,0x2CF6,0x2CF6,0x2CF6,0x2CF6,0x2CF6,0x2CF6,0x2CF6,0x2CF6,0x2CF6,0x0CF6,0x6DFE,
    0x2CFE,0x0CF6,0x2CF6,0x2CF6,0x2CF6,0x2CF6,0x2CF6,0x0CF6,0x2CF6,0x0CF6,0x2CF6,0x2CF6,
    0x2CF6,0x2CF6,0x2CF6,0x2CF6,0x2CF6,0x2CF6,0x2CF6,0x2CF6,0x2CF6,0x2CF6,0x2CF6,0x2CF6,
    0x2CF6,0x2CF6,0x2CF6,0x2CF6,0x2CF6,0x0CF6,0xCCED,0x6CFE,0x2FFF,0x6A83,0x0000,0x0000,
    0x0000,0x0000,0x0000,0x0000,0x0000,0x0000,0x0000,0x0000,0x0000,0x0000,0x0000,0x0000,
    0x0000,0x0000,0x0000,0x0000,0x0000,0x0000,0x0000,0x0000,0x0000,0x0000,0x0000,0x0000,
    0x0000,0x0000,0x0000,0x0100,0x0100,0x0100,0x0200,0x0000,0x0000,0x0000,0x0000,0x0000,
    0x0000,0x0000,0x0000,0x0000,0x0000,0x0000,0x0000,0x0000,0x0000,0x0000,0x0000,0x0000,
    0x0000,0x0000,0x0000,0x0000,0x0000,0x0000,0x0000,0x0000,0x0000,0x0000,0x0000,0x0000,
    0x0000,0x0000,0x0000,0x0000,0x0000,0x0000,0x0000,0x0000,0x0000,0x0000,0x0000,0x0000,
    0x0000,0x0000,0x0000,0x0000,0x0000,0x0000,0x0000,0x0000,0x0000,0x0000,0x0000,0x0000,
    0x0000,0x0000,0x0000,0x0000,0x0000,0x0000,0x0000,0x0000,0x0000,0x0000,0x0000,0x0000,
    0x0000,0x0000,0x0000,0x0000,0x0000,0x0000,0x0000,0x0000,0x0000,0x0000,0x0000,0x0000,
    0x0000,0x8439,0x6FFF,0xECF5,0x2CF6,0x2CF6,0x2CF6,0x2CF6,0x2CF6,0x2CF6,0x2CF6,0x2CF6,
    0x2CF6,0x0CF6,0x6DFE,0xEAC4,0xECED,0x4CFE,0x0CF6,0x2CF6,0x0CF6,0x0CF6,0x2CF6,0x0CF6,
    0x2CF6,0x2CF6,0x2CF6,0x2CF6,0x2CF6,0x2CF6,0x2CF6,0x2CF6,0x2CF6,0x2CF6,0x2CF6,0x2CF6,
    0x2CF6,0x2CF6,0x2CF6,0x2CF6,0x2CF6,0x0CF6,0x2CF6,0x2CF6,0xECF5,0x8DFE,0x4EFF,0x0EFF,
    0xADFE,0x8762,0x0329,0xE872,0x8762,0xC86A,0xA76A,0x0100,0x0000,0x0000,0x0000,0x0000,
    0x0000,0x0000,0x0000,0x0000,0x0000,0x0000,0x0000,0x0000,0x0000,0x0000,0x0000,0x0000,
    0x0000,0x0000,0x0000,0x0000,0x0000,0x0000,0x0000,0x0000,0x0000,0x0000,0x0000,0x0000,
    0x0000,0x0000,0x0000,0x0000,0x0000,0x0000,0x0000,0x0000,0x0000,0x0000,0x0000,0x0000,
    0x0000,0x0000,0x0000,0x0000,0x0000,0x0000,0x0000,0x0000,0x0000,0x0000,0x0000,0x0000,
    0x0000,0x0000,0x0000,0x0000,0x0000,0x0000,0x0000,0x0000,0x0000,0x0000,0x0000,0x0000,
    0x0000,0x0000,0x0000,0x0000,0x0000,0x0000,0x0000,0x0000,0x0000,0x0000,0x0000,0x0000,
    0x0000,0x0000,0x0000,0x0000,0x0000,0x0000,0x0000,0x0000,0x0000,0x0000,0x0000,0x0000,
    0x0000,0x0000,0x0000,0x0000,0x0000,0x0000,0x0000,0x0000,0x0000,0x0000,0x0000,0x0000,
    0x0000,0x0000,0x0000,0x0000,0x0000,0x678B,0x2EFF,0xECF5,0x2CF6,0x2CF6,0x2CF6,0x2CF6,
    0x2CF6,0x2CF6,0x2CF6,0x2CF6,0x2CF6,0x0CF6,0xCEFE,0xA56A,0xABE5,0x6DFE,0x0CF6,0x2CF6,
    0x0CF6,0x2CF6,0x2CF6,0x0CF6,0x2CF6,0x0CF6,0x2CF6,0x0CF6,0x0CF6,0x2CF6,0x0CF6,0x2CF6,
    0x2CF6,0x2CF6,0x2CF6,0x2CF6,0x2CF6,0x2CF6,0x2CF6,0x0CF6,0x2CF6,0x2CF6,0x0CF6,0x0CF6,
    0x4EFF,0x2CF6,0x4239,0x478B,0x8AB4,0xF0E5,0xF4FF,0x4EFF,0x6FFF,0xB0FF,0x6FFF,0x8EFE,
    0x69B4,0x0000,0x0000,0x0100,0xC549,0xC86A,0x0000,0x0000,0x0000,0x0000,0x0000,0x0000,
    0x0000,0x0000,0x0000,0x0000,0x0000,0x0000,0x0000,0x0000,0x0000,0x0000,0x0000,0x0000,
    0x0000,0x0000,0x0000,0x0000,0x0000,0x0000,0x0000,0x0000,0x0000,0x0000,0x0000,0x0000,
    0x0000,0x0000,0x0000,0x0000,0x0000,0x0000,0x0000,0x0000,0x0000,0x0000,0x0000,0x0000,
    0x0000,0x0000,0x0000,0x0000,0x0000,0x0000,0x0000,0x0000,0x0000,0x0000,0x0000,0x0000,
    0x0000,0x0000,0x0000,0x0000,0x0000,0x0000,0x0000,0x0000,0x0000,0x0000,0x0000,0x0000,
    0x0000,0x0000,0x0000,0x0000,0x0000,0x0000,0x0000,0x0000,0x0000,0x0000,0x0000,0x0000,
    0x0000,0x0000,0x0000,0x0000,0x0000,0x0000,0x0000,0x0000,0x0000,0x0000,0x0000,0x0000,
    0x0000,0x0000,0x0000,0x0000,0x0000,0x0000,0x0000,0x0000,0x0000,0xEAC4,0x0EFF,0xECF5,
    0x2CF6,0x2CF6,0x2CF6,0x2CF6,0x2CF6,0x2CF6,0x2CF6,0x2CF6,0x2CF6,0x0CF6,0xCDFE,0x2BA4,
    0x0ACD,0x8DFE,0x0CF6,0x2CF6,0x0CF6,0x2CF6,0x0CF6,0x0CF6,0x2CF6,0x0CF6,0x2CF6,0x0CF6,
    0x4CFE,0x0CF6,0x2CF6,0x2CF6,0x2CF6,0x2CF6,0x2CF6,0x2CF6,0x2CF6,0x2CF6,0x2CF6,0x0CF6,
    0x2CF6,0x0CF6,0x2CFE,0x6FFF,0xA89B,0x0000,0x675A,0x4ECD,0xA641,0x0000,0x2FF6,0xEDFE,
    0xEBF5,0xCBED,0xEBF5,0x4CFE,0x4EFF,0xADFE,0xC451,0x0000,0xC318,0x73FF,0x30EE,0xA541,
    0x0000,0x0000,0x0000,0x0000,0x0000,0x0000,0x0000,0x0000,0x0000,0x0000,0x0000,0x0000,
    0x0000,0x0000,0x0000,0x0000,0x0000,0x0000,0x0000,0x0000,0x0000,0x0000,0x0000,0x0000,
    0x0000,0x0000,0x0000,0x0000,0x0000,0x0000,0x0000,0x0000,0x0000,0x0000,0x0000,0x0000,
    0x0000,0x0000,0x0000,0x0000,0x0000,0x0000,0x0000,0x0000,0x0000,0x0000,0x0000,0x0000,
    0x0000,0x0000,0x0000,0x0000,0x0000,0x0000,0x0000,0x0000,0x0000,0x0000,0x0000,0x0000,
    0x0000,0x0000,0x0000,0x0000,0x0000,0x0000,0x0000,0x0000,0x0000,0x0000,0x0000,0x0000,
    0x0000,0x0000,0x0000,0x0000,0x0000,0x0000,0x0000,0x0000,0x0000,0x0000,0x0000,0x0000,
    0x0000,0x0000,0x0000,0x0000,0x0000,0x0000,0x0000,0x0000,0x0000,0x0000,0x0000,0x0000,
    0x0000,0x89BC,0xEEFE,0xECF5,0x2CF6,0x2CF6,0x2CF6,0x2CF6,0x2CF6,0x2CF6,0x2CF6,0x2CF6,
    0x2CF6,0x0CF6,0xCEFE,0xCCB4,0x878B,0x0EFF,0xECF5,0x0CF6,0x2CF6,0x2CF6,0x0CF6,0x2CF6,
    0x0CF6,0x2CF6,0x0CF6,0x6DFE,0x0CF6,0x2CFE,0x0CF6,0x2CF6,0x2CF6,0x2CF6,0x2CF6,0x2CF6,
    0x2CF6,0x0CF6,0x0CF6,0x2CF6,0xECF5,0x8DFE,0xCFFF,0x6339,0x0000,0xACE5,0xD0FF,0x0EFF,
    0xF3FF,0x30E6,0x4208,0xE67A,0xADFE,0x0CF6,0x2CF6,0x0CF6,0xECF5,0x8DFE,0x0EFF,0x4DFE,
    0x2231,0xE549,0xF5FF,0xACB4,0x2331,0x0000,0x0000,0x0000,0x0000,0x0000,0x0000,0x0000,
    0x0000,0x0000,0x0000,0x0000,0x0000,0x0000,0x0000,0x0000,0x0000,0x0000,0x0000,0x0000,
    0x0000,0x0000,0x0000,0x0000,0x0000,0x0000,0x0000,0x0000,0x0000,0x0000,0x0000,0x0000,
    0x0000,0x0000,0x0000,0x0000,0x0000,0x0000,0x0000,0x0000,0x0000,0x0000,0x0000,0x0000,
    0x0000,0x0000,0x0000,0x0000,0x0000,0x0000,0x0000,0x0000,0x0000,0x0000,0x0000,0x0000,
    0x0000,0x0000,0x0000,0x0000,0x0000,0x0000,0x0000,0x0000,0x0000,0x0000,0x0000,0x0000,
    0x0000,0x0000,0x0000,0x0000,0x0000,0x0000,0x0000,0x0000,0x0000,0x0000,0x0000,0x0000,
    0x0000,0x0000,0x0000,0x0000,0x0000,0x0000,0x0000,0x0000,0x0000,0x0000,0x0000,0x0000,
    0x0000,0x0000,0x0000,0x0000,0xE220,0xEDFE,0x2CFE,0x0CF6,0x2CF6,0x2CF6,0x2CF6,0x2CF6,
    0x2CF6,0x2CF6,0x2CF6,0x2CF6,0x0CF6,0x2CFE,0xADFE,0xC449,0xA793,0xCDFE,0x0CF6,0x0CF6,
    0x2CF6,0x0CF6,0x2CF6,0x0CF6,0x2CF6,0xEBF5,0x2FFF,0x0B9C,0xA572,0xEEFE,0xECF5,0x2CF6,
    0x2CF6,0x2CF6,0x2CF6,0x2CF6,0x0CF6,0x0CF6,0x2CF6,0xECF5,0xEEFE,0xECED,0x6110,0xA672,
    0x2EFF,0x8DFE,0x6ADD,0xEBF5,0xCBF5,0xEEFE,0x32FF,0x265A,0x2CFE,0x2CFE,0x0CF6,0x2CF6,
    0x2CF6,0x0CF6,0x0CF6,0xADFE,0x2EFF,0x2CFE,0x6DFE,0x28AC,0xCDB4,0x4110,0x0000,0x0000,
    0x0000,0x0000,0x0000,0x0000,0x0000,0x0000,0x0000,0x0000,0x0000,0x0000,0x0000,0x0000,
    0x0000,0x0000,0x0000,0x0000,0x0000,0x0000,0x0000,0x0000,0x0000,0x0000,0x0000,0x0000,
    0x0000,0x0000,0x0000,0x0000,0x0000,0x0000,0x0000,0x0000,0x0000,0x0000,0x0000,0x0000,
    0x0000,0x0000,0x0000,0x0000,0x0000,0x0000,0x0000,0x0000,0x0000,0x0000,0x0000,0x0000,
    0x0000,0x0000,0x0000,0x0000,0x0000,0x0000,0x0000,0x0000,0x0000,0x0000,0x0000,0x0000,
    0x0000,0x0000,0x0000,0x0000,0x0000,0x0000,0x0000,0x0000,0x0000,0x0000,0x0000,0x0000,
    0x0000,0x0000,0x0000,0x0000,0x0000,0x0000,0x0000,0x0000,0x0000,0x0000,0x0000,0x0000,
    0x0000,0x0000,0x0000,0x0000,0x0000,0x0000,0x0000,0x0000,0xE320,0xEFFE,0x2CFE,0x0CF6,
    0x2CF6,0x2CF6,0x2CF6,0x2CF6,0x2CF6,0x2CF6,0x2CF6,0x0CF6,0x2CFE,0x0DF6,0x8BDD,0xC220,
    0x6BDD,0x2ACD,0x0CF6,0x2CFE,0x0CF6,0x2CF6,0x0CF6,0x2CF6,0x0CF6,0x2CFE,0x12FF,0x0000,
    0x6BDD,0xADFE,0x0CF6,0x2CF6,0x2CF6,0x2CF6,0x2CF6,0x2CF6,0x2CF6,0x2CF6,0xECF5,0xEEFE,
    0x0CF6,0x0000,0xA89B,0x0EFF,0x2AD5,0x2ACD,0x4AD5,0xCBED,0x2DFE,0xCAF5,0xB0FE,0x51FF,
    0x2BFE,0x2CF6,0x2CF6,0x2CF6,0x2CF6,0x2CF6,0x0CF6,0x0CF6,0x0CF6,0x0CF6,0x0EFF,0x07A4,
    0xE641,0xB0FF,0x0000,0x0000,0x0000,0x0000,0x0000,0x0000,0x0000,0x0000,0x0000,0x0000,
    0x0000,0x0000,0x0000,0x0000,0x0000,0x0000,0x0000,0x0000,0x0000,0x0000,0x0000,0x0000,
    0x0000,0x0000,0x0000,0x0000,0x0000,0x0000,0x0000,0x0000,0x0000,0x0000,0x0000,0x0000,
    0x0000,0x0000,0x0000,0x0000,0x0000,0x0000,0x0000,0x0000,0x0000,0x0000,0x0000,0x0000,
    0x0000,0x0000,0x0000,0x0000,0x0000,0x0000,0x0000,0x0000,0x0000,0x0000,0x0000,0x0000,
    0x0000,0x0000,0x0000,0x0000,0x0000,0x0000,0x0000,0x0000,0x0000,0x0000,0x0000,0x0000,
    0x0000,0x0000,0x0000,0x0000,0x0000,0x0000,0x0000,0x0000,0x0000,0x0000,0x0000,0x0000,
    0x0000,0x0000,0x0000,0x0000,0x0000,0x0000,0x0000,0x0000,0x0000,0x0000,0x0000,0x0000,
    0xA318,0xEFFE,0x2CFE,0x0CF6,0x2CF6,0x2CF6,0x2CF6,0x2CF6,0x2CF6,0x2CF6,0x0CF6,0x0CF6,
    0x4DFE,0xAEFE,0x2683,0x0000,0x4BD5,0x4ADD,0x0BCD,0x6FFE,0x2CFE,0x0CF6,0x0CF6,0x0CF6,
    0xEBF5,0xD3FF,0x274A,0x8018,0x6FFF,0x0CF6,0x0CF6,0x2CF6,0x2CF6,0x2CF6,0x2CF6,0x0CF6,
    0x2CF6,0x0CF6,0x8CFE,0x0CF6,0x0000,0x6AAC,0xCDFE,0xEAC4,0x4BD5,0x4AD5,0x4BD5,0x0EEE,
    0x2CFE,0xEBF5,0x10FF,0x52FF,0x0BFE,0x2CF6,0x0CF6,0x2CF6,0x2CF6,0x2CF6,0x2CF6,0x2CF6,
    0x2CF6,0x0CF6,0x2CFE,0xEEFE,0x0000,0x8BDD,0xA89B,0x0000,0x0000,0x0000,0x0000,0x0000,
    0x0000,0x0000,0x0000,0x0000,0x0000,0x0000,0x0000,0x0000,0x0000,0x0000,0x0000,0x0000,
    0x0000,0x0000,0x0000,0x0000,0x0000,0x0000,0x0000,0x0000,0x0000,0x0000,0x0000,0x0000,
    0x0000,0x0000,0x0000,0x0000,0x0000,0x0000,0x0000,0x0000,0x0000,0x0000,0x0000,0x0000,
    0x0000,0x0000,0x0000,0x0000,0x0000,0x0000,0x0000,0x0000,0x0000,0x0000,0x0000,0x0000,
    0x0000,0x0000,0x0000,0x0000,0x0000,0x0000,0x0000,0x0000,0x0000,0x0000,0x0000,0x0000,
    0x0000,0x0000,0x0000,0x0000,0x0000,0x0000,0x0000,0x0000,0x0000,0x0000,0x0000,0x0000,
    0x0000,0x0000,0x0000,0x0000,0x0000,0x0000,0x0000,0x0000,0x0000,0x0000,0x0000,0x0000,
    0x0000,0x0000,0x0000,0x0000,0x2331,0xCEFE,0x0CF6,0x0CF6,0x2CF6,0x2CF6,0x2CF6,0x2CF6,
    0x2CF6,0x0CF6,0x2CF6,0x2CFE,0x2DF6,0x89B4,0x0000,0xE89B,0xCABC,0x4BD5,0x4ADD,0x8DD5,
    0x2EF6,0x4CFE,0x2CFE,0x8EFE,0xEEE5,0x31FF,0x6539,0xE9CC,0xEEFE,0x0CF6,0x2CF6,0x2CF6,
    0x2CF6,0x2CF6,0x2CF6,0x2CF6,0x0CF6,0x4CFE,0x50FF,0x4208,0xACB4,0x4DFE,0x0ACD,0x4BD5,
    0x4BD5,0x4BD5,0x2AD5,0x0FEE,0x0CF6,0xEDFE,0x49AC,0xE328,0x6CFE,0x2CFE,0x0CF6,0x2CF6,
    0x2CF6,0x2CF6,0x2CF6,0x2CF6,0x0CF6,0x2CF6,0x0CF6,0xCDFE,0x2AD5,0x6110,0x4BD5,0x0000,
    0x0000,0x0000,0x0000,0x0000,0x0000,0x0000,0x0000,0x0000,0x0000,0x0000,0x0000,0x0000,
    0x0000,0x0000,0x0000,0x0000,0x0000,0x0000,0x0000,0x0000,0x0000,0x0000,0x0000,0x0000,
    0x0000,0x0000,0x0000,0x0000,0x0000,0x0000,0x0000,0x0000,0x0000,0x0000,0x0000,0x0000,
    0x0000,0x0000,0x0000,0x0000,0x0000,0x0000,0x0000,0x0000,0x0000,0x0000,0x0000,0x0000,
    0x0000,0x0000,0x0000,0x0000,0x0000,0x0000,0x0000,0x0000,0x0000,0x0000,0x0000,0x0000,
    0x0000,0x0000,0x0000,0x0000,0x0000,0x0000,0x0000,0x0000,0x0000,0x0000,0x0000,0x0000,
    0x0000,0x0000,0x0000,0x0000,0x0000,0x0000,0x0000,0x0000,0x0000,0x0000,0x0000,0x0000,
    0x0000,0x0000,0x0000,0x0000,0x0000,0x0000,0x0000,0x0000,0xA9C4,0xCDFE,0x0CF6,0x2CF6,
    0x2CF6,0x2CF6,0x2CF6,0x2CF6,0x0CF6,0x2CFE,0x2CFE,0xEDED,0xCCED,0x0000,0x0000,0x6BD5,
    0xCAC4,0x29A4,0xCAC4,0x4ADD,0x2ACD,0x8CDD,0x6BDD,0xCEDD,0x2DF6,0x846A,0x0000,0x4EFF,
    0x0CF6,0x2CF6,0x2CF6,0x2CF6,0x2CF6,0x2CF6,0x2CF6,0x0CF6,0x0CF6,0x2EFF,0xE649,0xE772,
    0x8DFE,0x0ACD,0x4BD5,0x4BD5,0x4BD5,0x4BD5,0x0ACD,0xADDD,0x4DFE,0xEEFE,0x2008,0x89BC,
    0xCDFE,0x0CF6,0x2CF6,0x2CF6,0x2CF6,0x2CF6,0x2CF6,0x0CF6,0x2CF6,0x2CFE,0x2CF6,0x0CF6,
    0x6FFF,0x856A,0xA9BC,0x678B,0x0000,0x0000,0x0000,0x0000,0x0000,0x0000,0x0000,0x0000,
    0x0000,0x0000,0x0000,0x0000,0x0000,0x0000,0x0000,0x0000,0x0000,0x0000,0x0000,0x0000,
    0x0000,0x0000,0x0000,0x0000,0x0000,0x0000,0x0000,0x0000,0x0000,0x0000,0x0000,0x0000,
    0x0000,0x0000,0x0000,0x0000,0x0000,0x0000,0x0000,0x0000,0x0000,0x0000,0x0000,0x0000,
    0x0000,0x0000,0x0000,0x0000,0x0000,0x0000,0x0000,0x0000,0x0000,0x0000,0x0000,0x0000,
    0x0000,0x0000,0x0000,0x0000,0x0000,0x0000,0x0000,0x0000,0x0000,0x0000,0x0000,0x0000,
    0x0000,0x0000,0x0000,0x0000,0x0000,0x0000,0x0000,0x0000,0x0000,0x0000,0x0000,0x0000,
    0x0000,0x0000,0x0000,0x0000,0x0000,0x0000,0x0000,0x0000,0x0000,0x0000,0x0000,0x6562,
    0x8FFF,0x0CF6,0x2CF6,0x2CF6,0x2CF6,0x2CF6,0x2CF6,0x0CF6,0x2CFE,0x2CFE,0x0DF6,0x2CF6,
    0x4339,0xA220,0x255A,0x0000,0xC893,0xAABC,0x49AC,0x29AC,0x89B4,0x4AD5,0x4BD5,0x0ACD,
    0x4CFE,0x0000,0xC672,0x4EFF,0xECF5,0x2CF6,0x2CF6,0x2CF6,0x2CF6,0x2CF6,0x2CF6,0xECF5,
    0xEEFE,0x28AC,0x0000,0x4AD5,0x4BD5,0x4BD5,0x4BD5,0x4BD5,0x4BD5,0x4BD5,0x0ACD,0xCEDD,
    0x2EFF,0x2683,0x2552,0xCFFF,0xECF5,0x2CF6,0x2CF6,0x2CF6,0x2CF6,0x2CF6,0x0CF6,0x2CF6,
    0x0CF6,0x0CF6,0x2DFE,0xCBED,0x4CFE,0xCCE5,0x8218,0xECED,0x0100,0x0000,0x0000,0x0000,
    0x0000,0x0000,0x0000,0x0000,0x0000,0x0000,0x0000,0x0000,0x0000,0x0000,0x0000,0x0000,
    0x0000,0x0000,0x0000,0x0000,0x0000,0x0000,0x0000,0x0000,0x0000,0x0000,0x0000,0x0000,
    0x0000,0x0000,0x0000,0x0000,0x0000,0x0000,0x0000,0x0000,0x0000,0x0000,0x0000,0x0000,
    0x0000,0x0000,0x0000,0x0000,0x0000,0x0000,0x0000,0x0000,0x0000,0x0000,0x0000,0x0000,
    0x0000,0x0000,0x0000,0x0000,0x0000,0x0000,0x0000,0x0000,0x0000,0x0000,0x0000,0x0000,
    0x0000,0x0000,0x0000,0x0000,0x0000,0x0000,0x0000,0x0000,0x0000,0x0000,0x0000,0x0000,
    0x0000,0x0000,0x0000,0x0000,0x0000,0x0000,0x0000,0x0000,0x0000,0x0000,0x0000,0x0000,
    0x0000,0x0000,0x4339,0x2EFF,0x2CFE,0x0CF6,0x2CF6,0x2CF6,0x2CF6,0x0CF6,0x0CF6,0x4CFE,
    0x0DF6,0xABE5,0x2ACD,0x4339,0x0000,0x6BDD,0x6BD5,0x678B,0x0000,0xC220,0xCABC,0xCAC4,
    0xCABC,0x89B4,0xEAC4,0xCCED,0xCAC4,0x0000,0xCBED,0x8DFE,0x0CF6,0x2CF6,0x2CF6,0x2CF6,
    0x2CF6,0x2CF6,0x2CF6,0xECF5,0x4EFF,0x0329,0x678B,0xABE5,0x4BD5,0x4BD5,0x4BD5,0x4BD5,
    0x4BD5,0x4AD5,0x4BD5,0x50EE,0x4EFF,0x0552,0x49AC,0xCDFE,0x0CF6,0x2CF6,0x2CF6,0x2CF6,
    0x2CF6,0x2CF6,0x0CF6,0x2CFE,0xCBED,0x8AE5,0xEAF5,0xCCE5,0x0EEE,0x2EFF,0x0552,0xE8A3,
    0x8218,0x0000,0x0000,0x0000,0x0000,0x0000,0x0000,0x0000,0x0000,0x0000,0x0000,0x0000,
    0x0000,0x0000,0x0000,0x0000,0x0000,0x0000,0x0000,0x0000,0x0000,0x0000,0x0000,0x0000,
    0x0000,0x0000,0x0000,0x0000,0x0000,0x0000,0x0000,0x0000,0x0000,0x0000,0x0000,0x0000,
    0x0000,0x0000,0x0000,0x0000,0x0000,0x0000,0x0000,0x0000,0x0000,0x0000,0x0000,0x0000,
    0x0000,0x0000,0x0000,0x0000,0x0000,0x0000,0x0000,0x0000,0x0000,0x0000,0x0000,0x0000,
    0x0000,0x0000,0x0000,0x0000,0x0000,0x0000,0x0000,0x0000,0x0000,0x0000,0x0000,0x0000,
    0x0000,0x0000,0x0000,0x0000,0x0000,0x0000,0x0000,0x0000,0x0000,0x0000,0x0000,0x0000,
    0x0000,0x0000,0x0000,0x0000,0x0000,0xC449,0x2EFF,0x6DFE,0x0CF6,0x2CF6,0x2CF6,0x2CF6,
    0x0CF6,0x2CF6,0x4CFE,0xABE5,0x6EFE,0xEACC,0x0000,0x0000,0x0100,0x69AC,0x69B4,0x0AC5,
    0xCABC,0xE451,0x2108,0xE228,0x8562,0xCABC,0xAAB4,0x6BDD,0x2783,0x0329,0x8FFF,0xECF5,
    0x2CF6,0x2CF6,0x2CF6,0x2CF6,0x2CF6,0x2CF6,0x2CF6,0xECF5,0x4EFF,0x8341,0x277B,0x0CF6,
    0x4BD5,0x4BD5,0x4BD5,0x4BD5,0x4BD5,0x2AD5,0xADDD,0x6FFE,0x6CFE,0x4431,0xAFFE,0x4CFE,
    0x0CF6,0x2CF6,0x2CF6,0x2CF6,0x0CF6,0x0CF6,0x0CF6,0x2CFE,0x15FF,0xD5F6,0x50F6,0xB4F6,
    0xB3F6,0xACFE,0x29A4,0xC672,0xA66A,0x0000,0x0000,0x0000,0x0000,0x0000,0x0000,0x0000,
    0x0000,0x0000,0x0000,0x0000,0x0000,0x0000,0x0000,0x0000,0x0000,0x0000,0x0000,0x0000,
    0x0000,0x0000,0x0000,0x0000,0x0000,0x0000,0x0000,0x0000,0x0000,0x0000,0x0000,0x0000,
    0x0000,0x0000,0x0000,0x0000,0x0000,0x0000,0x0000,0x0000,0x0000,0x0000,0x0000,0x0000,
    0x0000,0x0000,0x0000,0x0000,0x0000,0x0000,0x0000,0x0000,0x0000,0x0000,0x0000,0x0000,
    0x0000,0x0000,0x0000,0x0000,0x0000,0x0000,0x0000,0x0000,0x0000,0x0000,0x0000,0x0000,
    0x0000,0x0000,0x0000,0x0000,0x0000,0x0000,0x0000,0x0000,0x0000,0x0000,0x0000,0x0000,
    0x0000,0x0000,0x0000,0x0000,0x0000,0x0000,0x0000,0x0000,0x2108,0x6DFE,0xADFE,0xECF5,
    0x2CF6,0x2CF6,0x0CF6,0x0CF6,0x2CFE,0x2CFE,0xCCE5,0xECED,0x08A4,0x0000,0x0000,0x0000,
    0x0000,0x29A4,0xAABC,0x29AC,0x89B4,0x2ACD,0xAABC,0x277B,0x2331,0x6210,0x077B,0x6BD5,
    0x8218,0xC89B,0x0EFF,0xECF5,0x2CF6,0x2CF6,0x2CF6,0x2CF6,0x2CF6,0x2CF6,0x0CF6,0x2CFE,
    0xCFFF,0x8218,0x4110,0x0CF6,0x4BD5,0x4BD5,0x4BD5,0x4BD5,0x4BD5,0x0AD5,0xCEDD,0x8FFE,
    0x6CFE,0x2331,0x4EF6,0x4CFE,0x0CF6,0x2CF6,0x2CF6,0x0CF6,0xAEFE,0x6DFE,0x0CF6,0x0CF6,
    0x4DFE,0x92F6,0x57FF,0xB4F6,0xEBF5,0x4EFF,0x2CF6,0x866A,0x8662,0x0000,0x0000,0x0000,
    0x0000,0x0000,0x0000,0x0000,0x0000,0x0000,0x0000,0x0000,0x0000,0x0000,0x0000,0x0000,
    0x0000,0x0000,0x0000,0x0000,0x0000,0x0000,0x0000,0x0000,0x0000,0x0000,0x0000,0x0000,
    0x0000,0x0000,0x0000,0x0000,0x0000,0x0000,0x0000,0x0000,0x0000,0x0000,0x0000,0x0000,
    0x0000,0x0000,0x0000,0x0000,0x0000,0x0000,0x0000,0x0000,0x0000,0x0000,0x0000,0x0000,
    0x0000,0x0000,0x0000,0x0000,0x0000,0x0000,0x0000,0x0000,0x0000,0x0000,0x0000,0x0000,
    0x0000,0x0000,0x0000,0x0000,0x0000,0x0000,0x0000,0x0000,0x0000,0x0000,0x0000,0x0000,
    0x0000,0x0000,0x0000,0x0000,0x0000,0x0000,0x0000,0x0000,0x0000,0x0000,0x0000,0x0000,
    0x2783,0xEEFE,0x0CF6,0x2CF6,0x0CF6,0x0CF6,0x2CFE,0x2CFE,0xECED,0x8DDD,0x4DFE,0x6562,
    0x0000,0x2100,0x0000,0x0000,0x8210,0xAABC,0x69B4,0x49AC,0x49AC,0x49AC,0x69B4,0xCABC,
    0xACE5,0x49AC,0x0000,0x0100,0x4431,0x0EFF,0x2CFE,0x0CF6,0x2CF6,0x2CF6,0x2CF6,0x2CF6,
    0x2CF6,0x0CF6,0x0CF6,0x4FFF,0x0652,0x4110,0x8210,0xA893,0x4CFE,0x2AD5,0x4BD5,0x4BD5,
    0x4BD5,0x2AD5,0xCEDD,0x4EFE,0xADFE,0x0100,0xB1FE,0x2CFE,0x0CF6,0x2CF6,0x0CF6,0xCDFE,
    0x66BC,0xAAED,0x2EFF,0x2CFE,0xEAF5,0x0DF6,0xF6F6,0xB2FE,0x8BFE,0x6793,0x6DFE,0xE220,
    0x678B,0x0000,0x0000,0x0000,0x0000,0x0000,0x0000,0x0000,0x0000,0x0000,0x0000,0x0000,
    0x0000,0x0000,0x0000,0x0000,0x0000,0x0000,0x0000,0x0000,0x0000,0x0000,0x0000,0x0000,
    0x0000,0x0000,0x0000,0x0000,0x0000,0x0000,0x0000,0x0000,0x0000,0x0000,0x0000,0x0000,
    0x0000,0x0000,0x0000,0x0000,0x0000,0x0000,0x0000,0x0000,0x0000,0x0000,0x0000,0x0000,
    0x0000,0x0000,0x0000,0x0000,0x0000,0x0000,0x0000,0x0000,0x0000,0x0000,0x0000,0x0000,
    0x0000,0x0000,0x0000,0x0000,0x0000,0x0000,0x0000,0x0000,0x0000,0x0000,0x0000,0x0000,
    0x0000,0x0000,0x0000,0x0000,0x0000,0x0000,0x0000,0x0000,0x0000,0x0000,0x0000,0x0000,
    0x0000,0x0000,0x0000,0x0000,0xC449,0x2EFF,0x0CF6,0x2CFE,0x2CFE,0xCDFE,0x2CFE,0xCDE5,
    0xADDD,0x6CFE,0x866A,0x0000,0x0000,0x0000,0x0000,0x0000,0x0552,0x4BD5,0x29AC,0x69AC,
    0x69AC,0x69AC,0x49AC,0xEAC4,0xEAC4,0x0329,0x0100,0x0000,0x0000,0x2BD5,0xCDFE,0x0CF6,
    0x2CF6,0x2CF6,0x2CF6,0x2CF6,0x2CF6,0xECF5,0x0EFF,0xA893,0x0000,0xCCE5,0xCABC,0x0000,
    0x08A4,0x0CF6,0x2AD5,0x4BD5,0x4BD5,0x4AD5,0x2BCD,0xAEFE,0xE9CC,0x0200,0xF1FE,0x2CFE,
    0x0CF6,0x0CF6,0xEDFE,0x8793,0xB173,0x6408,0x2462,0x8FFF,0x2CFE,0x0CF6,0xB5F6,0x13FF,
    0x2AD5,0x0300,0x0231,0x08A4,0x0AC5,0x0000,0x0000,0x0000,0x0000,0x0000,0x0000,0x0000,
    0x0000,0x0000,0x0000,0x0000,0x0000,0x0000,0x0000,0x0000,0x0000,0x0000,0x0000,0x0000,
    0x0000,0x0000,0x0000,0x0000,0x0000,0x0000,0x0000,0x0000,0x0000,0x0000,0x0000,0x0000,
    0x0000,0x0000,0x0000,0x0000,0x0000,0x0000,0x0000,0x0000,0x0000,0x0000,0x0000,0x0000,
    0x0000,0x0000,0x0000,0x0000,0x0000,0x0000,0x0000,0x0000,0x0000,0x0000,0x0000,0x0000,
    0x0000,0x0000,0x0000,0x0000,0x0000,0x0000,0x0000,0x0000,0x0000,0x0000,0x0000,0x0000,
    0x0000,0x0000,0x0000,0x0000,0x0000,0x0000,0x0000,0x0000,0x0000,0x0000,0x0000,0x0000,
    0x0000,0x0000,0x0000,0x0000,0x0000,0x0000,0x0000,0x0000,0xC449,0x4EFF,0x0CF6,0x0CF6,
    0x4EFE,0xCCB4,0x6BDD,0x8DFE,0x8BDD,0x255A,0x0000,0x0000,0x0000,0x0000,0x0000,0x2108,
    0x29A4,0xAABC,0x49AC,0x69AC,0x69AC,0x49AC,0x2BCD,0x4783,0x6210,0x0000,0x0000,0x0000,
    0x0000,0x0552,0x4EFF,0x0CF6,0x2CF6,0x2CF6,0x2CF6,0x2CF6,0x2CF6,0x0CF6,0x2EFF,0x6110,
    0x2783,0xCAC4,0xCABC,0x4783,0x0000,0x4BD5,0xCCE5,0x4BD5,0x4BD5,0x4BD5,0xEACC,0x31FF,
    0x6883,0xE641,0x90FF,0xEBF5,0x0CF6,0x4DFE,0x4BFE,0x0521,0xFFFF,0xA739,0x0000,0xC672,
    0xCDFE,0x0EEE,0xB8FF,0xEB93,0x4462,0x0000,0xC449,0x8893,0xC449,0x0000,0x0000,0x0000,
    0x0000,0x0000,0x0000,0x0000,0x0000,0x0000,0x0000,0x0000,0x0000,0x0000,0x0000,0x0000,
    0x0000,0x0000,0x0000,0x0000,0x0000,0x0000,0x0000,0x0000,0x0000,0x0000,0x0000,0x0000,
    0x0000,0x0000,0x0000,0x0000,0x0000,0x0000,0x0000,0x0000,0x0000,0x0000,0x0000,0x0000,
    0x0000,0x0000,0x0000,0x0000,0x0000,0x0000,0x0000,0x0000,0x0000,0x0000,0x0000,0x0000,
    0x0000,0x0000,0x0000,0x0000,0x0000,0x0000,0x0000,0x0000,0x0000,0x0000,0x0000,0x0000,
    0x0000,0x0000,0x0000,0x0000,0x0000,0x0000,0x0000,0x0000,0x0000,0x0000,0x0000,0x0000,
    0x0000,0x0000,0x0000,0x0000,0x0000,0x0000,0x0000,0x0000,0x0000,0x0000,0x0000,0x0000,
    0xC449,0x4EFF,0x0CF6,0xECF5,0xADFE,0x2231,0xA218,0xC89B,0xA218,0x0000,0x0000,0x0000,
    0x0000,0x0000,0x0000,0x2331,0x4BD5,0x49AC,0x69AC,0x69AC,0x49AC,0xCAC4,0x2783,0x0000,
    0x0000,0x0000,0x0000,0x0000,0x0000,0x0000,0xEAC4,0x0EFF,0xECF5,0x2CF6,0x2CF6,0x2CF6,
    0x2CF6,0x0CF6,0x0EFF,0x8110,0x69AC,0x0ACD,0x08A4,0x6BD5,0x8662,0x2108,0x4BD5,0x8BE5,
    0x4BD5,0x6BDD,0x6ADD,0x6DFE,0x6210,0xA993,0xCDFE,0x0CF6,0xECF5,0xCDFE,0xA9BC,0x0000,
    0x0000,0x0000,0x2108,0x0000,0x4CFE,0x4EF6,0x97FF,0x70C5,0xE128,0x0000,0x6562,0xE228,
    0x0000,0x0000,0x0000,0x0000,0x0000,0x0000,0x0000,0x0000,0x0000,0x0000,0x0000,0x0000,
    0x0000,0x0000,0x0000,0x0000,0x0000,0x0000,0x0000,0x0000,0x0000,0x0000,0x0000,0x0000,
    0x0000,0x0000,0x0000,0x0000,0x0000,0x0000,0x0000,0x0000,0x0000,0x0000,0x0000,0x0000,
    0x0000,0x0000,0x0000,0x0000,0x0000,0x0000,0x0000,0x0000,0x0000,0x0000,0x0000,0x0000,
    0x0000,0x0000,0x0000,0x0000,0x0000,0x0000,0x0000,0x0000,0x0000,0x0000,0x0000,0x0000,
    0x0000,0x0000,0x0000,0x0000,0x0000,0x0000,0x0000,0x0000,0x0000,0x0000,0x0000,0x0000,
    0x0000,0x0000,0x0000,0x0000,0x0000,0x0000,0x0000,0x0000,0x0000,0x0000,0x0000,0x0000,
    0x0000,0x0000,0x0000,0x0000,0xE549,0x4FFF,0xECF5,0x2CF6,0x4CFE,0xADFE,0xEEFE,0xA441,
    0x0000,0x0000,0x0000,0x0000,0x0000,0x0000,0x0000,0xA441,0x0AC5,0x49AC,0x69AC,0x69AC,
    0x29AC,0x2BCD,0xE449,0x0000,0x0000,0x0000,0x0000,0x0000,0x0000,0x0000,0x6210,0xCEFE,
    0x4CFE,0x0CF6,0x2CF6,0x2CF6,0x2CF6,0xECF5,0x0EFF,0xE67A,0xC220,0x69AC,0x0ACD,0x69B4,
    0x2ACD,0x2331,0x0000,0xE672,0xEAC4,0x4BD5,0xECED,0x0229,0x0329,0x70FF,0x0CF6,0x2CF6,
    0xECF5,0xCDFE,0x89BC,0x0000,0x8218,0x6110,0x2108,0x0000,0x4CFE,0xEBF5,0x36FF,0xD3FE,
    0x0000,0x4108,0xEAC4,0x0000,0x0000,0x0000,0x0000,0x0000,0x0000,0x0000,0x0000,0x0000,
    0x0000,0x0000,0x0000,0x0000,0x0000,0x0000,0x0000,0x0000,0x0000,0x0000,0x0000,0x0000,
    0x0000,0x0000,0x0000,0x0000,0x0000,0x0000,0x0000,0x0000,0x0000,0x0000,0x0000,0x0000,
    0x0000,0x0000,0x0000,0x0000,0x0000,0x0000,0x0000,0x0000,0x0000,0x0000,0x0000,0x0000,
    0x0000,0x0000,0x0000,0x0000,0x0000,0x0000,0x0000,0x0000,0x0000,0x0000,0x0000,0x0000,
    0x0000,0x0000,0x0000,0x0000,0x0000,0x0000,0x0000,0x0000,0x0000,0x0000,0x0000,0x0000,
    0x0000,0x0000,0x0000,0x0000,0x0000,0x0000,0x0000,0x0000,0x0000,0x0000,0x0000,0x0000,
    0x0000,0x0000,0x0000,0x0000,0x0000,0x0000,0x0000,0x0000,0x0552,0x6FFF,0xECF5,0x2CF6,
    0x0CF6,0x6DFE,0xCDFE,0xE320,0x0000,0x0000,0x0000,0x0000,0x0000,0x0000,0x0000,0x6210,
    0x29AC,0xAABC,0x49AC,0x69AC,0x49AC,0xAABC,0x49AC,0x0000,0x0000,0x0000,0x0000,0x0000,
    0x0000,0x0000,0x0000,0xC89B,0x4EFF,0xECF5,0x2CF6,0x2CF6,0x2CF6,0xECF5,0x0EFF,0xAABC,
    0x0000,0x0108,0x077B,0x89B4,0xEAC4,0xCCE5,0x08A4,0x4331,0x2108,0x6210,0x0100,0x0100,
    0x0ACD,0x6DFE,0x0CF6,0x2CF6,0x0CF6,0x2CFE,0xEEFE,0x0000,0x0000,0x8218,0x0000,0xA441,
    0xCCFE,0xEDE5,0x15FF,0xB6FF,0x32DE,0x4110,0x0352,0x6339,0x0000,0x0000,0x0000,0x0000,
    0x0000,0x0000,0x0000,0x0000,0x0000,0x0000,0x0000,0x0000,0x0000,0x0000,0x0000,0x0000,
    0x0000,0x0000,0x0000,0x0000,0x0000,0x0000,0x0000,0x0000,0x0000,0x0000,0x0000,0x0000,
    0x0000,0x0000,0x0000,0x0000,0x0000,0x0000,0x0000,0x0000,0x0000,0x0000,0x0000,0x0000,
    0x0000,0x0000,0x0000,0x0000,0x0000,0x0000,0x0000,0x0000,0x0000,0x0000,0x0000,0x0000,
    0x0000,0x0000,0x0000,0x0000,0x0000,0x0000,0x0000,0x0000,0x0000,0x0000,0x0000,0x0000,
    0x0000,0x0000,0x0000,0x0000,0x0000,0x0000,0x0000,0x0000,0x0000,0x0000,0x0000,0x0000,
    0x0000,0x0000,0x0000,0x0000,0x0000,0x0000,0x0000,0x0000,0x0000,0x0000,0x0000,0x0000,
    0xE451,0x4EFF,0xECF5,0x2CF6,0x0CF6,0xCDFE,0x49B4,0x0000,0x0000,0x0000,0x0000,0x0000,
    0x0000,0x0000,0x0000,0x0000,0xC449,0x4BD5,0x49AC,0x69AC,0x49AC,0x49AC,0x2ACD,0x2331,
    0x0000,0x0000,0x0000,0x0000,0x0000,0x0000,0x0000,0xA218,0xCEFE,0x4CFE,0x0CF6,0x2CF6,
    0x2CF6,0xECF5,0x2EFF,0xC89B,0x0000,0x0000,0x0000,0x8218,0x8218,0x2331,0x878B,0x2BCD,
    0x69B4,0xA893,0xC89B,0x49AC,0xCCED,0x8DFE,0x0CF6,0x2CF6,0x2CF6,0x0CF6,0xADFE,0x8AE5,
    0xA739,0x0200,0x0000,0x07AC,0xCFFE,0x16FF,0x15FF,0xF4FE,0xD7FF,0xB7FF,0x475A,0x0000,
    0x0000,0x0000,0x0000,0x0000,0x0000,0x0000,0x0000,0x0000,0x0000,0x0000,0x0000,0x0000,
    0x0000,0x0000,0x0000,0x0000,0x0000,0x0000,0x0000,0x0000,0x0000,0x0000,0x0000,0x0000,
    0x0000,0x0000,0x0000,0x0000,0x0000,0x0000,0x0000,0x0000,0x0000,0x0000,0x0000,0x0000,
    0x0000,0x0000,0x0000,0x0000,0x0000,0x0000,0x0000,0x0000,0x0000,0x0000,0x0000,0x0000,
    0x0000,0x0000,0x0000,0x0000,0x0000,0x0000,0x0000,0x0000,0x0000,0x0000,0x0000,0x0000,
    0x0000,0x0000,0x0000,0x0000,0x0000,0x0000,0x0000,0x0000,0x0000,0x0000,0x0000,0x0000,
    0x0000,0x0000,0x0000,0x0000,0x0000,0x0000,0x0000,0x0000,0x0000,0x0000,0x0000,0x0000,
    0x0000,0x0000,0x0000,0x0000,0xE551,0x4EFF,0xEBF5,0x0BF6,0xAAF5,0xF0FF,0xA88B,0x0000,
    0x0000,0x0000,0x0000,0x0000,0x0000,0x0000,0x0000,0x0000,0x0100,0x29A4,0xCABC,0x49AC,
    0x69AC,0x49AC,0x2ACD,0x2783,0x0000,0x0000,0x0000,0x0000,0x0000,0x0000,0x0000,0x0000,
    0xA893,0x4EFF,0xECF5,0x2CF6,0x2CF6,0x0CF6,0x8DFE,0xECF5,0x0000,0x2108,0x0000,0x0000,
    0x6439,0xC672,0xA66A,0xE449,0x878B,0x8BDD,0xAABC,0x29A4,0x6BDD,0xECED,0x2CFE,0x0CF6,
    0x2CF6,0x2CF6,0x0CF6,0x8DFE,0xEDFE,0xC9C4,0x6BDD,0x10FF,0xF5FE,0x15FF,0xF4FE,0xF4FE,
    0x76FF,0xF8FF,0xFBFF,0x32E6,0x4431,0x8118,0x0000,0x0000,0x0000,0x0000,0x0000,0x0000,
    0x0000,0x0000,0x0000,0x0000,0x0000,0x0000,0x0000,0x0000,0x0000,0x0000,0x0000,0x0000,
    0x0000,0x0000,0x0000,0x0000,0x0000,0x0000,0x0000,0x0000,0x0000,0x0000,0x0000,0x0000,
    0x0000,0x0000,0x0000,0x0000,0x0000,0x0000,0x0000,0x0000,0x0000,0x0000,0x0000,0x0000,
    0x0000,0x0000,0x0000,0x0000,0x0000,0x0000,0x0000,0x0000,0x0000,0x0000,0x0000,0x0000,
    0x0000,0x0000,0x0000,0x0000,0x0000,0x0000,0x0000,0x0000,0x0000,0x0000,0x0000,0x0000,
    0x0000,0x0000,0x0000,0x0000,0x0000,0x0000,0x0000,0x0000,0x0000,0x0000,0x0000,0x0000,
    0x0000,0x0000,0x0000,0x0000,0x0000,0x0000,0x0000,0x0000,0xC351,0x4EFF,0xECF5,0x2EF6,
    0xD0FE,0x28B4,0x2139,0x0000,0x0000,0x0000,0x0000,0x0000,0x0000,0x0000,0x0000,0x0000,
    0x0000,0xE328,0x0ACD,0x49AC,0x69AC,0x49AC,0x69B4,0xAABC,0x0100,0x0000,0x0000,0x0000,
    0x0000,0x0000,0x0000,0x0000,0xE328,0xAEFE,0x4CFE,0x0CF6,0x2CF6,0x2CF6,0xECF5,0xAFFF,
    0xC672,0x0000,0x0000,0x0000,0x0000,0x077B,0x4DFE,0x69B4,0x0000,0x455A,0x2BCD,0x49AC,
    0x8BDD,0xC9C4,0xCDE5,0x4DFE,0x0CFE,0x0CF6,0x2CF6,0x0CF6,0x0BF6,0x4CFE,0x14FF,0x36FF,
    0x15FF,0xF4FE,0xF4FE,0x96FF,0x6ED5,0x8A93,0x70CD,0xF8FF,0xB6FF,0xA86A,0x0000,0x0000,
    0x0000,0x0000,0x0000,0x0000,0x0000,0x0000,0x0000,0x0000,0x0000,0x0000,0x0000,0x0000,
    0x0000,0x0000,0x0000,0x0000,0x0000,0x0000,0x0000,0x0000,0x0000,0x0000,0x0000,0x0000,
    0x0000,0x0000,0x0000,0x0000,0x0000,0x0000,0x0000,0x0000,0x0000,0x0000,0x0000,0x0000,
    0x0000,0x0000,0x0000,0x0000,0x0000,0x0000,0x0000,0x0000,0x0000,0x0000,0x0000,0x0000,
    0x0000,0x0000,0x0000,0x0000,0x0000,0x0000,0x0000,0x0000,0x0000,0x0000,0x0000,0x0000,
    0x0000,0x0000,0x0000,0x0000,0x0000,0x0000,0x0000,0x0000,0x0000,0x0000,0x0000,0x0000,
    0x0000,0x0000,0x0000,0x0000,0x0000,0x0000,0x0000,0x0000,0x0000,0x0000,0x0000,0x0000,
    0x0552,0xF6FF,0xF5FE,0x56FF,0xFAFF,0x6B7B,0x4A7B,0xC320,0x0000,0x0000,0x0000,0x0000,
    0x0000,0x0000,0x0000,0x0000,0x0000,0x0000,0x678B,0x2ACD,0x49AC,0x69AC,0x49AC,0xCAC4,
    0xA893,0xA441,0x6210,0x2108,0x0000,0x0000,0x0000,0x0000,0x0000,0xC99B,0x4EFF,0xECF5,
    0x0BF6,0x0BF6,0xCAF5,0x0DFF,0xC672,0x0000,0x0000,0x0000,0x0000,0x0000,0x8893,0x4BD5,
    0xCABC,0x0000,0xE672,0x2BCD,0x89B4,0x6BDD,0xACDD,0xADDD,0x0DEE,0x4DFE,0x4CFE,0x0BF6,
    0x30EE,0xB3F6,0x15FF,0xF4FE,0xF4FE,0xF4FE,0x56FF,0xD1FE,0x6E83,0xE718,0x0000,0x4008,
    0x0100,0xA841,0x0000,0x0000,0x0000,0x0000,0x0000,0x0000,0x0000,0x0000,0x0000,0x0000,
    0x0000,0x0000,0x0000,0x0000,0x0000,0x6210,0x6110,0x0000,0x0000,0x0000,0x0000,0x4110,
    0x6210,0x0000,0x0000,0x0000,0x0000,0x0000,0x0000,0x0000,0x0000,0x0000,0x0000,0x0000,
    0x0000,0x0000,0x0000,0x0000,0x0000,0x0000,0x0000,0x0000,0x0000,0x0000,0x0000,0x0000,
    0x0000,0x0000,0x0000,0x0000,0x0000,0x0000,0x0000,0x0000,0x0000,0x0000,0x0000,0x0000,
    0x0000,0x0000,0x0000,0x0000,0x0000,0x0000,0x0000,0x0000,0x0000,0x0000,0x0000,0x0000,
    0x0000,0x0000,0x0000,0x0000,0x0000,0x0000,0x0000,0x0000,0x0000,0x0000,0x0000,0x0000,
    0x0000,0x0000,0x0000,0x0000,0x485A,0xF9FF,0x55FF,0x70C5,0xADAC,0xFBFF,0x35FF,0x55FF,
    0x4431,0x0000,0x0000,0x0000,0x0000,0x0000,0x0000,0x0000,0x0000,0x0000,0x2108,0xAABC,
    0x89B4,0x49AC,0x69AC,0x49AC,0xCAC4,0x2BCD,0x0ACD,0xE89B,0x0100,0x0000,0x0000,0x0000,
    0x0000,0xA318,0xCEFE,0x2BFE,0x2DF6,0x4EFE,0x33FF,0xD6FF,0x8862,0xE96A,0x73EE,0x2A7B,
    0x0008,0x0000,0xC449,0xEAC4,0xCABC,0x69B4,0x0000,0x89B4,0xCABC,0x49AC,0x0ACD,0xE9CC,
    0xACE5,0xEEE5,0x6BDD,0xCEE5,0x37FF,0x97FF,0x15FF,0xF4FE,0xF4FE,0xF4FE,0xB6FF,0x8BBC,
    0x4408,0x4429,0x2008,0x2108,0x0000,0x0108,0x0000,0x0000,0x0000,0x0000,0x0000,0x0000,
    0x0000,0x0000,0x0000,0x0000,0x0000,0x0000,0x0000,0x0000,0x0000,0x6210,0x4110,0x6210,
    0x0000,0x0000,0x4110,0x4110,0x0000,0x0000,0x0000,0x0000,0x0000,0x0000,0x0000,0x0000,
    0x0000,0x0000,0x0000,0x0000,0x0000,0x0000,0x0000,0x0000,0x0000,0x0000,0x0000,0x0000,
    0x0000,0x0000,0x0000,0x0000,0x0000,0x0000,0x0000,0x0000,0x0000,0x0000,0x0000,0x0000,
    0x0000,0x0000,0x0000,0x0000,0x0000,0x0000,0x0000,0x0000,0x0000,0x0000,0x0000,0x0000,
    0x0000,0x0000,0x0000,0x0000,0x0000,0x0000,0x0000,0x0000,0x0000,0x0000,0x0000,0x0000,
    0x0000,0x0000,0x0000,0x0000,0x0000,0x0000,0x0000,0x0000,0xC541,0xF8FF,0xF4FE,0x35FF,
    0x0008,0xF4FE,0x50CD,0x4752,0xFBFF,0xE320,0x0000,0x0000,0x0000,0x0000,0x0000,0x0000,
    0x0000,0x0000,0x0000,0x455A,0x4BD5,0x29AC,0x69AC,0x49AC,0x09A4,0x49AC,0x29A4,0x4BD5,
    0x678B,0x0000,0x0000,0x0000,0x0000,0x0000,0x255A,0x90FF,0x16FF,0x77FF,0x8639,0xD4EE,
    0xF4FE,0x0331,0xB1BD,0xFDFF,0x70CD,0x0000,0x0000,0xE89B,0xCABC,0xEAC4,0xC66A,0x0000,
    0x49AC,0x2BCD,0x89B4,0xAABC,0x0ACD,0x89BC,0x4BD5,0xAAE5,0x8CDD,0xF0E5,0xF4FE,0x97FF,
    0x35FF,0xF4FE,0x55FF,0x72F6,0x0000,0x0000,0x0000,0x0000,0xC220,0x8ED5,0xA218,0x0000,
    0x0000,0x0000,0x0000,0x0000,0x0000,0x0000,0x0000,0x0000,0x0000,0x0000,0x0000,0x4110,
    0x0000,0x0000,0x6110,0x4110,0x0000,0x4110,0x4110,0x0000,0x0000,0x0000,0x0000,0x0000,
    0x0000,0x0000,0x0000,0x0000,0x0000,0x0000,0x0000,0x0000,0x0000,0x0000,0x0000,0x0000,
    0x0000,0x0000,0x0000,0x0000,0x0000,0x0000,0x0000,0x0000,0x0000,0x0000,0x0000,0x0000,
    0x0000,0x0000,0x0000,0x0000,0x0000,0x0000,0x0000,0x0000,0x0000,0x0000,0x0000,0x0000,
    0x0000,0x0000,0x0000,0x0000,0x0000,0x0000,0x0000,0x0000,0x0000,0x0000,0x0000,0x0000,
    0x0000,0x0000,0x0000,0x0000,0x0000,0x0000,0x0000,0x0000,0x0000,0x0000,0x0000,0x0000,
    0xAEAC,0xF7FF,0x93F6,0xF8FF,0x90BD,0x6118,0xFDFF,0xE328,0x90C5,0xB4EE,0x0000,0x0000,
    0x0000,0x0000,0x0000,0x0000,0x0000,0x0000,0x0000,0x2108,0xAABC,0x89B4,0x49AC,0x69AC,
    0x29A4,0x29AC,0x29A4,0x8AB4,0x8893,0x0000,0x0000,0x0000,0x0000,0x0000,0x0000,0xB3EE,
    0x96FF,0x75FF,0xB3F6,0x6118,0xD7FF,0x55FF,0x2008,0xD4FE,0xF9FF,0x0C94,0x0000,0x8441,
    0x0ACD,0xE89B,0x4BD5,0x067B,0x0000,0x2552,0x089C,0xC893,0x09A4,0x4BCD,0x49AC,0xA66A,
    0x6ADD,0x69DD,0xEAC4,0x6DCD,0xB2F6,0x97FF,0x36FF,0xF8FF,0xB2FE,0xC549,0xC320,0x6110,
    0xAABC,0x69AC,0x0000,0x0000,0x0000,0x0000,0x0000,0x0000,0x0000,0x0000,0x0000,0x0000,
    0x0000,0x0000,0x6110,0x4110,0x4110,0x6110,0x4110,0x4110,0x4110,0x4110,0x4110,0x4110,
    0x6110,0x6110,0x0000,0x0000,0x0000,0x0000,0x0000,0x0000,0x0000,0x0000,0x0000,0x0000,
    0x0000,0x0000,0x0000,0x0000,0x0000,0x0000,0x0000,0x0000,0x0000,0x0000,0x0000,0x0000,
    0x0000,0x0000,0x0000,0x0000,0x0000,0x0000,0x0000,0x0000,0x0000,0x0000,0x0000,0x0000,
    0x0000,0x0000,0x0000,0x0000,0x0000,0x0000,0x0000,0x0000,0x0000,0x0000,0x0000,0x0000,
    0x0000,0x0000,0x0000,0x0000,0x0000,0x0000,0x0000,0x0000,0x0000,0x0000,0x0000,0x0000,
    0x0000,0x0000,0x0000,0x0000,0x6A83,0xFAFF,0x55FF,0x15FF,0x55FF,0xC86A,0xFAFF,0xEFB4,
    0x264A,0x56FF,0x0000,0x0000,0x0000,0x0000,0x0000,0x0000,0x0000,0x0000,0x0000,0x0000,
    0x4339,0xACE5,0xA9B4,0x49AC,0x49AC,0x089C,0x69B4,0x0BCD,0xA893,0x0000,0x0000,0x0000,
    0x0000,0x0000,0x0000,0x885A,0xF9FF,0x73F6,0xF8FF,0x6108,0x90D5,0xF8FF,0xC541,0xF1DD,
    0xF9FF,0x4D94,0x0000,0x0100,0x89B4,0x89B4,0xE89B,0xEAC4,0x89B4,0x8441,0xA218,0x0000,
    0xA218,0x2331,0xC672,0x067B,0x8439,0x866A,0xEAC4,0x88BC,0xA9BC,0x8ED5,0x52EE,0x31E6,
    0x4FF6,0xF3FF,0xD1FE,0x8341,0x2CF6,0xE551,0x0000,0x0000,0x0000,0x0000,0x0000,0x0000,
    0x0000,0x0000,0x0000,0x0000,0x0000,0x6110,0x0000,0x0000,0x4110,0x4110,0x4110,0x4110,
    0x4110,0x4110,0x4110,0x4110,0x4110,0x4110,0x0000,0x0000,0x0000,0x0000,0x0000,0x0000,
    0x0000,0x0000,0x0000,0x0000,0x0000,0x0000,0x0000,0x0000,0x0000,0x0000,0x0000,0x0000,
    0x0000,0x0000,0x0000,0x0000,0x0000,0x0000,0x0000,0x0000,0x0000,0x0000,0x0000,0x0000,
    0x0000,0x0000,0x0000,0x0000,0x0000,0x0000,0x0000,0x0000,0x0000,0x0000,0x0000,0x0000,
    0x0000,0x0000,0x0000,0x0000,0x0000,0x0000,0x0000,0x0000,0x0000,0x0000,0x0000,0x0000,
    0x0000,0x0000,0x0000,0x0000,0x0000,0x0000,0x0000,0x0000,0x0000,0x8862,0xB6FF,0xF9FF,
    0x35FF,0xC862,0xFAFF,0x50C5,0x675A,0xE86A,0x0000,0x0000,0x0000,0x0000,0x0000,0x0000,
    0x0000,0x0000,0x0000,0x0000,0x0000,0x0552,0x89B4,0x0ACD,0x0ACD,0x0ACD,0xAABC,0x69B4,
    0xE228,0x0000,0x0000,0x0000,0x0000,0x0000,0x0000,0x0000,0x73EE,0xFAFF,0xFBFF,0x6DA4,
    0x0C8C,0xFDFF,0xE972,0xB6FF,0xF9FF,0x0652,0x0000,0x0000,0x6562,0x8BDD,0xEAC4,0x0AC5,
    0x0ACD,0x6DFE,0x2783,0x0000,0x0000,0x0000,0x0000,0x6339,0x678B,0x866A,0xC449,0xA66A,
    0x49AC,0x28AC,0xE79B,0xC79B,0xE8A3,0xE572,0x4331,0xC220,0x4108,0x2108,0x0000,0x0000,
    0x0000,0x0000,0x0000,0x0000,0x0000,0x0000,0x0000,0x0000,0x6110,0x4110,0x4110,0x4110,
    0x4110,0x4110,0x4110,0x4110,0x4110,0x4110,0x4110,0x4110,0x4110,0x4110,0x4110,0x6110,
    0x4110,0x6110,0x0000,0x0000,0x0000,0x0000,0x0000,0x0000,0x0000,0x0000,0x0000,0x0000,
    0x0000,0x0000,0x0000,0x0000,0x0000,0x0000,0x0000,0x0000,0x0000,0x0000,0x0000,0x0000,
    0x0000,0x0000,0x0000,0x0000,0x0000,0x0000,0x0000,0x0000,0x0000,0x0000,0x0000,0x0000,
    0x0000,0x0000,0x6210,0x6210,0x6210,0x0000,0x0000,0x0000,0x0000,0x0000,0x0000,0x0000,
    0x0000,0x0000,0x0000,0x0000,0x0000,0x0000,0x0000,0x0000,0x0000,0x0000,0x0000,0x0000,
    0x0000,0x0000,0x0000,0x6862,0xA218,0x0008,0x4110,0xE328,0x0000,0x0000,0x0000,0x0000,
    0x0000,0x0000,0x0000,0x0000,0x0000,0x0000,0x0000,0x0000,0x4110,0x0000,0x0000,0x2331,
    0xA441,0xC449,0x4108,0x0000,0x0000,0x6110,0x0000,0x0000,0x0000,0x0000,0x0000,0x0000,
    0x4108,0xC86A,0xC86A,0xC649,0x064A,0xE972,0x0000,0xA862,0x6210,0x0000,0x6210,0x6210,
    0x0000,0x0329,0x8439,0x0552,0x4783,0x8441,0x4110,0x0000,0x0000,0x0000,0x0000,0x0000,
    0x0000,0xA441,0x4110,0x0000,0x0100,0x0100,0x0100,0x0100,0x0100,0x0000,0x0100,0xC220,
    0x0000,0x0000,0x0000,0x0000,0x0000,0x0000,0x0000,0x0000,0x0000,0x0000,0x0000,0x0000,
    0x0000,0x4110,0x4110,0x4110,0x4110,0x4110,0x4110,0x4110,0x4110,0x4110,0x4110,0x4110,
    0x4110,0x4110,0x4110,0x4110,0x4110,0x4110,0x0000,0x0000,0x0000,0x0000,0x0000,0x0000,
    0x0000,0x0000,0x0000,0x0000,0x0000,0x0000,0x0000,0x0000,0x0000,0x0000,0x0000,0x0000,
    0x0000,0x0000,0x0000,0x0000,0x0000,0x0000,0x0000,0x0000,0x0000,0x0000,0x0000,0x0000,
    0x0000,0x0000,0x0000,0x0000,0x0000,0x0000,0x6210,0x4110,0x4110,0x4110,0x4110,0x4110,
    0x4110,0x4110,0x4110,0x4110,0x4110,0x4110,0x4110,0x4110,0x4110,0x4110,0x4110,0x4110,
    0x4110,0x4110,0x4110,0x4110,0x4110,0x6110,0x4108,0x0000,0x2000,0x6210,0x2108,0x0100,
    0x6210,0xA218,0x6210,0x4108,0x6210,0x4110,0x4110,0x4110,0x4110,0x4110,0x4110,0x4108,
    0x4110,0x8210,0x8210,0x0100,0x0000,0x0000,0x2108,0x6108,0x8210,0x8210,0x8210,0x8210,
    0x4108,0x4108,0x8210,0xA218,0x4108,0x0000,0x0000,0x0000,0x0000,0x0000,0x4108,0x0000,
    0x2008,0xA218,0x8110,0x4108,0x6110,0x2108,0x0000,0x0000,0x0000,0x0000,0x2108,0x4110,
    0x4108,0x4108,0x4108,0x6110,0x6110,0x0000,0x2108,0x6210,0x4108,0x2108,0x4108,0x4108,
    0x2108,0x4110,0x4108,0x0100,0x6110,0x8118,0x8118,0x8118,0x6210,0x4108,0x4110,0x6110,
    0x4110,0x4110,0x4110,0x4110,0x4110,0x4110,0x4110,0x4110,0x4110,0x4110,0x4110,0x4110,
    0x4110,0x4110,0x4110,0x4110,0x4110,0x4110,0x4110,0x4110,0x4110,0x4110,0x6210,0x0000,
    0x0000,0x0000,0x0000,0x0000,0x0000,0x0000,0x0000,0x0000,0x0000,0x0000,0x0000,0x0000,
    0x0000,0x0000,0x0000,0x0000,0x0000,0x0000,0x0000,0x0000,0x0000,0x0000,0x0000,0x0000,
    0x0000,0x0000,0x0000,0x0000,0x0000,0x0000,0x0000,0x0000,0x0000,0x0000,0x0000,0x0000,
    0x0000,0x0000,0x0000,0x0000,0x0000,0x0000,0x0000,0x0000,0x0000,0x0000,0x0000,0x0000,
    0x0000,0x0000,0x0000,0x0000,0x0000,0x0000,0x0000,0x0000,0x0000,0x0000,0x0421,0x2000,
    0x0000,0x0000,0x0000,0x0000,0x0000,0x0000,0x0000,0x0000,0x0000,0x0000,0x0000,0x0000,
    0x0000,0x0000,0x0000,0x0000,0x0000,0x0000,0x0000,0x0000,0x0000,0x0000,0x2000,0x0000,
    0x0000,0x0000,0x0000,0x0000,0x6108,0x0000,0x0000,0x0000,0x0000,0x0000,0x2000,0x0000,
    0x0000,0x0000,0x0100,0x0100,0x0000,0x0100,0x0100,0x0000,0x4100,0x0200,0x0200,0x0300,
    0x2000,0x2429,0x0000,0x0000,0x0000,0x0000,0x0000,0x0000,0x0000,0x0000,0x0000,0x0000,
    0x0000,0x0000,0x0000,0x0000,0x0000,0x0000,0x0000,0x0000,0x2100,0x0100,0x0100,0x0200,
    0x6208,0x6108,0x0000,0x0000,0x0000,0x0000,0x0000,0x0000,0x0000,0x0000,0x0000,0x0000,
    0x0000,0x0000,0x0000,0x0000,0x0000,0x0000,0x0000,0x0000,0x0000,0x0000,0x0000,0x0000,
    0x0000,0x0000,0x0000,0x0000,0x0000,0x0000,0x0000,0x0000,0x0000,0x0000,0x0000,0x0000,
    0x0000,0x0000,0x0000,0x0000,0x0000,0x0000,0x0000,0x0000,0x0000,0x0000,0x0000,0x0000,
    0x0000,0x0000,0x0000,0x0000,0x0000,0x0000,0x0000,0x0000,0x0000,0x0000,0x0000,0x0000,
    0x0000,0x0000,0x0000,0x0000,0x0000,0x0000,0x0000,0x0000,0x0000,0x0000,0x0000,0x0000,
    0x0000,0x0000,0x0000,0x0000,0x0000,0x0000,0x0000,0x0000,0x0000,0x0000,0x0000,0x0000,
    0x0000,0x2000,0x0000,0x0000,0xC739,0x75AD,0xF39C,0xF39C,0xF39C,0x96B5,0xCB5A,0x0000,
    0x0000,0x0000,0x0000,0x0000,0x0000,0x0000,0x0000,0x0000,0x0000,0x4529,0xD7BD,0x34AD,
    0x4108,0x0000,0x0000,0x0000,0x1084,0x34AD,0x96B5,0x8E73,0x0000,0x0000,0xD39C,0x34A5,
    0x34A5,0xF3A4,0x0000,0x0000,0x0000,0xC028,0xA0A3,0x80C4,0x20B4,0x80BC,0x20B4,0x6010,
    0x6110,0x80C4,0xC0CC,0xC0A3,0x0100,0xE418,0x0000,0x0000,0x0000,0x0000,0x0000,0x0000,
    0x0000,0x0000,0x0000,0x0000,0x0000,0x0000,0x0000,0x0000,0x0000,0x0000,0x0000,0x0000,
    0xA118,0xE0D4,0x60BC,0xC0D4,0x4110,0x0100,0x4108,0x0000,0x0000,0x0000,0x0000,0x0000,
    0x0000,0x0000,0x0000,0x0000,0x0000,0x0000,0x0000,0x0000,0x0000,0x0000,0x0000,0x0000,
    0x0000,0x0000,0x0000,0x0000,0x0000,0x0000,0x0000,0x0000,0x0000,0x0000,0x0000,0x0000,
    0x0000,0x0000,0x0000,0x0000,0x0000,0x0000,0x0000,0x0000,0x0000,0x0000,0x0000,0x0000,
    0x0000,0x0000,0x0000,0x0000,0x0000,0x0000,0x0000,0x0000,0x0000,0x0000,0x0000,0x0000,
    0x0000,0x0000,0x0000,0x0000,0x0000,0x0000,0x0000,0x0000,0x0000,0x0000,0x0000,0x0000,
    0x0000,0x0000,0x0000,0x0000,0x0000,0x0000,0x0000,0x0000,0x0000,0x0000,0x0000,0x0000,
    0x0000,0x0000,0x0000,0x0000,0x4108,0x0000,0x8531,0x59CE,0xFFFF,0xFFFF,0xFFFF,0xFFFF,
    0xFFFF,0xFFFF,0xFFFF,0x8210,0x0000,0x0000,0x0000,0x0000,0x0000,0x0000,0x0000,0x2000,
    0x0000,0xF7BD,0xFFFF,0xFFFF,0x3084,0x0000,0x8631,0x9EF7,0xFFFF,0xFFFF,0xFFFF,0x75AD,
    0x0000,0x9294,0xFFFF,0xFFFF,0xFFFF,0xFFFF,0x0000,0x0000,0x606A,0xE0FF,0xA0FF,0xE0FF,
    0xA0FF,0xC0FF,0xE0FF,0x60A3,0x60C4,0xE0FF,0xE0FF,0x00EE,0x0100,0x0000,0x0000,0x0000,
    0x0000,0x0000,0x0000,0x0000,0x0000,0x0000,0x0000,0x0000,0x0000,0x0000,0x0000,0x0000,
    0x0000,0x0000,0x0000,0x0000,0x8020,0xC0FF,0xE0FF,0xE0FF,0x2110,0x0100,0x8208,0x0000,
    0x0000,0x0000,0x0000,0x0000,0x0000,0x0000,0x0000,0x0000,0x0000,0x0000,0x0000,0x0000,
    0x0000,0x0000,0x0000,0x0000,0x0000,0x0000,0x0000,0x0000,0x0000,0x0000,0x0000,0x0000,
    0x0000,0x0000,0x0000,0x0000,0x0000,0x0000,0x0000,0x0000,0x0000,0x0000,0x0000,0x0000,
    0x0000,0x0000,0x0000,0x0000,0x0000,0x0000,0x0000,0x0000,0x0000,0x0000,0x0000,0x0000,
    0x0000,0x0000,0x0000,0x0000,0x0000,0x0000,0x0000,0x0000,0x0000,0x0000,0x0000,0x0000,
    0x0000,0x0000,0x0000,0x0000,0x0000,0x0000,0x0000,0x0000,0x0000,0x0000,0x0000,0x0000,
    0x0000,0x0000,0x0000,0x0000,0x0000,0x0000,0x0000,0x0000,0x0000,0x0000,0x3CE7,0xFFFF,
    0xFFFF,0xDFFF,0xFFFF,0xFFFF,0xFFFF,0xFFFF,0xFFFF,0x8210,0x0000,0x2000,0x2000,0x2108,
    0x0000,0x0000,0x2000,0x0000,0x0000,0x3CE7,0xFFFF,0xFFFF,0x3084,0x0000,0x6D73,0xFFFF,
    0xFFFF,0xFFFF,0xFFFF,0xF4A4,0xA639,0xFFFF,0xFFFF,0xFFFF,0xFFFF,0x7EEF,0x0000,0x8120,
    0x40FE,0x80FF,0xC0FE,0x40FF,0xC0FF,0x40FF,0x20FF,0x6028,0x60ED,0x20FF,0x40FF,0xA0ED,
    0x0000,0x8110,0x4429,0x0000,0x0000,0x0000,0x0000,0xA210,0x0000,0x2000,0x2000,0x0000,
    0x0000,0x0000,0x0000,0x0000,0x0100,0x0000,0x0000,0x0000,0x0108,0x80FE,0x00FF,0x80FF,
    0x6018,0x0000,0x6110,0xC018,0x0000,0x0000,0x0000,0x0000,0x0000,0x0000,0x0000,0x0000,
    0x0000,0x0000,0x0000,0x0000,0x0000,0x0000,0x0000,0x0000,0x0000,0x0000,0x0000,0x0000,
    0x0000,0x0000,0x0000,0x0000,0x0000,0x0000,0x0000,0x0000,0x0000,0x0000,0x0000,0x0000,
    0x0000,0x0000,0x0000,0x0000,0x0000,0x0000,0x0000,0x0000,0x0000,0x0000,0x0000,0x0000,
    0x0000,0x0000,0x0000,0x0000,0x0000,0x0000,0x0000,0x0000,0x0000,0x0000,0x0000,0x0000,
    0x0000,0x0000,0x0000,0x0000,0x0000,0x0000,0x0000,0x0000,0x0000,0x0000,0x0000,0x0000,
    0x0000,0x0000,0x0000,0x0000,0x0000,0x0000,0x0000,0x0000,0x0000,0x0000,0x0000,0x2000,
    0x0000,0xB29C,0xFFFF,0xFFFF,0xFFFF,0xFFFF,0x1CE7,0x9294,0x9294,0xBEF7,0x6D6B,0x0000,
    0x0000,0x0000,0x0000,0x0000,0x6108,0x0000,0x0000,0x4108,0x0000,0x484A,0x9294,0x9294,
    0x0000,0x0000,0x79CE,0xFFFF,0x1CE7,0x1084,0xB294,0x9294,0x79CE,0xFFFF,0xFFFF,0xD39C,
    0x34AD,0x6921,0x0062,0xE0FF,0x00FF,0x00FF,0x00FF,0x40E5,0xA0A3,0x20F6,0xA0FF,0x4072,
    0xA0FF,0x00FF,0x00FF,0x2072,0x0000,0x0000,0x0100,0x2100,0x0000,0x2000,0x0000,0x0000,
    0x0000,0x0100,0x0100,0x4100,0x6008,0xA210,0x6208,0x0200,0xC220,0xC120,0x0100,0x0100,
    0x0183,0xA0FE,0x80FF,0xE0F5,0x0000,0x2000,0x0000,0x0000,0x0100,0x2000,0x0000,0x0000,
    0x0000,0x0000,0x0000,0x0000,0x0000,0x0000,0x0000,0x0000,0x0000,0x0000,0x0000,0x0000,
    0x0000,0x0000,0x0000,0x0000,0x0000,0x0000,0x0000,0x0000,0x0000,0x0000,0x0000,0x0000,
    0x0000,0x0000,0x0000,0x0000,0x0000,0x0000,0x0000,0x0000,0x0000,0x0000,0x0000,0x0000,
    0x0000,0x0000,0x0000,0x0000,0x0000,0x0000,0x0000,0x0000,0x0000,0x0000,0x0000,0x0000,
    0x0000,0x0000,0x0000,0x0000,0x0000,0x0000,0x0000,0x0000,0x0000,0x0000,0x0000,0x0000,
    0x0000,0x0000,0x0000,0x0000,0x0000,0x0000,0x0000,0x0000,0x0000,0x0000,0x0000,0x0000,
    0x0000,0x0000,0x0000,0x0000,0x2000,0x3CE7,0xFFFF,0xFFFF,0xFFFF,0x2D6B,0x0000,0x0000,
    0x0000,0x6D73,0xA310,0x8210,0x8E73,0x0C63,0xC318,0x0000,0xF39C,0xB29C,0x2000,0x0000,
    0x0000,0x2421,0x284A,0x0421,0x0000,0x2C63,0xFBDE,0xFFFF,0x75AD,0x0000,0x0000,0xC318,
    0xFFFF,0xFFFF,0xBAD6,0x2000,0x0000,0x0000,0x80E5,0xC0FF,0xC0FE,0x80FF,0x01E5,0x4118,
    0x0100,0x2039,0xC0B3,0x8072,0x60FF,0x00FF,0x00FF,0xC061,0x606A,0xA0A3,0x0031,0x0100,
    0x0000,0x0000,0x0000,0x6072,0xA07A,0x208B,0xE028,0x0100,0x4100,0x6108,0x2200,0x8149,
    0x00DD,0x60E5,0xA172,0x4108,0x80FE,0x60FF,0xA0FF,0xC0CC,0x0000,0x0000,0x2062,0x2083,
    0x606A,0x0000,0x2000,0x0000,0x0000,0x0000,0x0000,0x0000,0x0000,0x0000,0x0000,0x0000,
    0x0000,0x0000,0x0000,0x0000,0x0000,0x0000,0x0000,0x0000,0x0000,0x0000,0x0000,0x0000,
    0x0000,0x0000,0x0000,0x0000,0x0000,0x0000,0x0000,0x0000,0x0000,0x0000,0x0000,0x0000,
    0x0000,0x0000,0x0000,0x0000,0x0000,0x0000,0x0000,0x0000,0x0000,0x0000,0x0000,0x0000,
    0x0000,0x0000,0x0000,0x0000,0x0000,0x0000,0x0000,0x0000,0x0000,0x0000,0x0000,0x0000,
    0x0000,0x0000,0x0000,0x0000,0x0000,0x0000,0x0000,0x0000,0x0000,0x0000,0x0000,0x0000,
    0x0000,0x0000,0x0000,0x0000,0x0000,0x0000,0x0000,0x0000,0x0842,0xFFFF,0xDFFF,0xFFFF,
    0xFFFF,0x4D6B,0x6D6B,0x8E73,0x0000,0x0000,0x0000,0x8E73,0xFFFF,0xFFFF,0xFFFF,0xFFFF,
    0xFFFF,0xFFFF,0x9EF7,0x2C6B,0x2000,0xFFFF,0xFFFF,0xFFFF,0xDFFF,0xFFFF,0xFFFF,0xFFFF,
    0xFFFF,0xFFFF,0xFFFF,0xDFFF,0xBEF7,0xFFFF,0xFFFF,0xFFFF,0x379D,0x0039,0xE0FF,0xE0FE,
    0x80FF,0x0093,0x0100,0x0100,0x8108,0x0000,0x0000,0x015A,0xA0FF,0x20FF,0x00FE,0x21F5,
    0xE0FF,0xE0FF,0x80FF,0xA020,0x0000,0x809B,0xE0FF,0xE0FF,0xE0FF,0xE0FF,0xC0FF,0xC0F5,
    0x0100,0x0000,0x42ED,0xE0FF,0x60FF,0x80FF,0xE0FF,0x0110,0xA0F5,0x20FF,0xE0FF,0xA0BC,
    0xC059,0xC1DC,0xE0FF,0xE0FF,0x8093,0x0000,0x4008,0x2000,0x0000,0x0000,0x0000,0x0000,
    0x0000,0x0000,0x0000,0x0000,0x0000,0x0000,0x0000,0x0000,0x0000,0x0000,0x0000,0x0000,
    0x0000,0x0000,0x0000,0x0000,0x0000,0x0000,0x0000,0x0000,0x0000,0x0000,0x0000,0x0000,
    0x0000,0x0000,0x0000,0x0000,0x0000,0x0000,0x0000,0x0000,0x0000,0x0000,0x0000,0x0000,
    0x0000,0x0000,0x0000,0x0000,0x0000,0x0000,0x0000,0x0000,0x0000,0x0000,0x0000,0x0000,
    0x0000,0x0000,0x0000,0x0000,0x0000,0x0000,0x0000,0x0000,0x0000,0x0000,0x0000,0x0000,
    0x0000,0x0000,0x0000,0x0000,0x0000,0x0000,0x0000,0x0000,0x0000,0x0000,0x0000,0x0000,
    0xE739,0xFFFF,0xFFFF,0xFFFF,0xFFFF,0xFFFF,0xFFFF,0xFFFF,0x96B5,0xAA52,0x0000,0x0C63,
    0xFFFF,0xDFFF,0xFFFF,0xFFFF,0xFFFF,0xDFFF,0xFFFF,0x1CE7,0x2000,0xFFFF,0xFFFF,0xFFFF,
    0xFFFF,0xFFFF,0xFFFF,0xFFFF,0xFFFF,0xFFFF,0xFFFF,0xFFFF,0xFFFF,0xFFFF,0xFFFF,0xFFFF,
    0x147C,0x8051,0xE0FF,0x20FF,0xA0FE,0x0000,0x0000,0x6008,0x2000,0x4008,0x0000,0xE1CC,
    0xC0FF,0xC0FE,0x60FF,0xA0FF,0xE0FE,0xE0FE,0xA0FF,0x6018,0x0000,0x40FF,0xC0FF,0xA0F5,
    0x40ED,0x60ED,0xA0FF,0x00FF,0x0100,0xE151,0xA0FF,0xA0FF,0xE0FF,0xE0FF,0xE0FF,0x0108,
    0x81F5,0x60FF,0xE0FE,0xE038,0x81CC,0xE0FF,0xC0FF,0x60FE,0x8149,0x0000,0x0000,0x0000,
    0x0000,0x0000,0x0000,0x0000,0x0000,0x0000,0x0000,0x0000,0x0000,0x0000,0x0000,0x0000,
    0x0000,0x0000,0x0000,0x0000,0x0000,0x0000,0x0000,0x0000,0x0000,0x0000,0x0000,0x0000,
    0x0000,0x0000,0x0000,0x0000,0x0000,0x0000,0x0000,0x0000,0x0000,0x0000,0x0000,0x0000,
    0x0000,0x0000,0x0000,0x0000,0x0000,0x0000,0x0000,0x0000,0x0000,0x0000,0x0000,0x0000,
    0x0000,0x0000,0x0000,0x0000,0x0000,0x0000,0x0000,0x0000,0x0000,0x0000,0x0000,0x0000,
    0x0000,0x0000,0x0000,0x0000,0x0000,0x0000,0x0000,0x0000,0x0000,0x0000,0x0000,0x0000,
    0x0000,0x0000,0x0000,0x0000,0x0000,0x0C63,0xBEF7,0xFFFF,0xFFFF,0xFFFF,0xFFFF,0xFFFF,
    0xFFFF,0x18C6,0x4108,0x9EF7,0xFFFF,0xFFFF,0x75AD,0x2421,0x1CE7,0xFFFF,0xFFFF,0xFFFF,
    0x5DEF,0xFFFF,0xFFFF,0x7DEF,0x718C,0xFFFF,0xFFFF,0xFFFF,0xEF7B,0x2842,0x2842,0xBAD6,
    0xFFFF,0xFFFF,0xFFFF,0x4B6B,0x0000,0x0062,0xE0FF,0x60FF,0x60ED,0x0100,0x4108,0x2000,
    0x2000,0x4008,0x0000,0x00D5,0xA0FF,0x60FF,0x20B4,0xE061,0x20FF,0x20FF,0xA0FF,0x0000,
    0xC0DC,0xE0FF,0x40FE,0x8128,0x0108,0x40E5,0xE0FF,0x00EE,0xA151,0x40FF,0xA0FF,0x00B4,
    0x2062,0xC07A,0xE051,0x0062,0xC0FF,0xE0FE,0xC0FE,0x21C4,0xA0FE,0xA0FF,0x6093,0x0000,
    0x2000,0x2000,0x2000,0x0000,0x0000,0x0000,0x0000,0x0000,0x0000,0x0000,0x0000,0x0000,
    0x0000,0x0000,0x0000,0x0000,0x0000,0x0000,0x0000,0x0000,0x0000,0x0000,0x0000,0x0000,
    0x0000,0x0000,0x0000,0x0000,0x0000,0x0000,0x0000,0x0000,0x0000,0x0000,0x0000,0x0000,
    0x0000,0x0000,0x0000,0x0000,0x0000,0x0000,0x0000,0x0000,0x0000,0x0000,0x0000,0x0000,
    0x0000,0x0000,0x0000,0x0000,0x0000,0x0000,0x0000,0x0000,0x0000,0x0000,0x0000,0x0000,
    0x0000,0x0000,0x0000,0x0000,0x0000,0x0000,0x0000,0x0000,0x0000,0x0000,0x0000,0x0000,
    0x0000,0x0000,0x0000,0x0000,0x0000,0x0000,0x0000,0x0000,0x0000,0x0000,0x0000,0xE318,
    0x14A5,0xFFFF,0xDFFF,0xFFFF,0xFFFF,0x1CE7,0xFBDE,0xFFFF,0xFFFF,0xFFFF,0x4108,0x0000,
    0x18C6,0xFFFF,0xFFFF,0xCF7B,0xFBDE,0xFFFF,0xFFFF,0x3084,0x6108,0xFFFF,0xFFFF,0xFFFF,
    0x0421,0x0000,0x0000,0xFFFF,0xFFFF,0xFFFF,0xCB5A,0x0000,0x0100,0x6172,0xE0FF,0xA0FF,
    0xC17A,0x0100,0xC118,0x8110,0xA110,0x2100,0x4108,0xE0FE,0x00FF,0xE0FF,0x8072,0x0000,
    0x80FF,0xA0FF,0x20D5,0x807A,0x20FF,0x00FF,0xE0FE,0x80FE,0xC0FE,0x80FF,0x80FF,0x61C4,
    0x6193,0xE0FF,0x61FD,0x0000,0x0000,0x0000,0x0000,0x00D5,0xC0FF,0xC0FE,0x00FF,0x40FF,
    0x20FF,0xA0FF,0x4118,0x0200,0x8110,0x0000,0x0000,0x0000,0x0000,0x0000,0x0000,0x0000,
    0x0000,0x0000,0x0000,0x0000,0x0000,0x0000,0x0000,0x0000,0x0000,0x0000,0x0000,0x0000,
    0x0000,0x0000,0x0000,0x0000,0x0000,0x0000,0x0000,0x0000,0x0000,0x0000,0x0000,0x0000,
    0x0000,0x0000,0x0000,0x0000,0x0000,0x0000,0x0000,0x0000,0x0000,0x0000,0x0000,0x0000,
    0x0000,0x0000,0x0000,0x0000,0x0000,0x0000,0x0000,0x0000,0x0000,0x0000,0x0000,0x0000,
    0x0000,0x0000,0x0000,0x0000,0x0000,0x0000,0x0000,0x0000,0x0000,0x0000,0x0000,0x0000,
    0x0000,0x0000,0x0000,0x0000,0x0000,0x0000,0x0000,0x0000,0x0000,0x0000,0x8210,0x0000,
    0x0000,0x0000,0x0000,0x0000,0x0000,0x0000,0x2842,0xFFFF,0xDFFF,0xFFFF,0xFFFF,0xDFFF,
    0xFFFF,0xFFFF,0x0000,0x0000,0x59CE,0xFFFF,0xFFFF,0xEB5A,0x75B5,0xFFFF,0xFFFF,0x518C,
    0xC318,0xFFFF,0xFFFF,0xFFFF,0x0842,0x0000,0x0000,0xFFFF,0xFFFF,0xFFFF,0x8108,0x0000,
    0x0200,0xE082,0xC0FF,0x60FF,0xA0ED,0x0000,0x0100,0x0100,0x0100,0x0200,0xC120,0xA0FF,
    0xC0F6,0xE0FF,0x418B,0x0000,0x80FF,0xE0FF,0xE0A3,0x00BC,0xC0FF,0xC0FE,0x20FF,0xC0FF,
    0xE0FF,0x00FF,0x008B,0x0000,0xC182,0xE0FF,0x01ED,0x0000,0x0000,0x0000,0x0000,0xE0F5,
    0x80FF,0xC0FE,0x80FF,0x80FF,0xE0FE,0xA0FF,0x0131,0x2300,0x0321,0x0000,0x0000,0x0000,
    0x0000,0x0000,0x0000,0x0000,0x0000,0x0000,0x0000,0x0000,0x0000,0x0000,0x0000,0x0000,
    0x0000,0x0000,0x0000,0x0000,0x0000,0x0000,0x0000,0x0000,0x0000,0x0000,0x0000,0x0000,
    0x0000,0x0000,0x0000,0x0000,0x0000,0x0000,0x0000,0x0000,0x0000,0x0000,0x0000,0x0000,
    0x0000,0x0000,0x0000,0x0000,0x0000,0x0000,0x0000,0x0000,0x0000,0x0000,0x0000,0x0000,
    0x0000,0x0000,0x0000,0x0000,0x0000,0x0000,0x0000,0x0000,0x0000,0x0000,0x0000,0x0000,
    0x0000,0x0000,0x0000,0x0000,0x0000,0x0000,0x0000,0x0000,0x0000,0x0000,0x0000,0x0000,
    0x0000,0x8210,0x0000,0x4108,0xBEF7,0xDFFF,0xAE73,0xB29C,0xA631,0xC739,0x96B5,0xFFFF,
    0xDFFF,0xFFFF,0xFFFF,0xFFFF,0xFFFF,0x9EF7,0x0000,0xC739,0xBAD6,0xFFFF,0x18C6,0xC318,
    0x1CE7,0xFFFF,0xFFFF,0x9294,0xAE73,0xFFFF,0xFFFF,0x7DF7,0xE318,0x0000,0x8A52,0xFFFF,
    0xFFFF,0xBEF7,0x0000,0x2008,0x0100,0x406A,0xE0FF,0xE0FE,0x40FF,0xE0B3,0x418B,0xA1A3,
    0x418B,0x20CD,0xE0FE,0x00FF,0x00FF,0xA0FE,0x0031,0x0000,0x80FF,0xE0FF,0x00AC,0xE0BB,
    0xA0FF,0x00FF,0x60FE,0xC061,0x6072,0x4049,0xE059,0x208B,0xA0FE,0x40FF,0xA0FE,0x6049,
    0x0000,0x2062,0x0093,0x60F6,0x20FF,0xA0FF,0x609B,0x00AC,0x80FF,0xC0FF,0xC0CC,0x0100,
    0x8208,0x0000,0x0000,0x0000,0x0000,0x0000,0x0000,0x0000,0x0000,0x0000,0x0000,0x0000,
    0x0000,0x0000,0x0000,0x0000,0x0000,0x0000,0x0000,0x0000,0x0000,0x0000,0x0000,0x0000,
    0x0000,0x0000,0x0000,0x0000,0x0000,0x0000,0x0000,0x0000,0x0000,0x0000,0x0000,0x0000,
    0x0000,0x0000,0x0000,0x0000,0x0000,0x0000,0x0000,0x0000,0x0000,0x0000,0x0000,0x0000,
    0x0000,0x0000,0x0000,0x0000,0x0000,0x0000,0x0000,0x0000,0x0000,0x0000,0x0000,0x0000,
    0x0000,0x0000,0x0000,0x0000,0x0000,0x0000,0x0000,0x0000,0x0000,0x0000,0x0000,0x0000,
    0x0000,0x0000,0x0000,0x0000,0x0000,0x0000,0x0000,0x6529,0xFFFF,0xFFFF,0xFFFF,0xFFFF,
    0xDFFF,0xFFFF,0xFFFF,0xFFFF,0xFFFF,0xFFFF,0xFFFF,0xFFFF,0xFFFF,0xAE73,0x0000,0x3CE7,
    0xFFFF,0xFFFF,0x6D6B,0x8631,0xFFFF,0xBEF7,0xFFFF,0x6D6B,0xB6B5,0xFFFF,0xFFFF,0x79CE,
    0x0000,0x0000,0x718C,0xFFFF,0xFFFF,0x38C6,0x0000,0x6010,0x0000,0x606A,0xE0FF,0xA0FE,
    0xE0FE,0xA0FF,0xE0FF,0xE0FF,0xE0FF,0xA0FF,0x20FF,0xE0FE,0x20FF,0xE0FE,0x0000,0x0000,
    0x40FF,0xE0FF,0x80BC,0xC082,0x80FF,0x20FF,0xE0FE,0x80ED,0xA0F5,0xA0FD,0x80FF,0xE0FF,
    0xE0FF,0xE0FE,0x60FF,0x00FF,0x61FE,0x81FE,0x00FF,0x40FF,0xA0FE,0xE0FF,0x8049,0x0108,
    0xE0FF,0x20FF,0x40FF,0x0100,0x0000,0x0000,0x0000,0x0000,0x0000,0x0000,0x0000,0x0000,
    0x0000,0x0000,0x0000,0x0000,0x0000,0x0000,0x0000,0x0000,0x0000,0x0000,0x0000,0x0000,
    0x0000,0x0000,0x0000,0x0000,0x0000,0x0000,0x0000,0x0000,0x0000,0x0000,0x0000,0x0000,
    0x0000,0x0000,0x0000,0x0000,0x0000,0x0000,0x0000,0x0000,0x0000,0x0000,0x0000,0x0000,
    0x0000,0x0000,0x0000,0x0000,0x0000,0x0000,0x0000,0x0000,0x0000,0x0000,0x0000,0x0000,
    0x0000,0x0000,0x0000,0x0000,0x0000,0x0000,0x0000,0x0000,0x0000,0x0000,0x0000,0x0000,
    0x0000,0x0000,0x0000,0x0000,0x0000,0x0000,0x0000,0x0000,0x0000,0x8210,0x0000,0x6110,
    0xFFFF,0xDFFF,0xBEF7,0xDFFF,0xFFFF,0xDFFF,0xDFFF,0xFFFF,0x9AD6,0xE420,0xFFFF,0xFFFF,
    0xFFFF,0x2C6B,0xE318,0xFFFF,0xBEF7,0xFFFF,0x718C,0x8631,0xFFFF,0xFFFF,0xBADE,0x2842,
    0xFFFF,0xFFFF,0xFFFF,0x3084,0x2000,0x0000,0xAE7B,0xFFFF,0xFFFF,0x18C6,0x0000,0x4008,
    0x0000,0x0000,0x40DD,0xC0FF,0xE0FE,0xE0FE,0xA0F6,0x80F6,0x80F6,0x80F6,0xA0FE,0xC0FE,
    0xA0FF,0x418B,0x0000,0x4093,0xC0FF,0x80FF,0xE059,0x0000,0xC0DC,0x60FF,0xC0FE,0x20FF,
    0x20FF,0x00FF,0x40FF,0xA0FE,0x80A3,0x60FF,0x00FF,0xC0FE,0x40FF,0x60FF,0x00FF,0x00FF,
    0x40FF,0xA0FF,0x0100,0x4141,0xC1FD,0x40FF,0x40FF,0x21FE,0x8041,0x0100,0x0000,0x0000,
    0x0000,0x0000,0x0000,0x0000,0x0000,0x0000,0x0000,0x0000,0x0000,0x0000,0x0000,0x0000,
    0x0000,0x0000,0x0000,0x0000,0x0000,0x0000,0x0000,0x0000,0x0000,0x0000,0x0000,0x0000,
    0x0000,0x0000,0x0000,0x0000,0x0000,0x0000,0x0000,0x0000,0x0000,0x0000,0x0000,0x0000,
    0x0000,0x0000,0x0000,0x0000,0x0000,0x0000,0x0000,0x0000,0x0000,0x0000,0x0000,0x0000,
    0x0000,0x0000,0x0000,0x0000,0x0000,0x0000,0x0000,0x0000,0x0000,0x0000,0x0000,0x0000,
    0x0000,0x0000,0x0000,0x0000,0x0000,0x0000,0x0000,0x0000,0x0000,0x0000,0x0000,0x0000,
    0x0000,0x2000,0x0000,0xA210,0xFFFF,0xFFFF,0xFFFF,0xFFFF,0xFFFF,0xFFFF,0xFFFF,0xFBE6,
    0x0000,0x0000,0xFFFF,0xFFFF,0xFFFF,0xAE73,0x2C63,0xFFFF,0xFFFF,0xFFFF,0x494A,0x0C63,
    0xFFFF,0xFFFF,0x95AD,0xEB5A,0xFFFF,0xFFFF,0xFFFF,0x8529,0x2000,0x0000,0x718C,0xFFFF,
    0xFFFF,0x59CE,0x0000,0x2000,0x2000,0x0000,0xA0AB,0xC0FF,0x80FE,0xA0FE,0x40FF,0xE0FF,
    0xE0FF,0xE0FF,0xE0FF,0x80FF,0x60FF,0x4162,0x0000,0x60BC,0xE0FF,0xE0FF,0xE059,0x0000,
    0xA028,0xA0FE,0xE0FF,0xC0FF,0xE0FF,0xE0FF,0xE0FF,0x60C4,0x0000,0x40C4,0x60FF,0xE0FF,
    0xC0FE,0x00FF,0x20E5,0xA0F5,0x40FF,0x00FF,0x4108,0x0100,0x81FD,0x60FF,0xA0FE,0xC1FF,
    0x2062,0x0000,0xE220,0x0000,0x0000,0x0000,0x0000,0x0000,0x0000,0x0000,0x0000,0x0000,
    0x0000,0x0000,0x0000,0x0000,0x0000,0x0000,0x0000,0x0000,0x0000,0x0000,0x0000,0x0000,
    0x0000,0x0000,0x0000,0x0000,0x0000,0x0000,0x0000,0x0000,0x0000,0x0000,0x0000,0x0000,
    0x0000,0x0000,0x0000,0x0000,0x0000,0x0000,0x0000,0x0000,0x0000,0x0000,0x0000,0x0000,
    0x0000,0x0000,0x0000,0x0000,0x0000,0x0000,0x0000,0x0000,0x0000,0x0000,0x0000,0x0000,
    0x0000,0x0000,0x0000,0x0000,0x0000,0x0000,0x0000,0x0000,0x0000,0x0000,0x0000,0x0000,
    0x0000,0x0000,0x0000,0x0000,0x0000,0x2000,0x6108,0x0000,0x494A,0xD29C,0x14A5,0xFFFF,
    0xB6BD,0x9294,0x0B63,0x2000,0x0000,0x2000,0x2421,0x694A,0xA210,0x6108,0x2000,0xC739,
    0x8A52,0xA210,0x0000,0x4108,0xE318,0xA218,0x4000,0x2000,0x2421,0xE320,0x4529,0xA210,
    0x6108,0x0000,0x8631,0x1084,0x2000,0xC318,0x0000,0x2108,0x0000,0x0000,0xC020,0xC128,
    0xE028,0x81A3,0x80A3,0xE0A3,0xC0A3,0xC0A3,0xE0AB,0xC0AB,0x0131,0x8010,0x0100,0xA118,
    0xC1A3,0x41BC,0x4108,0x0000,0x0000,0x6041,0x40BC,0xA0A3,0xA0A3,0x20B4,0xA051,0x0000,
    0x0000,0x0000,0x4141,0x40BC,0x8172,0x8120,0xA118,0xA120,0x0131,0x0131,0x0000,0x0000,
    0xE028,0xA028,0x8020,0xE028,0x4008,0x0000,0x2008,0x0000,0x0000,0x0000,0x0000,0x0000,
    0x0000,0x0000,0x0000,0x0000,0x0000,0x0000,0x0000,0x0000,0x0000,0x0000,0x0000,0x0000,
    0x0000,0x0000,0x0000,0x0000,0x0000,0x0000,0x0000,0x0000,0x0000,0x0000,0x0000,0x0000,
    0x0000,0x0000,0x0000,0x0000,0x0000,0x0000,0x0000,0x0000,0x0000,0x0000,0x0000,0x0000,
    0x0000,0x0000,0x0000,0x0000,0x0000,0x0000,0x0000,0x0000,0x0000,0x0000,0x0000,0x0000,
    0x0000,0x0000,0x0000,0x0000,0x0000,0x0000,0x0000,0x0000,0x0000,0x0000,0x0000,0x0000,
    0x0000,0x0000,0x0000,0x0000,0x0000,0x0000,0x0000,0x0000,0x0000,0xA210,0x6108,0x0000,
    0x0000,0x0000,0x0000,0x4108,0x0000,0x0000,0x0000,0x0000,0x4108,0x0000,0x0000,0x0000,
    0x0000,0x0000,0x0000,0x0000,0x0000,0x0000,0x0000,0x0000,0x0000,0x0000,0x0000,0x0000,
    0x0000,0x0000,0x0000,0x0000,0x4108,0x2000,0x0000,0x0000,0x0000,0x0000,0x2000,0x2000,
    0x0000,0x0000,0x4200,0x0000,0x0000,0x0100,0x0000,0x0000,0x0000,0x0000,0x0000,0x0000,
    0x0000,0x0000,0x6108,0x0000,0x0000,0x0000,0x0000,0x2000,0x2000,0x0000,0x0000,0x0000,
    0x0000,0x0000,0x0000,0x0000,0x4008,0x2000,0x0100,0x0100,0x0000,0x0000,0x0000,0x0000,
    0x0000,0x0000,0x2000,0x4108,0x0000,0x0000,0x0000,0x0000,0x0100,0x2000,0x0000,0x0000,
    0x0000,0x0000,0x0000,0x0000,0x0000,0x0000,0x0000,0x0000,0x0000,0x0000,0x0000,0x0000,
    0x0000,0x0000,0x0000,0x0000,0x0000,0x0000,0x0000,0x0000,0x0000,0x0000,0x0000,0x0000,
    0x0000,0x0000,0x0000,0x0000,0x0000,0x0000,0x0000,0x0000,0x0000,0x0000,0x0000,0x0000,
    0x0000,0x0000,0x0000,0x0000,0x0000,0x0000,0x0000,0x0000,0x0000,0x0000,0x0000,0x0000,
    0x0000,0x0000,0x0000,0x0000,0x0000,0x0000,0x0000,0x0000,0x0000,0x0000,0x0000,0x0000,
    0x0000,0x0000,0x0000,0x0000,0x0000,0x0000,0x0000,0x0000,0x0000,0x0000,0x0000,0x0000,
    0x0000,0x0000,0x8210,0x6108,0xA210,0x0000,0x4108,0x2000,0x6108,0x6108,0x2000,0x0000,
    0x2000,0x2000,0x0000,0x0000,0x0000,0x0000,0x0000,0x0000,0x0000,0x0000,0x0000,0x0000,
    0x0000,0x0000,0x0000,0x0000,0x0000,0x0000,0x0000,0x0000,0x4108,0x0000,0x0000,0x0000,
    0x0000,0x0000,0x2000,0x0000,0x0000,0x0000,0xA210,0x0000,0x0000,0x6110,0x6108,0x2000,
    0x0000,0x6108,0x0000,0x0000,0x0000,0x0000,0x2008,0x0000,0x0000,0x0000,0x0000,0x2000,
    0x2000,0x0000,0x4008,0x8110,0x6110,0x0000,0x2000,0x2000,0x0000,0x6108,0x2008,0x6110,
    0x2000,0x0000,0x0000,0x0000,0x0000,0x0000,0x2000,0x6108,0x0000,0x0000,0x0000,0x0000,
    0x2000,0x2000,0x0000,0x0000,0x0000,0x0000,0x0000,0x0000,0x0000,0x0000,0x0000,0x0000,
    0x0000,0x0000,0x0000,0x0000,0x0000,0x0000,0x0000,0x0000,0x0000,0x0000,0x0000,0x0000,
    0x0000,0x0000,0x0000,0x0000,0x0000,0x0000,0x0000,0x0000,0x0000,0x0000,0x0000,0x0000,
    0x0000,0x0000,0x0000,0x0000,0x0000,0x0000,0x0000,0x0000,0x0000,0x0000,0x0000,0x0000,
    0x0000,0x0000,0x0000,0x0000,0x0000,0x0000,0x0000,0x0000,0x0000,0x0000,0x0000,0x0000,
    0x0000,0x0000,0x0000,0x0000,0x0000,0x0000,0x0000,0x0000,0x0000,0x0000,0x0000,0x0000,
    0x0000,0x0000,0x0000,0x0000,0x0000,0x0000,0x0000,0x0000,0x0000,0x0000,0x8110,0x0000,
    0x2000,0x8210,0x0000,0x0000,0x0000,0x0000,0x0000,0x0000,0x0000,0x0000,0x0000,0x0000,
    0x0000,0x0000,0x0000,0x0000,0x0000,0x0000,0x0000,0x0000,0x0000,0x0000,0x0000,0x0000,
    0x0000,0x0000,0x0000,0x0000,0x0000,0x0000,0x0000,0x0000,0x0000,0x0000,0x0000,0x0000,
    0x0000,0x2000,0x0000,0x2000,0x0000,0x0000,0x0000,0x0000,0x0000,0x0000,0x0000,0x0000,
    0x0000,0x0000,0x0000,0x0000,0x0000,0x0000,0x0000,0x0000,0x0000,0x0000,0x0000,0x0000,
    0x0000,0x0000,0x0000,0x8208,0x6108,0x0000,0x0000,0x0000,0x0000,0x0000,0x0000,0x0000,
    0x0000,0x0000,0x0000,0x0000,0x0000,0x0000,0x0000,0x0000,0x0000,0x0000,0x0000,0x0000,
    0x0000,0x0000,0x0000,0x0000,0x0000,0x0000,0x0000,0x0000,0x0000,0x0000,0x0000,0x0000,
    0x0000,0x0000,0x0000,0x0000,0x0000,0x0000,0x0000,0x0000,0x0000,0x0000,0x0000,0x0000,
    0x0000,0x0000,0x0000,0x0000,0x0000,0x0000,0x0000,0x0000,
};

static const uint8_t sniffcheck_logo_8_mask[1600] = {
    0x00,0x00,0x00,0x00,0x00,0x00,0x00,0x00,0x00,0x00,0x00,0x00,0x00,0x00,0x00,0x7F,
    0xC0,0x00,0x00,0x00,0x00,0x00,0x00,0x00,0x00,0x00,0x00,0x00,0x00,0x00,0x00,0x00,
    0x00,0x00,0x03,0xFF,0xF8,0x00,0x00,0x00,0x00,0x00,0x00,0x00,0x00,0x00,0x00,0x00,
    0x00,0x00,0x00,0x00,0x00,0x00,0x0F,0xFF,0xFE,0x00,0x00,0x00,0x00,0x00,0x00,0x00,
    0x00,0x00,0x00,0x00,0x00,0x00,0x00,0x00,0x00,0x00,0x3F,0xFF,0xFF,0x80,0x00,0x00,
    0x00,0x00,0x00,0x00,0x00,0x20,0x00,0x00,0x00,0x00,0x00,0x00,0x00,0x00,0x7F,0xFF,
    0xFF,0xC0,0x00,0x00,0x00,0x00,0x00,0x00,0x00,0x60,0x00,0x00,0x00,0x00,0x00,0x00,
    0x00,0x01,0xFF,0xFF,0xFF,0xE0,0x00,0x00,0x00,0x00,0x00,0x00,0x00,0xE0,0x00,0x00,
    0x00,0x00,0x00,0x00,0x00,0x03,0xFF,0xFF,0xFF,0xF0,0x00,0x00,0x00,0x00,0x00,0x00,
    0x00,0xE0,0x00,0x00,0x00,0x00,0x00,0x00,0x00,0x03,0xFF,0xC0,0x7F,0xF8,0x00,0x00,
    0x00,0x00,0x00,0x00,0x01,0xE0,0x00,0x00,0x00,0x00,0x00,0x00,0x00,0x07,0xFE,0x00,
    0x0F,0xF8,0x00,0x00,0x00,0x00,0x00,0x00,0x01,0xE0,0x00,0x00,0x00,0x00,0x00,0x00,
    0x00,0x07,0xFC,0x1C,0x07,0xF8,0x00,0x00,0x00,0x00,0x00,0x00,0x01,0xE0,0x00,0x00,
    0x00,0x00,0x00,0x00,0x00,0x07,0xF8,0xFF,0xC3,0xF8,0x00,0x00,0x00,0x00,0x00,0x00,
    0x01,0xF0,0x00,0x00,0x00,0x00,0x00,0x00,0x00,0x03,0xF3,0xFF,0xF0,0xF0,0x00,0x00,
    0x00,0x00,0x00,0x00,0x01,0xF0,0x00,0x00,0x00,0x00,0x00,0x00,0x00,0x01,0xE7,0xFF,
    0xFC,0x00,0x00,0x00,0x00,0x00,0x00,0x00,0x01,0xF0,0x00,0x00,0x00,0x00,0x00,0x00,
    0x00,0x00,0x0F,0xFF,0xFE,0x00,0x00,0x00,0x00,0x00,0x00,0x00,0x01,0xF8,0x00,0x00,
    0x00,0x00,0x00,0x00,0x00,0x00,0x0F,0xFF,0xFF,0x00,0x00,0x00,0x00,0x00,0x00,0x00,
    0x01,0xFC,0x00,0x00,0x00,0x00,0x00,0x00,0x00,0x00,0x1F,0xFF,0xFF,0x00,0x00,0x00,
    0x00,0x00,0x00,0x00,0x01,0xFE,0x00,0x00,0x00,0x00,0x00,0x00,0x00,0x00,0x1F,0xC0,
    0x7F,0x00,0x00,0x00,0x00,0x00,0x00,0x00,0x01,0xFF,0x00,0x7F,0xFF,0x80,0x00,0x00,
    0x00,0x00,0x0F,0x1F,0x9E,0x00,0x00,0x00,0x00,0x00,0x00,0x00,0x00,0xFF,0xC1,0xFF,
    0xFF,0xF0,0x00,0x00,0x00,0x00,0x06,0x7F,0xCC,0x00,0x00,0x00,0x00,0x00,0x00,0x00,
    0x00,0xFF,0xF7,0xFF,0xFF,0xFC,0x00,0x00,0x00,0x00,0x00,0xFF,0xE0,0x00,0x00,0x00,
    0x00,0x00,0x00,0x00,0x00,0x7F,0xFF,0xFF,0xFF,0xFF,0x80,0x00,0x00,0x00,0x00,0xFF,
    0xE0,0x00,0x00,0x00,0x00,0x00,0x00,0x00,0x00,0x3F,0xFF,0xFF,0xFF,0xFF,0xE0,0x00,
    0x00,0x00,0x00,0xFF,0xE0,0x00,0x00,0x00,0x00,0x00,0x00,0x00,0x00,0x1F,0xFF,0xFF,
    0xFF,0xFF,0xF8,0x00,0x00,0x00,0x00,0x61,0xC0,0x00,0x00,0x00,0x00,0x00,0x00,0x00,
    0x00,0x1F,0xFF,0xFF,0xFF,0xFF,0xFC,0x00,0x00,0x00,0x00,0x0E,0x00,0x00,0x00,0x00,
    0x00,0x00,0x00,0x00,0x00,0x07,0xFF,0xFF,0xFF,0xFF,0xFE,0x00,0x00,0x00,0x00,0x3F,
    0x00,0x00,0x00,0x00,0x00,0x00,0x00,0x00,0x00,0x03,0xFF,0xFF,0xFF,0xFF,0xFF,0x80,
    0x00,0x00,0x00,0x3F,0x80,0x00,0x00,0x00,0x00,0x00,0x00,0x00,0x00,0x01,0xFF,0xFF,
    0xFF,0xFF,0xFF,0xC0,0x00,0x00,0x00,0x7F,0x80,0x00,0x00,0x00,0x00,0x00,0x00,0x00,
    0x00,0x03,0xFF,0xFF,0xFF,0xFF,0xFF,0xF0,0x00,0x00,0x00,0x7F,0x80,0x00,0x00,0x00,
    0x00,0x00,0x00,0x00,0x00,0x07,0xFF,0xFF,0xFF,0xFF,0xFF,0xF8,0x00,0x00,0x00,0x7F,
    0x80,0x00,0x00,0x00,0x00,0x00,0x00,0x00,0x00,0x07,0xFF,0xFF,0xFF,0xFF,0xFF,0xFC,
    0x00,0x00,0x00,0x3F,0x00,0x00,0x00,0x00,0x00,0x00,0x00,0x00,0x00,0x07,0xFF,0xFF,
    0xFF,0xFF,0xFF,0xFE,0xC0,0x00,0x00,0x1E,0x00,0x00,0x00,0x00,0x00,0x00,0x00,0x00,
    0x00,0x0F,0xFF,0xFF,0xFF,0xFF,0xFF,0xFF,0xFC,0x00,0x00,0x00,0x00,0x00,0x00,0x00,
    0x00,0x00,0x00,0x00,0x00,0x0F,0xFF,0xFF,0xFF,0xFF,0xFF,0xFF,0xFF,0xF0,0x00,0x00,
    0x00,0x00,0x00,0x00,0x00,0x00,0x00,0x00,0x00,0x0F,0xFF,0xFF,0xFF,0xFF,0xFF,0xFF,
    0xFF,0xF0,0x00,0x00,0x00,0x00,0x00,0x00,0x00,0x00,0x00,0x00,0x00,0x0F,0xFF,0xFF,
    0xFF,0xFF,0xFF,0xFF,0xFF,0xF8,0x00,0x00,0x00,0x00,0x00,0x00,0x00,0x00,0x00,0x00,
    0x00,0x0F,0xFF,0xFF,0xFF,0xFF,0xFF,0xFF,0xFF,0xFC,0x00,0x00,0x00,0x00,0x00,0x00,
    0x00,0x00,0x00,0x00,0x00,0x0F,0xFF,0xFF,0xFF,0xFF,0xFF,0xFF,0xFF,0xFE,0x00,0x00,
    0x00,0x00,0x00,0x00,0x00,0x00,0x00,0x00,0x00,0x0F,0xFF,0xFF,0xFF,0xFF,0xFF,0xFF,
    0xFF,0xFE,0x00,0x00,0x00,0x00,0x00,0x00,0x00,0x00,0x00,0x00,0x00,0x0F,0xFF,0xFF,
    0xFF,0xFF,0xFF,0xFF,0xFF,0xFF,0x00,0x00,0x00,0x00,0x00,0x00,0x00,0x00,0x00,0x00,
    0x00,0x1F,0xFF,0xFF,0xFF,0xFF,0xFF,0xFF,0xFF,0xFF,0x80,0x00,0x00,0x00,0x00,0x00,
    0x00,0x00,0x00,0x00,0x00,0x3F,0xFF,0xFF,0xFF,0xFF,0xFF,0xFF,0xFF,0xFF,0x80,0x00,
    0x00,0x00,0x00,0x00,0x00,0x00,0x00,0x00,0x00,0x7F,0xFF,0xFF,0xFF,0xFF,0xFF,0xFF,
    0xFF,0xFF,0x80,0x00,0x00,0x00,0x00,0x00,0x00,0x00,0x00,0x00,0x00,0x7F,0xFF,0xFF,
    0xFF,0xFF,0xFF,0xFF,0xFF,0xFF,0x80,0x00,0x00,0x00,0x00,0x00,0x00,0x00,0x00,0x00,
    0x00,0xFF,0xFC,0xFF,0xFF,0xFF,0xFF,0xFF,0xFF,0xFF,0x80,0x00,0x00,0x00,0x00,0x00,
    0x00,0x00,0x00,0x00,0x00,0xFF,0xFC,0xFF,0xFF,0xFF,0xFF,0xFF,0xFF,0xFF,0x80,0x00,
    0x00,0x00,0x00,0x00,0x00,0x00,0x00,0x00,0x00,0xFF,0xF1,0xFF,0xEF,0xFF,0xFF,0xFF,
    0xFF,0xFF,0x80,0x00,0x00,0x00,0x00,0x00,0x00,0x00,0x00,0x00,0x00,0xFF,0xE1,0xFF,
    0x87,0xFF,0xFF,0xFF,0xFF,0xFF,0x80,0x00,0x00,0x00,0x00,0x00,0x00,0x00,0x00,0x00,
    0x00,0xFF,0xC1,0xFF,0x07,0xFF,0xFF,0xFF,0xFF,0xFF,0x80,0x00,0x00,0x00,0x00,0x00,
    0x00,0x00,0x00,0x00,0x00,0xFF,0x01,0xFF,0x03,0xFF,0xFF,0xFF,0xFF,0xFF,0x00,0x00,
    0x00,0x00,0x00,0x00,0x00,0x00,0x00,0x00,0x00,0xFF,0x01,0xFF,0x03,0xFF,0xFF,0xFF,
    0xFF,0xFF,0x00,0x00,0x00,0x00,0x00,0x00,0x00,0x00,0x00,0x00,0x00,0xFF,0x00,0xFF,
    0x81,0xFF,0x9F,0xFF,0xFF,0xFF,0x80,0x00,0x00,0x00,0x00,0x00,0x00,0x00,0x00,0x00,
    0x00,0xFF,0x00,0xFF,0x81,0xFF,0xCF,0xFF,0xFF,0xFF,0xC0,0x00,0x00,0x00,0x00,0x00,
    0x00,0x00,0x00,0x00,0x00,0xFE,0x00,0x7F,0xC0,0xFF,0xCF,0xFF,0xFF,0xFF,0xE0,0x00,
    0x00,0x00,0x00,0x00,0x00,0x00,0x00,0x00,0x00,0xFF,0x80,0x7F,0xF0,0xFF,0xF7,0xFF,
    0xFF,0xFF,0xE0,0x00,0x61,0x80,0x00,0x00,0x00,0x00,0x00,0x00,0x00,0xFF,0xC0,0x3F,
    0xF8,0x7F,0xFB,0xFF,0xFF,0xFF,0xE0,0x00,0x73,0x00,0x00,0x00,0x00,0x00,0x00,0x00,
    0x00,0xFF,0xC0,0x3F,0xFC,0x7F,0xFF,0xFF,0xFF,0xFF,0xE0,0x01,0x36,0x00,0x00,0x00,
    0x00,0x00,0x00,0x00,0x00,0xFF,0xE0,0x1F,0xFC,0x3F,0xFF,0xFF,0xFF,0xFF,0xE0,0x03,
    0xFF,0xC0,0x00,0x00,0x00,0x00,0x00,0x00,0x00,0xFF,0xE0,0x0F,0xFC,0x3F,0xFF,0xFF,
    0xFF,0xFF,0xE0,0x04,0xFF,0xC0,0x00,0x00,0x00,0x00,0x00,0x00,0x00,0xFF,0xC0,0x0F,
    0xFC,0x1F,0xFF,0xFF,0x3F,0xFF,0xC0,0x0F,0xFF,0xFC,0x00,0x00,0x00,0x00,0x38,0x00,
    0x00,0x7F,0xC0,0x0F,0xFC,0x1F,0xFF,0xFF,0x1F,0xFF,0x80,0x07,0xFF,0xFC,0x00,0x00,
    0x00,0x00,0x3F,0xFF,0xFF,0xFF,0xFF,0xFF,0xFF,0xFF,0xFF,0xFF,0xFF,0xFF,0xFF,0xFF,
    0xFF,0xFE,0x00,0x00,0x00,0x00,0x00,0x00,0x00,0x3F,0xF0,0x0F,0xFF,0xFF,0xFF,0xFC,
    0x00,0x01,0xFE,0x00,0x00,0x00,0x00,0x00,0x00,0x00,0x00,0x00,0x00,0x7F,0xF8,0x0F,
    0xFF,0xFF,0xFF,0xFC,0x00,0x01,0xFE,0x00,0x00,0x00,0x00,0x00,0x00,0x00,0x00,0x00,
    0x00,0xFF,0xF8,0x1F,0xFF,0xFF,0xFF,0xF8,0x00,0x01,0xFE,0x00,0x00,0x00,0x00,0x00,
    0x00,0x00,0x00,0x00,0x00,0xFF,0xFF,0xFF,0xFF,0xFF,0xFF,0xFE,0x1E,0x0D,0xFF,0x00,
    0x00,0x00,0x00,0x00,0x00,0x00,0x00,0x00,0x01,0xFF,0xFF,0xFF,0xFF,0xFF,0xFF,0xFF,
    0xFF,0xFF,0xFF,0xE0,0x00,0x00,0x00,0x00,0x00,0x00,0x00,0x00,0x01,0xFF,0xFF,0xFF,
    0xFF,0xFF,0xFF,0xFF,0xFF,0xFF,0xFF,0xF0,0x00,0x00,0x00,0x00,0x00,0x00,0x00,0x00,
    0x01,0xFF,0xFF,0xFF,0xFF,0xFF,0xFF,0xFF,0xFF,0xFF,0xFF,0xF0,0x00,0x00,0x00,0x00,
    0x00,0x00,0x00,0x00,0x01,0xFF,0xFF,0xFF,0xFF,0xFF,0xFF,0xFF,0xFF,0xFF,0xFF,0xF0,
    0x00,0x00,0x00,0x00,0x00,0x00,0x00,0x00,0x01,0xFF,0xFF,0xFF,0xFF,0xFF,0xFF,0xFF,
    0xFF,0xFF,0xFF,0xE0,0x00,0x00,0x00,0x00,0x00,0x00,0x00,0x00,0x03,0xFF,0xFF,0xFF,
    0xFF,0xFF,0xFF,0xFF,0xFF,0xFF,0xFF,0x80,0x00,0x00,0x00,0x00,0x00,0x00,0x00,0x00,
    0x03,0xFF,0xFF,0xFF,0xFF,0xFF,0xFF,0xFF,0xFF,0xFF,0xFF,0x80,0x00,0x00,0x00,0x00,
    0x00,0x00,0x00,0x00,0x07,0xFF,0xFF,0xFF,0xFF,0xFF,0xFF,0xFF,0xFF,0xFF,0xFF,0x80,
    0x00,0x00,0x00,0x00,0x00,0x00,0x00,0x00,0x07,0xFF,0xFF,0xFF,0xFF,0xFF,0xFF,0xFF,
    0xFF,0xFF,0xFF,0x80,0x00,0x00,0x00,0x00,0x00,0x00,0x00,0x00,0x07,0xFF,0xFF,0xFF,
    0xFF,0xFF,0xFF,0xFF,0xFF,0xFF,0xFF,0xC0,0x00,0x00,0x00,0x00,0x00,0x00,0x00,0x00,
    0x07,0xFF,0xFF,0xFF,0xFF,0xFF,0xFF,0xFF,0xFF,0xFF,0xFF,0xE0,0x00,0x00,0x00,0x00,
    0x00,0x00,0x00,0x00,0x07,0xFF,0xFF,0xFF,0xFF,0xFF,0xFF,0xFF,0xFF,0xFF,0xFF,0xE0,
    0x00,0x00,0x00,0x00,0x00,0x00,0x00,0x00,0x07,0xFF,0xFF,0xFF,0xFF,0xF7,0xFF,0xFF,
    0xFF,0xFF,0xFF,0xE0,0x00,0x00,0x00,0x00,0x00,0x00,0x00,0x00,0x03,0xFF,0xFF,0xFF,
    0xFF,0xE7,0xFF,0xFF,0xFF,0xFF,0xFF,0xC0,0x00,0x00,0x00,0x00,0x00,0x00,0x00,0x00,
    0x00,0x3C,0x00,0x00,0x00,0x00,0x70,0x00,0x18,0x18,0x00,0x00,0x00,0x00,0x00,0x00,
};
