
#pragma once
#include <stdint.h>

#define SNIFFCHECK_LOGO_9_W 160
#define SNIFFCHECK_LOGO_9_H 80

static const uint16_t sniffcheck_logo_9[12800] = {
    0x0000,0x0000,0x0000,0x0000,0x0000,0x0000,0x0000,0x0000,0x0000,0x0000,0x0000,0x0000,
    0x0000,0x0000,0x0000,0x0000,0x0000,0x0000,0x0000,0x0000,0x0000,0x0000,0x0000,0x0000,
    0x0000,0x0000,0x0000,0x0000,0x0000,0x0000,0x0000,0x0000,0x0000,0x0000,0x0000,0x0000,
    0x0000,0x0000,0x0000,0x0000,0x0000,0x0000,0x0000,0x0000,0x0000,0x0000,0x0000,0x0000,
    0x0000,0x0000,0x0000,0x0000,0x0000,0x0000,0x0000,0x0000,0x0000,0x0000,0x0000,0x0000,
    0x0000,0x0000,0x0000,0x0000,0x0000,0x0000,0x0000,0x0000,0x0000,0x0000,0x0000,0x0000,
    0x0000,0x0000,0x0000,0x0000,0x0000,0x0000,0x0000,0x0000,0x0000,0x0000,0x0000,0x0000,
    0x0000,0x0000,0x0000,0x0000,0x0000,0x0000,0x0000,0x0000,0x0000,0x0000,0x0000,0x0000,
    0x0000,0x0000,0x0000,0x0000,0x0000,0x0000,0x0000,0x0000,0x0000,0x0000,0x0000,0x0000,
    0x0000,0x0000,0x0000,0x0000,0x0000,0x0000,0x0000,0x0000,0x0000,0x0000,0x0000,0x0000,
    0x0000,0x0000,0x0100,0x0100,0x0100,0x0000,0x0100,0x0100,0x0000,0x0000,0x0000,0x0000,
    0x0000,0x0000,0x0000,0x0000,0x0000,0x0000,0x0000,0x0000,0x0000,0x0000,0x0000,0x0000,
    0x0000,0x0000,0x0000,0x0000,0x0000,0x0000,0x0000,0x0000,0x0000,0x0000,0x0000,0x0000,
    0x0000,0x0000,0x0000,0x0000,0x0000,0x0000,0x0000,0x0000,0x0000,0x0000,0x0000,0x0000,
    0x0000,0x0000,0x0000,0x0000,0x0000,0x0000,0x0000,0x0000,0x0000,0x0000,0x0000,0x0000,
    0x0000,0x0000,0x0000,0x0000,0x0000,0x0000,0x0000,0x0000,0x0000,0x0000,0x0000,0x0000,
    0x0000,0x0000,0x0000,0x0000,0x0000,0x0000,0x0000,0x0000,0x0000,0x0000,0x0000,0x0000,
    0x0000,0x0000,0x0000,0x0000,0x0000,0x0000,0x0000,0x0000,0x0000,0x0000,0x0000,0x0000,
    0x0000,0x0000,0x0000,0x0000,0x0000,0x0000,0x0000,0x0000,0x0000,0x0000,0x0000,0x0000,
    0x0000,0x0000,0x0000,0x0000,0x0000,0x0000,0x0000,0x0000,0x0000,0x0000,0x0000,0x0000,
    0x0000,0x0000,0x0000,0x0000,0x0000,0x0000,0x0000,0x0000,0x0000,0x0000,0x0000,0x0000,
    0x0000,0x0000,0x0000,0x0000,0x0000,0x0000,0x0000,0x0000,0x0000,0x0000,0x0000,0x0000,
    0x0000,0x0000,0x0000,0x0000,0x0000,0x0000,0x0000,0x0000,0x0000,0x0000,0x0000,0x0000,
    0x0000,0x0000,0x0000,0x0100,0x0421,0x464A,0x07AD,0x06CE,0xE5CD,0x44D6,0xE5CD,0x66B5,
    0xA57B,0xA431,0x0308,0x0100,0x0000,0x0000,0x0000,0x0000,0x0000,0x0000,0x0000,0x0000,
    0x0000,0x0000,0x0000,0x0000,0x0000,0x0000,0x0000,0x0000,0x0000,0x0000,0x0000,0x0000,
    0x0000,0x0000,0x0000,0x0000,0x0000,0x0000,0x0000,0x0000,0x0000,0x0000,0x0000,0x0000,
    0x0000,0x0000,0x0000,0x0000,0x0000,0x0000,0x0000,0x0000,0x0000,0x0000,0x0000,0x0000,
    0x0000,0x0000,0x0000,0x0000,0x0000,0x0000,0x0000,0x0000,0x0000,0x0000,0x0000,0x0000,
    0x0000,0x0000,0x0000,0x0000,0x0000,0x0000,0x0000,0x0000,0x0000,0x0000,0x0000,0x0000,
    0x0000,0x0000,0x0000,0x0000,0x0000,0x0000,0x0000,0x0000,0x0000,0x0000,0x0000,0x0000,
    0x0000,0x0000,0x0000,0x0000,0x0000,0x0000,0x0000,0x0000,0x0000,0x0000,0x0000,0x0000,
    0x0000,0x0000,0x0000,0x0000,0x0000,0x0000,0x0000,0x0000,0x0000,0x0000,0x0000,0x0000,
    0x0000,0x0000,0x0000,0x0000,0x0000,0x0000,0x0000,0x0000,0x0000,0x0000,0x0000,0x0000,
    0x0000,0x0000,0x0000,0x0000,0x0000,0x0000,0x0000,0x0000,0x0000,0x0000,0x0000,0x0000,
    0x0000,0x0000,0x0000,0x0000,0x0000,0x0000,0x0000,0x0000,0x0000,0x0000,0x0000,0x0000,
    0x0000,0x0000,0x0000,0x0000,0x0000,0x4308,0xA77B,0x46DE,0xE5FF,0xE3FF,0xA1FF,0x60FF,
    0x60FF,0x20FF,0x20FF,0x60FF,0xE1FF,0xE3FF,0x24F7,0xA69C,0xA418,0x0000,0x0000,0x0000,
    0x0000,0x0000,0x0000,0x0000,0x0000,0x0000,0x0000,0x0000,0x0000,0x0000,0x0000,0x0000,
    0x0000,0x0000,0x0000,0x0000,0x0000,0x0000,0x0000,0x0000,0x0000,0x0000,0x0000,0x0000,
    0x0000,0x0000,0x0000,0x0000,0x0000,0x0000,0x0000,0x0000,0x0000,0x0000,0x0000,0x0000,
    0x0000,0x0000,0x0000,0x0000,0x0000,0x0000,0x0000,0x0000,0x0000,0x0000,0x0000,0x0000,
    0x0000,0x0000,0x0000,0x0000,0x0000,0x0000,0x0000,0x0000,0x0000,0x0000,0x0000,0x0000,
    0x0000,0x0000,0x0000,0x0000,0x0000,0x0000,0x0000,0x0000,0x0000,0x0000,0x0000,0x0000,
    0x0000,0x0000,0x0000,0x0000,0x0000,0x0000,0x0000,0x0000,0x0000,0x0000,0x0000,0x0000,
    0x0000,0x0000,0x0000,0x0000,0x0000,0x0000,0x0000,0x0000,0x0000,0x0000,0x0000,0x0000,
    0x0000,0x0000,0x0000,0x0000,0x0000,0x0000,0x0000,0x0000,0x0000,0x0000,0x0000,0x0000,
    0x0000,0x0000,0x0000,0x0000,0x0000,0x0000,0x0000,0x0000,0x0000,0x0000,0x0000,0x0000,
    0x0000,0x0000,0x0000,0x0000,0x0000,0x0000,0x0000,0x0000,0x0000,0x0000,0x0000,0x0000,
    0x0000,0x0000,0x0000,0x0000,0x0000,0x0000,0x0000,0x2300,0x6794,0xC5FF,0xE1FF,0xE0FE,
    0x60FE,0x40FE,0x60FE,0x60FE,0x60FE,0x40F6,0x20F6,0x00EE,0xE0ED,0xE0F5,0xC0FE,0xE1FF,
    0xE6FF,0x68AD,0x8310,0x0000,0x0000,0x0000,0x0000,0x0000,0x0000,0x0000,0x0000,0x0000,
    0x0000,0x0000,0x0000,0x0000,0x0000,0x0000,0x0000,0x0000,0x0000,0x0000,0x0000,0x0000,
    0x0000,0x0000,0x0000,0x0000,0x0000,0x0000,0x0000,0x0000,0x0000,0x0000,0x0000,0x0000,
    0x0000,0x0000,0x0000,0x0000,0x0000,0x0000,0x0000,0x0000,0x0000,0x0000,0x0000,0x0000,
    0x0000,0x0000,0x0000,0x0000,0x0000,0x0000,0x0000,0x0000,0x0000,0x0000,0x0000,0x0000,
    0x0000,0x0000,0x0000,0x0000,0x0000,0x0000,0x0000,0x0000,0x0000,0x0000,0x0000,0x4108,
    0x0000,0x0000,0x0000,0x0000,0x0000,0x0000,0x0000,0x0000,0x0000,0x0000,0x0000,0x0000,
    0x0000,0x0000,0x0000,0x0000,0x0000,0x0000,0x0000,0x0000,0x0000,0x0000,0x0000,0x0000,
    0x0000,0x0000,0x0000,0x0000,0x0000,0x0000,0x0000,0x0000,0x0000,0x0000,0x0000,0x0000,
    0x0000,0x0000,0x0000,0x0000,0x0000,0x0000,0x0000,0x0000,0x0000,0x0000,0x0000,0x0000,
    0x0000,0x0000,0x0000,0x0000,0x0000,0x0000,0x0000,0x0000,0x0000,0x0000,0x0000,0x0000,
    0x0000,0x0000,0x0000,0x0000,0x0000,0x0000,0x0000,0x0000,0x0000,0x0100,0x0442,0x65FF,
    0xE1FF,0x80FE,0x00EE,0x40EE,0x00FF,0x60FF,0x80FF,0xA0FF,0x80FF,0x80FF,0x60FF,0x00FF,
    0x00FF,0x80F6,0x40F6,0x20FE,0x60FE,0xE3FF,0xC6FF,0x2229,0x0100,0x0000,0x0000,0x0000,
    0x0000,0x0000,0x0000,0x0000,0x0000,0x0000,0x0000,0x0000,0x0000,0x0000,0x0000,0x0000,
    0x0000,0x0000,0x0000,0x0000,0x0000,0x0000,0x0000,0x0000,0x0000,0x0000,0x0000,0x0000,
    0x0000,0x0000,0x0000,0x0000,0x0000,0x0000,0x0000,0x0000,0x0000,0x0000,0x0000,0x0000,
    0x0000,0x0000,0x0000,0x0000,0x0000,0x0000,0x0000,0x0000,0x0000,0x0000,0x0000,0x0000,
    0x0000,0x0000,0x0000,0x0000,0x0000,0x0000,0x0000,0x0000,0x0000,0x0000,0x0000,0x0000,
    0x0000,0x0000,0xA218,0x8210,0x0000,0x0000,0x0000,0x0000,0x0000,0x0000,0x0000,0x0000,
    0x0000,0x0000,0x0000,0x0000,0x0000,0x0000,0x0000,0x0000,0x0000,0x0000,0x0000,0x0000,
    0x0000,0x0000,0x0000,0x0000,0x0000,0x0000,0x0000,0x0000,0x0000,0x0000,0x0000,0x0000,
    0x0000,0x0000,0x0000,0x0000,0x0000,0x0000,0x0000,0x0000,0x0000,0x0000,0x0000,0x0000,
    0x0000,0x0000,0x0000,0x0000,0x0000,0x0000,0x0000,0x0000,0x0000,0x0000,0x0000,0x0000,
    0x0000,0x0000,0x0000,0x0000,0x0000,0x0000,0x0000,0x0000,0x0000,0x0000,0x0000,0x0000,
    0x0100,0x81AC,0xE2FF,0x20FF,0x40FE,0xA0FE,0x40FF,0x40FF,0xE0FD,0x60D4,0xE09A,0x4149,
    0x6051,0x4049,0xC169,0x80CB,0xA0DC,0xE0FE,0x80FF,0x01FF,0x81FE,0x60FE,0xE1FE,0xE1FF,
    0x0294,0x0200,0x0000,0x0000,0x0000,0x0000,0x0000,0x0000,0x0000,0x0000,0x0000,0x0000,
    0x0000,0x0000,0x0000,0x0000,0x0000,0x0000,0x0000,0x0000,0x0000,0x0000,0x0000,0x0000,
    0x0000,0x0000,0x0000,0x0000,0x0000,0x0000,0x0000,0x0000,0x0000,0x0000,0x0000,0x0000,
    0x0000,0x0000,0x0000,0x0000,0x0000,0x0000,0x0000,0x0000,0x0000,0x0000,0x0000,0x0000,
    0x0000,0x0000,0x0000,0x0000,0x0000,0x0000,0x0000,0x0000,0x0000,0x0000,0x0000,0x0000,
    0x0000,0x0000,0x0000,0x0000,0x0000,0x0000,0x8CDD,0xC320,0x0000,0x0000,0x0000,0x0000,
    0x0000,0x0000,0x0000,0x0000,0x0000,0x0000,0x0000,0x0000,0x0000,0x0000,0x0000,0x0000,
    0x0000,0x0000,0x0000,0x0000,0x0000,0x0000,0x0000,0x0000,0x0000,0x0000,0x0000,0x0000,
    0x0000,0x0000,0x0000,0x0000,0x0000,0x0000,0x0000,0x0000,0x0000,0x0000,0x0000,0x0000,
    0x0000,0x0000,0x0000,0x0000,0x0000,0x0000,0x0000,0x0000,0x0000,0x0000,0x0000,0x0000,
    0x0000,0x0000,0x0000,0x0000,0x0000,0x0000,0x0000,0x0000,0x0000,0x0000,0x0000,0x0000,
    0x0000,0x0000,0x0000,0x0200,0xC0E5,0xE0FF,0x60FE,0x61FE,0x21FF,0x61FF,0xA0DC,0xE138,
    0x0100,0x0100,0x0100,0x0100,0x0100,0x0100,0x0100,0x0100,0x0100,0x2120,0xE1A2,0x81FE,
    0xC1FF,0x01FF,0xA0FE,0x60FE,0xE0FF,0x2194,0x0100,0x0000,0x0000,0x0000,0x0000,0x0000,
    0x0000,0x0000,0x0000,0x0000,0x0000,0x0000,0x0000,0x0000,0x0000,0x0000,0x0000,0x0000,
    0x0000,0x0000,0x0000,0x0000,0x0000,0x0000,0x0000,0x0000,0x0000,0x0000,0x0000,0x0000,
    0x0000,0x0000,0x0000,0x0000,0x0000,0x0000,0x0000,0x0000,0x0000,0x0000,0x0000,0x0000,
    0x0000,0x0000,0x0000,0x0000,0x0000,0x0000,0x0000,0x0000,0x0000,0x0000,0x0000,0x0000,
    0x0000,0x0000,0x0000,0x0000,0x0000,0x0000,0x0000,0x0000,0x0000,0x29AC,0x69B4,0x0000,
    0x0000,0x0000,0x0000,0x0000,0x0000,0x0000,0x0000,0x0000,0x0000,0x0000,0x0000,0x0000,
    0x0000,0x0000,0x0000,0x0000,0x0000,0x0000,0x0000,0x0000,0x0000,0x0000,0x0000,0x0000,
    0x0000,0x0000,0x0000,0x0000,0x0000,0x0000,0x0000,0x0000,0x0000,0x0000,0x0000,0x0000,
    0x0000,0x0000,0x0000,0x0000,0x0000,0x0000,0x0000,0x0000,0x0000,0x0000,0x0000,0x0000,
    0x0000,0x0000,0x0000,0x0000,0x0000,0x0000,0x0000,0x0000,0x0000,0x0000,0x0000,0x0000,
    0x0000,0x0000,0x0000,0x0000,0x0000,0x0100,0x0100,0xC0DD,0x60FF,0xE0F5,0x60FE,0x40FF,
    0x80F5,0xC138,0x0100,0x0100,0x0000,0x0000,0x0000,0x0000,0x0000,0x0000,0x0000,0x0000,
    0x0000,0x0000,0x0100,0x0108,0x41AB,0x80FF,0x40FF,0xA0FE,0x40F6,0xE0FF,0xE16A,0x0100,
    0x0000,0x0000,0x0000,0x0000,0x0000,0x0000,0x0000,0x0000,0x0000,0x0000,0x0000,0x0000,
    0x0000,0x0000,0x0000,0x0000,0x0000,0x0000,0x0000,0x0000,0x0000,0x0000,0x0000,0x0000,
    0x0000,0x0000,0x0000,0x0000,0x0000,0x0000,0x0000,0x0000,0x0000,0x0000,0x0000,0x0000,
    0x0000,0x0000,0x0000,0x0000,0x0000,0x0000,0x0000,0x0000,0x0000,0x0000,0x0000,0x0000,
    0x0000,0x0000,0x0000,0x0000,0x0000,0x0000,0x0000,0x0000,0x0000,0x0000,0x0000,0x0000,
    0x0000,0x0CF6,0x8793,0x0000,0x0000,0x0000,0x0000,0x0000,0x0000,0x0000,0x0000,0x0000,
    0x0000,0x0000,0x0000,0x0000,0x0000,0x0000,0x0000,0x0000,0x0000,0x0000,0x0000,0x0000,
    0x0000,0x0000,0x0000,0x0000,0x0000,0x0000,0x0000,0x0000,0x0000,0x0000,0x0000,0x0000,
    0x0000,0x0000,0x0000,0x0000,0x0000,0x0000,0x0000,0x0000,0x0000,0x0000,0x0000,0x0000,
    0x0000,0x0000,0x0000,0x0000,0x0000,0x0000,0x0000,0x0000,0x0000,0x0000,0x0000,0x0000,
    0x0000,0x0000,0x0000,0x0000,0x0000,0x0000,0x0000,0x0000,0x0000,0x0200,0x01E6,0x60FF,
    0x00F6,0x60F6,0xE0FE,0xC0F4,0x0100,0x0100,0x4008,0x0000,0x0000,0x0000,0x0000,0x0000,
    0x0000,0x0000,0x0000,0x0000,0x0000,0x0000,0x0000,0x0000,0x0100,0xC140,0x40FE,0x60FF,
    0x60F6,0xA1FF,0x80AC,0x0200,0x0000,0x0000,0x0000,0x0000,0x0000,0x0000,0x0000,0x0000,
    0x0000,0x0000,0x0000,0x0000,0x0000,0x0000,0x0000,0x0000,0x0000,0x0000,0x0000,0x0000,
    0x0000,0x0000,0x0000,0x0000,0x0000,0x0000,0x0000,0x0000,0x0000,0x0000,0x0000,0x0000,
    0x0000,0x0000,0x0000,0x0000,0x0000,0x0000,0x0000,0x0000,0x0000,0x0000,0x0000,0x0000,
    0x0000,0x0000,0x0000,0x0000,0x0000,0x0000,0x0000,0x0000,0x0000,0x0000,0x0000,0x0000,
    0x0000,0x0000,0x0000,0x0000,0x6210,0x6EFF,0xCABC,0x0000,0x0000,0x0000,0x0000,0x0000,
    0x0000,0x0000,0x0000,0x0000,0x0000,0x0000,0x0000,0x0000,0x0000,0x0000,0x0000,0x0000,
    0x0000,0x0000,0x0000,0x0000,0x0000,0x0000,0x0000,0x0000,0x0000,0x0000,0x0000,0x0000,
    0x0000,0x0000,0x0000,0x0000,0x0000,0x0000,0x0000,0x0000,0x0000,0x0000,0x0000,0x0000,
    0x0000,0x0000,0x0000,0x0000,0x0000,0x0000,0x0000,0x0000,0x0000,0x0000,0x0000,0x0000,
    0x0000,0x0000,0x0000,0x0000,0x0000,0x0000,0x0000,0x0000,0x0000,0x0000,0x0000,0x0000,
    0x0200,0x0108,0x40FF,0x40FF,0x80FE,0x00FF,0xA1C3,0x0100,0x0000,0x0000,0x0000,0x0000,
    0x0000,0x0000,0x0000,0x0100,0x0100,0x0100,0x0000,0x0000,0x0000,0x0000,0x0000,0x0000,
    0x2221,0x0200,0x2120,0xC0FE,0x21FF,0xA1FF,0xE1E4,0x0100,0x0000,0x0000,0x0000,0x0000,
    0x0000,0x0000,0x0000,0x0000,0x0000,0x0000,0x0000,0x0000,0x0000,0x0000,0x0000,0x0000,
    0x0000,0x0000,0x0000,0x0000,0x0000,0x0000,0x0000,0x0000,0x0000,0x0000,0x0000,0x0000,
    0x0000,0x0000,0x0000,0x0000,0x0000,0x0000,0x0000,0x0000,0x0000,0x0000,0x0000,0x0000,
    0x0000,0x0000,0x0000,0x0000,0x0000,0x0000,0x0000,0x0000,0x0000,0x0000,0x0000,0x0000,
    0x0000,0x0000,0x0000,0x0000,0x0000,0x0000,0x0000,0x0000,0x6210,0x2EFF,0x6EFE,0x0100,
    0x0000,0x0000,0x0000,0x0000,0x0000,0x0000,0x0000,0x0000,0x0000,0x0000,0x0000,0x0000,
    0x0000,0x0000,0x0000,0x0000,0x0000,0x0000,0x0000,0x0000,0x0000,0x0000,0x0000,0x0000,
    0x0000,0x0000,0x0000,0x0000,0x0000,0x0000,0x0000,0x0000,0x0000,0x0000,0x0000,0x0000,
    0x0000,0x0000,0x0000,0x0000,0x0000,0x0000,0x0000,0x0000,0x0000,0x0000,0x0000,0x0000,
    0x0000,0x0000,0x0000,0x0000,0x0000,0x0000,0x0000,0x0000,0x0000,0x0000,0x0000,0x0000,
    0x0000,0x0000,0x0000,0x0000,0x0000,0x0100,0x4051,0x00FE,0xE0FD,0xA1CB,0x0200,0x2100,
    0x0000,0x0000,0x0000,0x0000,0x0200,0x2321,0xE362,0x04B5,0x04B5,0x024A,0x4342,0x0200,
    0x0200,0x0100,0x0000,0x0000,0x0000,0x0000,0x0100,0xC130,0x00F5,0x60FD,0xC138,0x0100,
    0x0000,0x0000,0x0000,0x0000,0x0000,0x0000,0x0000,0x0000,0x0000,0x0000,0x0000,0x0000,
    0x0000,0x0000,0x0000,0x0000,0x0000,0x0000,0x0000,0x0000,0x0000,0x0000,0x0000,0x0000,
    0x0000,0x0000,0x0000,0x0000,0x0000,0x0000,0x0000,0x0000,0x0000,0x0000,0x0000,0x0000,
    0x0000,0x0000,0x0000,0x0000,0x0000,0x0000,0x0000,0x0000,0x0000,0x0000,0x0000,0x0000,
    0x0000,0x0000,0x0000,0x0000,0x0000,0x0000,0x0000,0x0000,0x0000,0x0000,0x0000,0x0000,
    0xE67A,0x4EFF,0xCFFE,0xC318,0x0000,0x0000,0x0000,0x0000,0x0000,0x0000,0x0000,0x0000,
    0x0000,0x0000,0x0000,0x0000,0x0000,0x0000,0x0000,0x0000,0x0000,0x0000,0x0000,0x0000,
    0x0000,0x0000,0x0000,0x0000,0x0000,0x0000,0x0000,0x0000,0x0000,0x0000,0x0000,0x0000,
    0x0000,0x0000,0x0000,0x0000,0x0000,0x0000,0x0000,0x0000,0x0000,0x0000,0x0000,0x0000,
    0x0000,0x0000,0x0000,0x0000,0x0000,0x0000,0x0000,0x0000,0x0000,0x0000,0x0000,0x0000,
    0x0000,0x0000,0x0000,0x0000,0x0000,0x0000,0x0000,0x0000,0x0000,0x0000,0x0200,0x0110,
    0xA128,0x0100,0xA408,0x0000,0x0000,0x0000,0x0100,0x2442,0x65D6,0xC3FF,0x60FF,0x60FF,
    0x60FF,0x80FF,0xC1FF,0x82F6,0x419C,0x6108,0x0200,0x0000,0x0000,0x0000,0x0000,0x0200,
    0x0100,0x4118,0x0100,0x0000,0x0000,0x0000,0x0000,0x0000,0x0000,0x0000,0x0000,0x0000,
    0x0000,0x0000,0x0000,0x0000,0x0000,0x0000,0x0000,0x0000,0x0000,0x0000,0x0000,0x0000,
    0x0000,0x0000,0x0000,0x0000,0x0000,0x0000,0x0000,0x0000,0x0000,0x0000,0x0000,0x0000,
    0x0000,0x0000,0x0000,0x0000,0x0000,0x0000,0x0000,0x0000,0x0000,0x0000,0x0000,0x0000,
    0x0000,0x0000,0x0000,0x0000,0x0000,0x0000,0x0000,0x0000,0x0000,0x0000,0x0000,0x0000,
    0x0000,0x0000,0x0000,0x0000,0x678B,0x2DFF,0x91FF,0x475A,0x0000,0x0000,0x0000,0x0000,
    0x0000,0x0000,0x0000,0x0000,0x0000,0x0000,0x0000,0x0000,0x0000,0x0000,0x0000,0x0000,
    0x0000,0x0000,0x0000,0x0000,0x0000,0x0000,0x0000,0x0000,0x0000,0x0000,0x0000,0x0000,
    0x0000,0x0000,0x0000,0x0000,0x0000,0x0000,0x0000,0x0000,0x0000,0x0000,0x0000,0x0000,
    0x0000,0x0000,0x0000,0x0000,0x0000,0x0000,0x0000,0x0000,0x0000,0x0000,0x0000,0x0000,
    0x0000,0x0000,0x0000,0x0000,0x0000,0x0000,0x0000,0x0000,0x0000,0x0000,0x0000,0x0000,
    0x0000,0x0000,0x0000,0x0000,0x0000,0x6110,0x0000,0x0000,0x0000,0x0200,0x25C6,0xE2FF,
    0xE0FE,0xE0FD,0xE0FD,0x21FE,0x41FE,0x41FE,0x00FE,0x40FE,0x20FF,0x20FF,0x009C,0x0100,
    0x0100,0x0000,0x0000,0x0000,0x0000,0x0000,0x0000,0x0000,0x0000,0x0000,0x0000,0x0000,
    0x0000,0x0000,0x0000,0x0000,0x0000,0x0000,0x0000,0x0000,0x0000,0x0000,0x0000,0x0000,
    0x0000,0x0000,0x0000,0x0000,0x0000,0x0000,0x0000,0x0000,0x0000,0x0000,0x0000,0x0000,
    0x0000,0x0000,0x0000,0x0000,0x0000,0x0000,0x0000,0x0000,0x0000,0x0000,0x0000,0x0000,
    0x0000,0x0000,0x0000,0x0000,0x0000,0x0000,0x0000,0x0000,0x0000,0x0000,0x0000,0x0000,
    0x0000,0x0000,0x0000,0x0000,0x0000,0x0000,0x0000,0x0000,0x2783,0x2EFF,0x8DFE,0x91FE,
    0x0000,0x0000,0x0000,0x0000,0x0000,0x0000,0x0000,0x0000,0x0000,0x0000,0x0000,0x0000,
    0x0000,0x0000,0x0000,0x0000,0x0000,0x0000,0x0000,0x0000,0x0000,0x0000,0x0000,0x0000,
    0x0000,0x0000,0x0000,0x0000,0x0000,0x0000,0x0000,0x0000,0x0000,0x0000,0x0000,0x0000,
    0x0000,0x0000,0x0000,0x0000,0x0000,0x0000,0x0000,0x0000,0x0000,0x0000,0x0000,0x0000,
    0x0000,0x0000,0x0000,0x0000,0x0000,0x0000,0x0000,0x0000,0x0000,0x0000,0x0000,0x0000,
    0x0000,0x0000,0x0000,0x0000,0x0000,0x0000,0x0000,0x0000,0x0000,0x0000,0x0000,0x0000,
    0x0200,0x63E6,0xC0FF,0x80F5,0x20FE,0xE0FE,0x80FE,0xC0FD,0x80FD,0xC0FD,0x80FE,0x00FF,
    0x60FE,0x20F6,0xA0FF,0xE0FE,0x2129,0x0100,0x0000,0x0000,0x0000,0x0000,0x0000,0x0000,
    0x0000,0x0000,0x0000,0x0000,0x0000,0x0000,0x0000,0x0000,0x0000,0x0000,0x0000,0x0000,
    0x0000,0x0000,0x0000,0x0000,0x0000,0x0000,0x0000,0x0000,0x0000,0x0000,0x0000,0x0000,
    0x0000,0x0000,0x0000,0x0000,0x0000,0x0000,0x0000,0x0000,0x0000,0x0000,0x0000,0x0000,
    0x0000,0x0000,0x0000,0x0000,0x0000,0x0000,0x0000,0x0000,0x0000,0x0000,0x0000,0x0000,
    0x0000,0x0000,0x0000,0x0000,0x0000,0x0000,0x0000,0x0000,0x0000,0x0000,0x0000,0x0000,
    0x0683,0x4EFF,0x8AED,0xF1FF,0x6762,0x0000,0x0000,0x0000,0x0000,0x0000,0x0000,0x0000,
    0x0000,0x0000,0x0000,0x0000,0x0000,0x0000,0x0000,0x0000,0x0000,0x0000,0x0000,0x0000,
    0x0000,0x0000,0x0000,0x0000,0x0000,0x0000,0x0000,0x0000,0x0000,0x0000,0x0000,0x0000,
    0x0000,0x0000,0x0000,0x0000,0x0000,0x0000,0x0000,0x0000,0x0000,0x0000,0x0000,0x0000,
    0x0000,0x0000,0x0000,0x0000,0x0000,0x0000,0x0000,0x0000,0x0000,0x0000,0x0000,0x0000,
    0x0000,0x0000,0x0000,0x0000,0x0000,0x0000,0x0000,0x0000,0x0000,0x0000,0x0000,0x0000,
    0x0000,0x0000,0x0000,0x0200,0xC1CD,0xA0FF,0x80ED,0x40FE,0xE0FD,0xC0B2,0x8038,0x2120,
    0x0110,0x0020,0x8138,0x0182,0xE0F4,0x01FF,0x20FE,0x00FF,0xE1FF,0x8231,0x0100,0x0000,
    0x0000,0x0000,0x0000,0x0000,0x0000,0x0000,0x0000,0x0000,0x0000,0x0000,0x0000,0x0000,
    0x0000,0x0000,0x0000,0x0000,0x0000,0x0000,0x0000,0x0000,0x0000,0x0000,0x0000,0x0000,
    0x0000,0x0000,0x0000,0x0000,0x0000,0x0000,0x0000,0x0000,0x0000,0x0000,0x0000,0x0000,
    0x0000,0x0000,0x0000,0x0000,0x0000,0x0000,0x0000,0x0000,0x0000,0x0000,0x0000,0x0000,
    0x0000,0x0000,0x0000,0x0000,0x0000,0x0000,0x0000,0x0000,0x0000,0x0000,0x0000,0x0000,
    0x0000,0x0000,0x0000,0x0000,0x478B,0xAFFF,0x0CF6,0x4CFE,0x11FF,0x4208,0x0000,0x0000,
    0x0000,0x0000,0x0000,0x0000,0x0000,0x0000,0x0000,0x0000,0x0000,0x0000,0x0000,0x0000,
    0x0000,0x0000,0x0000,0x0000,0x0000,0x0000,0x0000,0x0000,0x0000,0x0000,0x0000,0x0000,
    0x0000,0x0000,0x0000,0x0000,0x0000,0x0000,0x0000,0x0000,0x0000,0x0000,0x0000,0x0000,
    0x0000,0x0000,0x0000,0x0000,0x0000,0x0000,0x0000,0x0000,0x0000,0x0000,0x0000,0x0000,
    0x0000,0x0000,0x0000,0x0000,0x0000,0x0000,0x0000,0x0000,0x0000,0x0000,0x0000,0x0000,
    0x0000,0x0000,0x0000,0x0000,0x0000,0x0000,0x0200,0x8141,0xE0FF,0x60F5,0x00FE,0xE0D3,
    0x2118,0x0100,0x0200,0x0200,0x0000,0x0000,0x0000,0x0200,0x0200,0xA159,0x80FE,0xA2FE,
    0x82FF,0x41FE,0x0100,0x0000,0x0000,0x0000,0x0000,0x0000,0x0000,0x0000,0x0000,0x0000,
    0x0000,0x0000,0x0000,0x0000,0x0000,0x0000,0x0000,0x0000,0x0000,0x0000,0x0000,0x0000,
    0x0000,0x0000,0x0000,0x0000,0x0000,0x0000,0x0000,0x0000,0x0000,0x0000,0x0000,0x0000,
    0x0000,0x0000,0x0000,0x0000,0x0000,0x0000,0x0000,0x0000,0x0000,0x0000,0x0000,0x0000,
    0x0000,0x0000,0x0000,0x0000,0x0000,0x0000,0x0000,0x0000,0x0000,0x0000,0x0000,0x0000,
    0x0000,0x0000,0x0000,0x0000,0x0000,0x0000,0x0000,0x0000,0xE549,0xABE5,0x0CF6,0x0CFE,
    0xADFE,0x11FF,0x2208,0x0000,0x0000,0x0000,0x0000,0x0000,0x0000,0x0000,0x0000,0x0000,
    0x0000,0x0000,0x0000,0x0000,0x0000,0x0000,0xC320,0x6210,0x0000,0x0000,0x0000,0x0000,
    0x0000,0x0000,0x0000,0x0000,0x0000,0x0000,0x0000,0x0000,0x0000,0x0000,0x0000,0x0000,
    0x0000,0x0000,0x0000,0x0000,0x0000,0x0000,0x0000,0x0000,0x0000,0x0000,0x0000,0x0000,
    0x0000,0x0000,0x0000,0x0000,0x0000,0x0000,0x0000,0x0000,0x0000,0x0000,0x0000,0x0000,
    0x0000,0x0000,0x0000,0x0000,0x0000,0x0000,0x0000,0x0000,0x0000,0x0000,0x0000,0x0100,
    0xE0C3,0xA0FD,0x8092,0x0100,0x0200,0x0000,0x0000,0x0000,0x0000,0x0000,0x0000,0x0000,
    0x0000,0x0200,0x8128,0x40F5,0x21FE,0x8169,0x0100,0x0000,0x0000,0x0000,0x0000,0x0000,
    0x0000,0x0000,0x0000,0x0000,0x0000,0x0000,0x0000,0x0000,0x0000,0x0000,0x0000,0x0000,
    0x0000,0x0000,0x0000,0x0000,0x0000,0x0000,0x0000,0x0000,0x0000,0x0000,0x0000,0x0000,
    0x0000,0x0000,0x0000,0x0000,0x0000,0x0000,0x0000,0x0000,0x0000,0x0000,0x0000,0x0000,
    0x0000,0x0000,0x0000,0x0000,0x0000,0x0000,0x0000,0x0000,0x0000,0x0000,0x0000,0x0000,
    0x0000,0x0000,0x0000,0x0000,0x0000,0x0000,0x0000,0x0000,0x0000,0x0000,0x0000,0x0000,
    0x0100,0x08A4,0x89B4,0x6DFE,0xCBF5,0xCDFE,0x74FF,0xA762,0x0000,0x0000,0x0000,0x0000,
    0x0000,0x0000,0x0000,0x0000,0x0000,0x0000,0x0000,0x0652,0x2EC5,0x4CA4,0x71F6,0x10E6,
    0x4CA4,0xCDBC,0xEB93,0x6762,0x675A,0x6539,0xE649,0x8210,0x0000,0x0000,0x0000,0x0000,
    0x0000,0x0000,0x0000,0x0000,0x0000,0x0000,0x0000,0x0000,0x0000,0x0000,0x0000,0x0000,
    0x0000,0x0000,0x0000,0x0000,0x0000,0x0000,0x0000,0x0000,0x0000,0x0000,0x0000,0x0000,
    0x0000,0x0000,0x0000,0x0000,0x0000,0x0000,0x0000,0x0000,0x0000,0x0000,0x0000,0x0000,
    0x0000,0x0000,0x0000,0x0000,0x0100,0xC128,0x0200,0x0000,0x0000,0x0100,0x0200,0x0100,
    0x214A,0xE141,0xA241,0x0200,0x0200,0x0000,0x0200,0x0108,0xE040,0x0100,0x0000,0x0000,
    0x0000,0x0000,0x0000,0x0000,0x0000,0x0000,0x0000,0x0000,0x0000,0x0000,0x0000,0x0000,
    0x0000,0x0000,0x0000,0x0000,0x0000,0x0000,0x0000,0x0000,0x0000,0x0000,0x0000,0x0000,
    0x0000,0x0000,0x0000,0x0000,0x0000,0x0000,0x0000,0x0000,0x0000,0x0000,0x0000,0x0000,
    0x0000,0x0000,0x0000,0x0000,0x0000,0x0000,0x0000,0x0000,0x0000,0x0000,0x0000,0x0000,
    0x0000,0x0000,0x0000,0x0000,0x0000,0x0000,0x0000,0x0000,0x0000,0x0000,0x0000,0x0000,
    0x0000,0x0000,0x0000,0x0000,0x0000,0x0552,0xEABC,0x0DEE,0x6DFE,0xEBF5,0x6DFE,0xF3FF,
    0x8FCD,0xA541,0x0000,0x0000,0x0000,0x0000,0x0000,0x0100,0x4331,0x4783,0x8BE5,0x2EFF,
    0x4FFF,0x4FFF,0xAEFE,0xCEFE,0x4FFF,0x4FFF,0x4FFF,0x2FFF,0x70FF,0x92FF,0xD2FF,0xB1FE,
    0xCFDD,0x8A83,0xC641,0x0000,0x0000,0x0000,0x0000,0x0000,0x0000,0x0000,0x0000,0x0000,
    0x0000,0x0000,0x0000,0x0000,0x0000,0x0000,0x0000,0x0000,0x0000,0x0000,0x0000,0x0000,
    0x0000,0x0000,0x0000,0x0000,0x0000,0x0000,0x0000,0x0000,0x0000,0x0000,0x0000,0x0000,
    0x0000,0x0000,0x0000,0x0000,0x0000,0x0000,0x0000,0x0000,0x0000,0x0200,0x0000,0x0000,
    0x0100,0x026B,0x81E6,0x60E5,0x60FF,0x00FF,0x40FF,0xC1E5,0xE120,0x0200,0x0000,0x0000,
    0x0000,0x0000,0x0000,0x0000,0x0000,0x0000,0x0000,0x0000,0x0000,0x0000,0x0000,0x0000,
    0x0000,0x0000,0x0000,0x0000,0x0000,0x0000,0x0000,0x0000,0x0000,0x0000,0x0000,0x0000,
    0x0000,0x0000,0x0000,0x0000,0x0000,0x0000,0x0000,0x0000,0x0000,0x0000,0x0000,0x0000,
    0x0000,0x0000,0x0000,0x0000,0x0000,0x0000,0x0000,0x0000,0x0000,0x0000,0x0000,0x0000,
    0x0000,0x0000,0x0000,0x0000,0x0000,0x0000,0x0000,0x0000,0x0000,0x0000,0x0000,0x0000,
    0x0000,0x0000,0x0000,0x0000,0x0000,0x0000,0x0000,0x0000,0x0000,0x0000,0x678B,0xEAC4,
    0xECF5,0x4CFE,0xEBF5,0xEBF5,0x2FFF,0x91FF,0x2DC5,0xC541,0x4208,0x0000,0x6662,0xECED,
    0x0EFF,0x4EFF,0xADFE,0x0CF6,0xEBF5,0xEBF5,0xECF5,0xECF5,0xEBF5,0xEBF5,0xEBF5,0xEBF5,
    0xEBF5,0xEBF5,0xEBF5,0x6DFE,0xCDFE,0x90FF,0xD0FE,0xCCAC,0x875A,0x8210,0x0000,0x0000,
    0x0000,0x0000,0x0000,0x0000,0x0000,0x0000,0x0000,0x0000,0x0000,0x0000,0x0000,0x0000,
    0x0000,0x0000,0x0000,0x0000,0x0000,0x0000,0x0000,0x0000,0x0000,0x0000,0x0000,0x0000,
    0x0000,0x0000,0x0000,0x0000,0x0000,0x0000,0x0000,0x0000,0x0000,0x0000,0x0000,0x0000,
    0x0000,0x0000,0x0000,0x0100,0x016B,0xE2FF,0x21FF,0x20FF,0xE0FD,0x20FE,0xC0FD,0x00FF,
    0x80ED,0x0200,0x0000,0x0000,0x0000,0x0000,0x0000,0x0000,0x0000,0x0000,0x0000,0x0000,
    0x0000,0x0000,0x0000,0x0000,0x0000,0x0000,0x0000,0x0000,0x0000,0x0000,0x0000,0x0000,
    0x0000,0x0000,0x0000,0x0000,0x0000,0x0000,0x0000,0x0000,0x0000,0x0000,0x0000,0x0000,
    0x0000,0x0000,0x0000,0x0000,0x0000,0x0000,0x0000,0x0000,0x0000,0x0000,0x0000,0x0000,
    0x0000,0x0000,0x0000,0x0000,0x0000,0x0000,0x0000,0x0000,0x0000,0x0000,0x0000,0x0000,
    0x0000,0x0000,0x0000,0x0000,0x0000,0x0000,0x0000,0x0000,0x0000,0x0000,0x0000,0x0000,
    0x0000,0x0000,0x8218,0xE89B,0xAAB4,0x4DFE,0x6CFE,0x0BF6,0xEBF5,0x0BFE,0xEDFE,0xF1FF,
    0xEACC,0x255A,0xB0FF,0xADFE,0x0CF6,0xECF5,0x0CF6,0x0CF6,0x2CF6,0x2CF6,0x2CF6,0x2CF6,
    0x2CF6,0x2CF6,0x2CF6,0x2CF6,0x2CF6,0x2CF6,0x2CF6,0x0CF6,0x0CF6,0xCBF5,0x2CFE,0x0EFF,
    0x70FF,0xB0FE,0x2EC5,0xC641,0x0000,0x0000,0x0000,0x0000,0x0000,0x0000,0x0000,0x0000,
    0x0000,0x0000,0x0000,0x0000,0x0000,0x0000,0x0000,0x0000,0x0000,0x0000,0x0000,0x0000,
    0x0000,0x0000,0x0000,0x0000,0x0000,0x0000,0x0000,0x0000,0x0000,0x0000,0x0000,0x0000,
    0x0000,0x0000,0x0000,0x0000,0x0000,0x0000,0x0000,0x0200,0x21D5,0xE0FF,0x40D4,0xA151,
    0xC120,0xA151,0xC0E4,0xA0FE,0x80AB,0x0200,0x0000,0x0000,0x0000,0x0000,0x0000,0x0000,
    0x0000,0x0000,0x0000,0x0000,0x0000,0x0000,0x0000,0x0000,0x0000,0x0000,0x0000,0x0000,
    0x0000,0x0000,0x0000,0x0000,0x0000,0x0000,0x0000,0x0000,0x0000,0x0000,0x0000,0x0000,
    0x0000,0x0000,0x0000,0x0000,0x0000,0x0000,0x0000,0x0000,0x0000,0x0000,0x0000,0x0000,
    0x0000,0x0000,0x0000,0x0000,0x0000,0x0000,0x0000,0x0000,0x0000,0x0000,0x0000,0x0000,
    0x0000,0x0000,0x0000,0x0000,0x0000,0x0000,0x0000,0x0000,0x0000,0x0000,0x0000,0x0000,
    0x0000,0x0000,0x0000,0x0000,0x0000,0x0000,0x0000,0x2108,0x49AC,0xEAC4,0xEEE5,0xAEFE,
    0x2DFE,0x2DF6,0x2EF6,0x6AE5,0xADFE,0x0EFF,0x0CFE,0x0CF6,0x0CF6,0x2CF6,0x2CF6,0x2CF6,
    0x0CF6,0x0CF6,0x0CF6,0x0CF6,0x0CF6,0x2CF6,0x2CF6,0x0CF6,0x0CF6,0x0CF6,0x2CF6,0x2CF6,
    0x2CF6,0x2CF6,0x0CF6,0xECF5,0xEBF5,0x4CFE,0x2EFF,0x30FF,0x4FF6,0x2973,0x0100,0x0000,
    0x0000,0x0000,0x0000,0x0000,0x0000,0x0000,0x0000,0x0000,0x0000,0x0000,0x0000,0x0000,
    0x0000,0x0000,0x0000,0x0000,0x0000,0x0000,0x0000,0x0000,0x0000,0x0000,0x0000,0x0000,
    0x0000,0x0000,0x0000,0x0000,0x0000,0x0000,0x0000,0x0000,0x0000,0x0000,0x0000,0x0000,
    0x0108,0x2162,0x0100,0x0200,0x0000,0x0200,0x0200,0x4108,0x0100,0x2108,0x0000,0x0000,
    0x0000,0x0000,0x0000,0x0000,0x0000,0x0000,0x0000,0x0000,0x0000,0x0000,0x0000,0x0000,
    0x0000,0x0000,0x0000,0x0000,0x0000,0x0000,0x0000,0x0000,0x0000,0x0000,0x0000,0x0000,
    0x0000,0x0000,0x0000,0x0000,0x0000,0x0000,0x0000,0x0000,0x0000,0x0000,0x0000,0x0000,
    0x0000,0x0000,0x0000,0x0000,0x0000,0x0000,0x0000,0x0000,0x0000,0x0000,0x0000,0x0000,
    0x0000,0x0000,0x0000,0x0000,0x0000,0x0000,0x0000,0x0000,0x0000,0x0000,0x0000,0x0000,
    0x0000,0x0000,0x0000,0x0000,0x0000,0x0000,0x0000,0x0000,0x0000,0x0000,0x0000,0x0000,
    0x0108,0x08A4,0x4BCD,0x2CC5,0xAAB4,0x49AC,0xE549,0xECED,0x4CFE,0xECF5,0x0CF6,0x2CF6,
    0x2CF6,0x2CF6,0x2CF6,0x2CF6,0x2CF6,0x2CF6,0x2CF6,0x2CF6,0x2CF6,0x0CF6,0x0CF6,0x2CF6,
    0x2CF6,0x2CF6,0x0CF6,0x0CF6,0x2CF6,0x0CF6,0x2CF6,0x2CF6,0x2CF6,0x0CF6,0xECF5,0x0BF6,
    0x8CFE,0xB0FF,0xD0FE,0x2973,0x0000,0x0000,0x0000,0x0000,0x0000,0x0000,0x0000,0x0000,
    0x0000,0x0000,0x0000,0x0000,0x0000,0x0000,0x0000,0x0000,0x0000,0x0000,0x0000,0x0000,
    0x0000,0x0000,0x0000,0x0000,0x0000,0x0000,0x0000,0x0000,0x0000,0x0000,0x0000,0x0000,
    0x0000,0x0000,0x0000,0x0000,0x0000,0x0200,0x0000,0x0000,0x0000,0x0000,0x0000,0x0000,
    0x0000,0x0000,0x0000,0x0000,0x0000,0x0000,0x0000,0x0000,0x0000,0x0000,0x0000,0x0000,
    0x0000,0x0000,0x0000,0x0000,0x0000,0x0000,0x0000,0x0000,0x0000,0x0000,0x0000,0x0000,
    0x0000,0x0000,0x0000,0x0000,0x0000,0x0000,0x0000,0x0000,0x0000,0x0000,0x0000,0x0000,
    0x0000,0x0000,0x0000,0x0000,0x0000,0x0000,0x0000,0x0000,0x0000,0x0000,0x0000,0x0000,
    0x0000,0x0000,0x0000,0x0000,0x0000,0x0000,0x0000,0x0000,0x0000,0x0000,0x0000,0x0000,
    0x0000,0x0000,0x0000,0x0000,0x0000,0x0000,0x0000,0x0000,0x0000,0x0000,0x0000,0x0000,
    0x0000,0x0000,0x0000,0x0000,0x0000,0x6210,0xE67A,0x2ACD,0x0AC5,0x8210,0x28AC,0xEEFE,
    0x0CF6,0x2CF6,0x2CF6,0x2CF6,0x2CF6,0x2CF6,0x2CF6,0x2CF6,0x2CF6,0x2CF6,0x2CF6,0x2CF6,
    0x2CF6,0x2CF6,0x2CF6,0x2CF6,0x2CF6,0x2CF6,0x2CF6,0x2CF6,0x2CF6,0x2CF6,0x2CF6,0x2CF6,
    0x2CF6,0x2CF6,0x2CF6,0x2CF6,0x0CF6,0xCBF5,0x4CFE,0xF1FF,0xEEDD,0x4431,0x0000,0x0000,
    0x0000,0x0000,0x0000,0x0000,0x0000,0x0000,0x0000,0x0000,0x0000,0x0000,0x0000,0x0000,
    0x0000,0x0000,0x0000,0x0000,0x0000,0x0000,0x0000,0x0000,0x0000,0x0000,0x0000,0x0000,
    0x0000,0x0000,0x0000,0x0000,0x0000,0x0000,0x0000,0x0000,0x0000,0x0000,0x0100,0x0200,
    0x0221,0x0200,0x0200,0x0000,0x0000,0x0000,0x0000,0x0000,0x0000,0x0000,0x0000,0x0000,
    0x0000,0x0000,0x0000,0x0000,0x0000,0x0000,0x0000,0x0000,0x0000,0x0000,0x0000,0x0000,
    0x0000,0x0000,0x0000,0x0000,0x0000,0x0000,0x0000,0x0000,0x0000,0x0000,0x0000,0x0000,
    0x0000,0x0000,0x0000,0x0000,0x0000,0x0000,0x0000,0x0000,0x0000,0x0000,0x0000,0x0000,
    0x0000,0x0000,0x0000,0x0000,0x0000,0x0000,0x0000,0x0000,0x0000,0x0000,0x0000,0x0000,
    0x0000,0x0000,0x0000,0x0000,0x0000,0x0000,0x0000,0x0000,0x0000,0x0000,0x0000,0x0000,
    0x0000,0x0000,0x0000,0x0000,0x0000,0x0000,0x0000,0x0000,0x0000,0x0000,0x0000,0xE449,
    0x0000,0x49B4,0x6FFF,0xECF5,0x2CF6,0x2CF6,0x2CF6,0x2CF6,0x2CF6,0x2CF6,0x2CF6,0x2CF6,
    0x2CF6,0x0CF6,0x2CF6,0x2CF6,0x2CF6,0x2CF6,0x2CF6,0x2CF6,0x2CF6,0x2CF6,0x2CF6,0x2CF6,
    0x2CF6,0x2CF6,0x2CF6,0x2CF6,0x2CF6,0x2CF6,0x2CF6,0x2CF6,0x2CF6,0x2CF6,0x0CF6,0xCBED,
    0xCDFE,0x50FF,0x8A8B,0x0000,0x0000,0x0000,0x0000,0x0000,0x0000,0x0000,0x0000,0x0000,
    0x0000,0x0000,0x0000,0x0000,0x0000,0x0000,0x0000,0x0000,0x0000,0x0000,0x0000,0x0000,
    0x0000,0x0000,0x0000,0x0000,0x0000,0x0000,0x0000,0x0000,0x0000,0x0000,0x0000,0x0000,
    0x0000,0x0100,0xC241,0xC2F6,0x60FF,0x60E6,0x6139,0x0200,0x0000,0x0000,0x0000,0x0000,
    0x0000,0x0000,0x0000,0x0000,0x0000,0x0000,0x0000,0x0000,0x0000,0x0000,0x0000,0x0000,
    0x0000,0x0000,0x0000,0x0000,0x0000,0x0000,0x0000,0x0000,0x0000,0x0000,0x0000,0x0000,
    0x0000,0x0000,0x0000,0x0000,0x0000,0x0000,0x0000,0x0000,0x0000,0x0000,0x0000,0x0000,
    0x0000,0x0000,0x0000,0x0000,0x0000,0x0000,0x0000,0x0000,0x0000,0x0000,0x0000,0x0000,
    0x0000,0x0000,0x0000,0x0000,0x0000,0x0000,0x0000,0x0000,0x0000,0x0000,0x0000,0x0000,
    0x0000,0x0000,0x0000,0x0000,0x0000,0x0000,0x0000,0x0000,0x0000,0x0000,0x0000,0x0000,
    0x0000,0x0000,0x0000,0x0000,0xA449,0x6FFF,0xECF5,0x0CF6,0x2CF6,0x2CF6,0x2CF6,0x2CF6,
    0x2CF6,0x2CF6,0x2CF6,0x2CF6,0x2CF6,0x2CF6,0x0CF6,0x0CF6,0x2CF6,0x2CF6,0x2CF6,0x2CF6,
    0x2CF6,0x2CF6,0x2CF6,0x2CF6,0x2CF6,0x2CF6,0x2CF6,0x2CF6,0x2CF6,0x2CF6,0x2CF6,0x2CF6,
    0x2CF6,0x2CF6,0x2CF6,0x2CFE,0xECF5,0x2CFE,0x6FFF,0x2FE6,0x6210,0x0000,0x0000,0x0000,
    0x0000,0x0000,0x0000,0x0000,0x0000,0x0000,0x0000,0x0000,0x0000,0x0000,0x0000,0x0000,
    0x0000,0x0000,0x0000,0x0000,0x0000,0x0000,0x0000,0x0000,0x0000,0x0000,0x0000,0x0000,
    0x0000,0x0000,0x0000,0x0000,0x0000,0x2208,0xA1FF,0x60FF,0x20FE,0x41FF,0x81FF,0x2108,
    0x0000,0x0000,0x0000,0x0000,0x0000,0x0000,0x0000,0x0000,0x0000,0x0000,0x0000,0x0000,
    0x0000,0x0000,0x0000,0x0000,0x0000,0x0000,0x0000,0x0000,0x0000,0x0000,0x0000,0x0000,
    0x0000,0x0000,0x0000,0x0000,0x0000,0x0000,0x0000,0x0000,0x0000,0x0000,0x0000,0x0000,
    0x0000,0x0000,0x0000,0x0000,0x0000,0x0000,0x0000,0x0000,0x0000,0x0000,0x0000,0x0000,
    0x0000,0x0000,0x0000,0x0000,0x0000,0x0000,0x0000,0x0000,0x0000,0x0000,0x0000,0x0000,
    0x0000,0x0000,0x0000,0x0000,0x0000,0x0000,0x0000,0x0000,0x0000,0x0000,0x0000,0x0000,
    0x0000,0x0000,0x0000,0x0000,0x0000,0x0000,0x0000,0x0000,0x6DFE,0x8DFE,0x0CF6,0x2CF6,
    0x2CF6,0x2CF6,0x2CF6,0x2CF6,0x2CF6,0x2CF6,0x2CF6,0x2CF6,0x0CF6,0x2CF6,0x0CF6,0x0CF6,
    0x0CF6,0x0CF6,0x2CF6,0x2CF6,0x2CF6,0x2CF6,0x2CF6,0x2CF6,0x2CF6,0x2CF6,0x2CF6,0x2CF6,
    0x2CF6,0x2CF6,0x2CF6,0x2CF6,0x2CF6,0x2CF6,0x0CF6,0x0CF6,0x2CF6,0x0CF6,0xCBF5,0x0EFF,
    0xB0FE,0x8A8B,0x0000,0x0000,0x0000,0x0000,0x0000,0x0000,0x0000,0x0000,0x0000,0x0000,
    0x0000,0x0000,0x0000,0x0000,0x0000,0x0000,0x0000,0x0000,0x0000,0x0000,0x0000,0x0000,
    0x0000,0x0000,0x0000,0x0000,0x0000,0x0000,0x0000,0x0000,0x0000,0x014A,0xE2FF,0x01EE,
    0x60FE,0x41F6,0x60FF,0x0141,0x0200,0x0000,0x0000,0x0000,0x0000,0x0000,0x0000,0x0000,
    0x0000,0x0000,0x0000,0x0000,0x0000,0x0000,0x0000,0x0000,0x0000,0x0000,0x0000,0x0000,
    0x0000,0x0000,0x0000,0x0000,0x0000,0x0000,0x0000,0x0000,0x0000,0x0000,0x0000,0x0000,
    0x0000,0x0000,0x0000,0x0000,0x0000,0x0000,0x0000,0x0000,0x0000,0x0000,0x0000,0x0000,
    0x0000,0x0000,0x0000,0x0000,0x0000,0x0000,0x0000,0x0000,0x0000,0x0000,0x0000,0x0000,
    0x0000,0x0000,0x0000,0x0000,0x0000,0x0000,0x0000,0x0000,0x0000,0x0000,0x0000,0x0000,
    0x0000,0x0000,0x0000,0x0000,0x0000,0x0000,0x0000,0x0000,0x0000,0x0000,0x0000,0x656A,
    0x6FFF,0xECF5,0x2CF6,0x2CF6,0x2CF6,0x2CF6,0x2CF6,0x2CF6,0x2CF6,0x2CF6,0x2CF6,0x2CF6,
    0x2CF6,0x0CF6,0x2CF6,0x0CF6,0x2CF6,0x2CF6,0x0CF6,0x2CF6,0x2CF6,0x2CF6,0x2CF6,0x2CF6,
    0x2CF6,0x2CF6,0x2CF6,0x2CF6,0x2CF6,0x2CF6,0x2CF6,0x2CF6,0x2CF6,0x2CF6,0x2CF6,0x2CF6,
    0x2CF6,0x2CF6,0x2CFE,0xECF5,0x4CFE,0xF2FF,0x297B,0x0000,0x0000,0x0000,0x0000,0x0000,
    0x0000,0x0000,0x0000,0x0000,0x0000,0x0000,0x0000,0x0000,0x0000,0x0000,0x0000,0x0000,
    0x0000,0x0000,0x0000,0x0000,0x0000,0x0000,0x0000,0x0000,0x0000,0x0000,0x0000,0x0000,
    0x0000,0x8118,0x01FF,0x61FF,0xC0FE,0x00FF,0xA0FD,0x2118,0x0200,0x0000,0x0000,0x0000,
    0x0000,0x0000,0x0000,0x0000,0x0000,0x0000,0x0000,0x0000,0x0000,0x0000,0x0000,0x0000,
    0x0000,0x0000,0x0000,0x0000,0x0000,0x0000,0x0000,0x0000,0x0000,0x0000,0x0000,0x0000,
    0x0000,0x0000,0x0000,0x0000,0x0000,0x0000,0x0000,0x0000,0x0000,0x0000,0x0000,0x0000,
    0x0000,0x0000,0x0000,0x0000,0x0000,0x0000,0x0000,0x0000,0x0000,0x0000,0x0000,0x0000,
    0x0000,0x0000,0x0000,0x0000,0x0000,0x0000,0x0000,0x0000,0x0000,0x0000,0x0000,0x0000,
    0x0000,0x0000,0x0000,0x0000,0x0000,0x0000,0x0000,0x0000,0x0000,0x0000,0x0000,0x0000,
    0x0000,0x0000,0x0000,0x0CF6,0x8DFE,0x0CF6,0x2CF6,0x2CF6,0x2CF6,0x2CF6,0x2CF6,0x2CF6,
    0x2CF6,0x0CF6,0x2CF6,0x0CF6,0x0CF6,0x2CF6,0x0CF6,0x2CF6,0x2CF6,0x2CF6,0x2CF6,0x0CF6,
    0x2CF6,0x2CF6,0x2CF6,0x2CF6,0x2CF6,0x2CF6,0x2CF6,0x2CF6,0x2CF6,0x2CF6,0x2CF6,0x2CF6,
    0x2CF6,0x2CF6,0x2CF6,0x2CF6,0x2CF6,0x2CF6,0x0CF6,0x2CF6,0x0CF6,0xEBF5,0xF0FF,0xE872,
    0x0000,0x0000,0x0000,0x0000,0x0000,0x0000,0x0000,0x0000,0x0000,0x0000,0x0000,0x0000,
    0x0000,0x0000,0x0000,0x0000,0x0000,0x0000,0x0000,0x0000,0x0000,0x0000,0x0000,0x0000,
    0x0000,0x0000,0x0000,0x0000,0x0000,0x0200,0xA120,0xE0FD,0x80FE,0x20FD,0x2151,0x0200,
    0x0000,0x0000,0x0000,0x0000,0x0000,0x0000,0x0000,0x0000,0x0000,0x0000,0x0000,0x0000,
    0x0000,0x0000,0x0000,0x0000,0x0000,0x0000,0x0000,0x0000,0x0000,0x0000,0x0000,0x0000,
    0x0000,0x0000,0x0000,0x0000,0x0000,0x0000,0x0000,0x0000,0x0000,0x0000,0x0000,0x0000,
    0x0000,0x0000,0x0000,0x0000,0x0000,0x0000,0x0000,0x0000,0x0000,0x0000,0x0000,0x0000,
    0x0000,0x0000,0x0000,0x0000,0x0000,0x0000,0x0000,0x0000,0x0000,0x0000,0x0000,0x0000,
    0x0000,0x0000,0x0000,0x0000,0x0000,0x0000,0x0000,0x0000,0x0000,0x0000,0x0000,0x0000,
    0x0000,0x0000,0x0000,0x0000,0x0000,0x0000,0xE67A,0x6FFF,0xECF5,0x2CF6,0x2CF6,0x2CF6,
    0x2CF6,0x2CF6,0x2CF6,0x2CF6,0x2CF6,0x2CF6,0x0CF6,0x2CFE,0x2CFE,0x0CF6,0x2CF6,0x2CF6,
    0x0CF6,0x0CF6,0x2CF6,0x0CF6,0x2CF6,0x2CF6,0x2CF6,0x2CF6,0x2CF6,0x2CF6,0x2CF6,0x2CF6,
    0x2CF6,0x2CF6,0x2CF6,0x2CF6,0x2CF6,0x2CF6,0x2CF6,0x2CF6,0x2CF6,0x2CF6,0x2CF6,0x2CF6,
    0x2CF6,0x0CF6,0xEBF5,0x6EFF,0xA88B,0x6431,0x0000,0x0000,0x0000,0x0000,0x0000,0x0000,
    0x0000,0x0000,0x0000,0x0000,0x0000,0x0000,0x0000,0x0000,0x0000,0x0000,0x0000,0x0000,
    0x0000,0x0000,0x0000,0x0000,0x0000,0x0000,0x0000,0x0000,0x0000,0x0000,0x0100,0x0100,
    0x0149,0x0110,0x0200,0x0000,0x0000,0x0000,0x0000,0x0000,0x0000,0x0000,0x0000,0x0000,
    0x0000,0x0000,0x0000,0x0000,0x0000,0x0000,0x0000,0x0000,0x0000,0x0000,0x0000,0x0000,
    0x0000,0x0000,0x0000,0x0000,0x0000,0x0000,0x0000,0x0000,0x0000,0x0000,0x0000,0x0000,
    0x0000,0x0000,0x0000,0x0000,0x0000,0x0000,0x0000,0x0000,0x0000,0x0000,0x0000,0x0000,
    0x0000,0x0000,0x0000,0x0000,0x0000,0x0000,0x0000,0x0000,0x0000,0x0000,0x0000,0x0000,
    0x0000,0x0000,0x0000,0x0000,0x0000,0x0000,0x0000,0x0000,0x0000,0x0000,0x0000,0x0000,
    0x0000,0x0000,0x0000,0x0000,0x0000,0x0000,0x0000,0x0000,0x0000,0x0000,0xCAC4,0x0EFF,
    0xECF5,0x2CF6,0x2CF6,0x2CF6,0x2CF6,0x2CF6,0x2CF6,0x2CF6,0x2CF6,0x0CF6,0x2CFE,0x0CF6,
    0x0CF6,0x2CFE,0x0CF6,0x2CF6,0x2CF6,0x0CF6,0x2CF6,0x2CF6,0x0CF6,0x2CF6,0x2CF6,0x2CF6,
    0x2CF6,0x2CF6,0x2CF6,0x2CF6,0x2CF6,0x2CF6,0x2CF6,0x2CF6,0x2CF6,0x2CF6,0x2CF6,0x2CF6,
    0x2CF6,0x2CF6,0x2CF6,0x2CF6,0x0CF6,0x2CFE,0xEEFE,0x6CFE,0x6FFF,0x064A,0x0000,0xC318,
    0x8210,0xA318,0x2208,0x0000,0x0000,0x0000,0x0000,0x0000,0x0000,0x0000,0x0000,0x0000,
    0x0000,0x0000,0x0000,0x0000,0x0000,0x0000,0x0000,0x0000,0x0000,0x0000,0x0000,0x0000,
    0x0000,0x0000,0x0000,0x0000,0x0000,0x0000,0x0000,0x0000,0x0000,0x0000,0x0000,0x0000,
    0x0000,0x0000,0x0000,0x0000,0x0000,0x0000,0x0000,0x0000,0x0000,0x0000,0x0000,0x0000,
    0x0000,0x0000,0x0000,0x0000,0x0000,0x0000,0x0000,0x0000,0x0000,0x0000,0x0000,0x0000,
    0x0000,0x0000,0x0000,0x0000,0x0000,0x0000,0x0000,0x0000,0x0000,0x0000,0x0000,0x0000,
    0x0000,0x0000,0x0000,0x0000,0x0000,0x0000,0x0000,0x0000,0x0000,0x0000,0x0000,0x0000,
    0x0000,0x0000,0x0000,0x0000,0x0000,0x0000,0x0000,0x0000,0x0000,0x0000,0x0000,0x0000,
    0x0000,0x0000,0x0000,0x0000,0x0000,0x0000,0x0000,0x0000,0x0000,0x0000,0x0000,0x0000,
    0x0000,0x0000,0x6BDD,0xADFE,0x0CF6,0x2CF6,0x2CF6,0x2CF6,0x2CF6,0x2CF6,0x2CF6,0x2CF6,
    0x2CF6,0x0CF6,0xADFE,0x48B4,0xC89B,0xCEFE,0xECF5,0x2CF6,0x0CF6,0x0CF6,0x2CF6,0x0CF6,
    0x0CF6,0x2CF6,0x2CF6,0x0CF6,0x2CF6,0x2CF6,0x2CF6,0x2CF6,0x2CF6,0x2CF6,0x2CF6,0x2CF6,
    0x2CF6,0x2CF6,0x2CF6,0x2CF6,0x2CF6,0x2CF6,0x2CF6,0xECF5,0xCDFE,0x0EFF,0x07A4,0xCBED,
    0x6CDD,0xEDBC,0x90FE,0xCEFE,0xAFFE,0x31FF,0x0DF6,0xE99B,0xA220,0x0000,0x6210,0xC220,
    0x4110,0x0000,0x0000,0x0000,0x0000,0x0000,0x0000,0x0000,0x0000,0x0000,0x0000,0x0000,
    0x0000,0x0000,0x0000,0x0000,0x0000,0x0000,0x0000,0x0000,0x0000,0x0000,0x0000,0x0000,
    0x0000,0x0000,0x0000,0x0000,0x0000,0x0000,0x0000,0x0000,0x0000,0x0000,0x0000,0x0000,
    0x0000,0x0000,0x0000,0x0000,0x0000,0x0000,0x0000,0x0000,0x0000,0x0000,0x0000,0x0000,
    0x0000,0x0000,0x0000,0x0000,0x0000,0x0000,0x0000,0x0000,0x0000,0x0000,0x0000,0x0000,
    0x0000,0x0000,0x0000,0x0000,0x0000,0x0000,0x0000,0x0000,0x0000,0x0000,0x0000,0x0000,
    0x0000,0x0000,0x0000,0x0000,0x0000,0x0000,0x0000,0x0000,0x0000,0x0000,0x0000,0x0000,
    0x0000,0x0000,0x0000,0x0000,0x0000,0x0000,0x0000,0x0000,0x0000,0x0000,0x0000,0x0000,
    0x0000,0x0000,0x0000,0x0000,0x0000,0x2331,0x2EFF,0x0CF6,0x0CF6,0x2CF6,0x2CF6,0x2CF6,
    0x2CF6,0x2CF6,0x2CF6,0x2CF6,0x2CF6,0x0CF6,0xADFE,0xAABC,0x08A4,0xCDFE,0xECF5,0x2CF6,
    0x0CF6,0x0CF6,0x2CF6,0x0CF6,0x2CF6,0x0CF6,0x2CF6,0x0CF6,0x0CF6,0x2CF6,0x0CF6,0x2CF6,
    0x2CF6,0x2CF6,0x2CF6,0x2CF6,0x2CF6,0x2CF6,0x0CF6,0x0CF6,0x2CF6,0x0CF6,0xECF5,0x4EFF,
    0xABED,0x0000,0x6308,0x8A83,0x6210,0xAA8B,0xF3FF,0x6CFE,0x2CFE,0x2CFE,0x8CFE,0x6FFF,
    0x2EFF,0xA66A,0x0000,0x0000,0x0DC5,0x30DE,0x265A,0x0000,0x0000,0x0000,0x0000,0x0000,
    0x0000,0x0000,0x0000,0x0000,0x0000,0x0000,0x0000,0x0000,0x0000,0x0000,0x0000,0x0000,
    0x0000,0x0000,0x0000,0x0000,0x0000,0x0000,0x0000,0x0000,0x0000,0x0000,0x0000,0x0000,
    0x0000,0x0000,0x0000,0x0000,0x0000,0x0000,0x0000,0x0000,0x0000,0x0000,0x0000,0x0000,
    0x0000,0x0000,0x0000,0x0000,0x0000,0x0000,0x0000,0x0000,0x0000,0x0000,0x0000,0x0000,
    0x0000,0x0000,0x0000,0x0000,0x0000,0x0000,0x0000,0x0000,0x0000,0x0000,0x0000,0x0000,
    0x0000,0x0000,0x0000,0x0000,0x0000,0x0000,0x0000,0x0000,0x0000,0x0000,0x0000,0x0000,
    0x0000,0x0000,0x0000,0x0000,0x0000,0x0000,0x0000,0x0000,0x0000,0x0000,0x0000,0x0000,
    0x0000,0x0000,0x0000,0x0000,0x0000,0x0000,0x0000,0x0000,0x0000,0xA218,0xCDFE,0x2CF6,
    0x0CF6,0x2CF6,0x2CF6,0x2CF6,0x2CF6,0x2CF6,0x2CF6,0x2CF6,0x2CF6,0x0CF6,0x2CFE,0xB0FE,
    0x287B,0x8DFE,0x0CF6,0x0CF6,0x0CF6,0x2CF6,0x0CF6,0x2CF6,0x0CF6,0x2CF6,0x0CF6,0x4CFE,
    0xADFE,0x2CFE,0x2CF6,0x2CF6,0x2CF6,0x2CF6,0x2CF6,0x2CF6,0x2CF6,0x0CF6,0x0CF6,0x2CF6,
    0x0CF6,0x2CFE,0xCFFF,0x067B,0x0000,0x29A4,0xF1FF,0x91FF,0x71EE,0x0652,0x2431,0xECF5,
    0x4DFE,0x0CF6,0x0CF6,0xECF5,0x2CFE,0x8FFF,0x2BD5,0xA56A,0x0000,0xF2FE,0xD4FF,0xA541,
    0x0000,0x0000,0x0000,0x0000,0x0000,0x0000,0x0000,0x0000,0x0000,0x0000,0x0000,0x0000,
    0x0000,0x0000,0x0000,0x0000,0x0000,0x0000,0x0000,0x0000,0x0000,0x0000,0x0000,0x0000,
    0x0000,0x0000,0x0000,0x0000,0x0000,0x0000,0x0000,0x0000,0x0000,0x0000,0x0000,0x0000,
    0x0000,0x0000,0x0000,0x0000,0x0000,0x0000,0x0000,0x0000,0x0000,0x0000,0x0000,0x0000,
    0x0000,0x0000,0x0000,0x0000,0x0000,0x0000,0x0000,0x0000,0x0000,0x0000,0x0000,0x0000,
    0x0000,0x0000,0x0000,0x0000,0x0000,0x0000,0x0000,0x0000,0x0000,0x0000,0x0000,0x0000,
    0x0000,0x0000,0x0000,0x0000,0x0000,0x0000,0x0000,0x0000,0x0000,0x0000,0x0000,0x0000,
    0x0000,0x0000,0x0000,0x0000,0x0000,0x0000,0x0000,0x0000,0x0000,0x0000,0x0000,0x0000,
    0x0000,0xE67A,0x4EFF,0xECF5,0x2CF6,0x2CF6,0x2CF6,0x2CF6,0x2CF6,0x2CF6,0x2CF6,0x2CF6,
    0x0CF6,0x0CF6,0x8DFE,0x89B4,0x4331,0x0EFF,0x0CF6,0x0CF6,0x2CF6,0x2CF6,0x0CF6,0x2CF6,
    0x2CF6,0x0CF6,0x6CFE,0xEEE5,0xE672,0xADFE,0x0CF6,0x2CF6,0x2CF6,0x2CF6,0x2CF6,0x2CF6,
    0x0CF6,0x0CF6,0x2CF6,0xECF5,0x8DFE,0xADFE,0x255A,0xE228,0x8DFE,0x0EFF,0xCBED,0xEBF5,
    0x8DFE,0xF3FF,0xAA8B,0xC451,0xEEFE,0x0CF6,0x2CF6,0x2CF6,0x0CF6,0xECF5,0xADFE,0x6FFF,
    0x2AD5,0xCDED,0x2BD5,0x2DCD,0xE649,0x0000,0x0000,0x0000,0x0000,0x0000,0x0000,0x0000,
    0x0000,0x0000,0x0000,0x0000,0x0000,0x0000,0x0000,0x0000,0x0000,0x0000,0x0000,0x0000,
    0x0000,0x0000,0x0000,0x0000,0x0000,0x0000,0x0000,0x0000,0x0000,0x0000,0x0000,0x0000,
    0x0000,0x0000,0x0000,0x0000,0x0000,0x0000,0x0000,0x0000,0x0000,0x0000,0x0000,0x0000,
    0x0000,0x0000,0x0000,0x0000,0x0000,0x0000,0x0000,0x0000,0x0000,0x0000,0x0000,0x0000,
    0x0000,0x0000,0x0000,0x0000,0x0000,0x0000,0x0000,0x0000,0x0000,0x0000,0x0000,0x0000,
    0x0000,0x0000,0x0000,0x0000,0x0000,0x0000,0x0000,0x0000,0x0000,0x0000,0x0000,0x0000,
    0x0000,0x0000,0x0000,0x0000,0x0000,0x0000,0x0000,0x0000,0x0000,0x0000,0x0000,0x0000,
    0x0000,0x0000,0x0000,0x0000,0x0000,0xA993,0x4EFF,0xECF5,0x2CF6,0x2CF6,0x2CF6,0x2CF6,
    0x2CF6,0x2CF6,0x0CF6,0x2CF6,0x0CF6,0x2CFE,0x4DFE,0xA56A,0x2783,0xECED,0xCBED,0x2CFE,
    0x0CF6,0x2CF6,0x2CF6,0x2CF6,0x2CF6,0xEBF5,0xD3FF,0x4529,0x468B,0x0EFF,0xECF5,0x2CF6,
    0x2CF6,0x2CF6,0x2CF6,0x2CF6,0x0CF6,0x2CF6,0x0CF6,0x8DFE,0x0EFF,0x6110,0x255A,0x4EFF,
    0xABE5,0x2ACD,0x6BDD,0x0CF6,0x0CF6,0xEAF5,0x53FF,0x6EFE,0x2CFE,0x2CF6,0x2CF6,0x2CF6,
    0x2CF6,0x2CF6,0x0CF6,0xECF5,0x8DFE,0x2CFE,0x4EFF,0xC220,0xD0FE,0x4562,0x0000,0x0000,
    0x0000,0x0000,0x0000,0x0000,0x0000,0x0000,0x0000,0x0000,0x0000,0x0000,0x0000,0x0000,
    0x0000,0x0000,0x0000,0x0000,0x0000,0x0000,0x0000,0x0000,0x0000,0x0000,0x0000,0x0000,
    0x0000,0x0000,0x0000,0x0000,0x0000,0x0000,0x0000,0x0000,0x0000,0x0000,0x0000,0x0000,
    0x0000,0x0000,0x0000,0x0000,0x0000,0x0000,0x0000,0x0000,0x0000,0x0000,0x0000,0x0000,
    0x0000,0x0000,0x0000,0x0000,0x0000,0x0000,0x0000,0x0000,0x0000,0x0000,0x0000,0x0000,
    0x0000,0x0000,0x0000,0x0000,0x0000,0x0000,0x0000,0x0000,0x0000,0x0000,0x0000,0x0000,
    0x0000,0x0000,0x0000,0x0000,0x0000,0x0000,0x0000,0x0000,0x0000,0x0000,0x0000,0x0000,
    0x0000,0x0000,0x0000,0x0000,0x0000,0x0000,0x0000,0x0000,0x0000,0x8A8B,0x4EFF,0xECF5,
    0x2CF6,0x2CF6,0x2CF6,0x2CF6,0x2CF6,0x2CF6,0x2CF6,0x0CF6,0x2CFE,0x4EFE,0x0CEE,0x0000,
    0x878B,0xABE5,0xEAC4,0x4EF6,0x4CFE,0x0CF6,0x0CF6,0x0CF6,0xEBF5,0x10FF,0x6CA4,0x0000,
    0xCDFE,0x4CFE,0x0CF6,0x2CF6,0x2CF6,0x2CF6,0x2CF6,0x2CF6,0x2CF6,0x0CF6,0x4CFE,0xEDFE,
    0x0000,0x888B,0x0EFF,0xEAC4,0x2ACD,0x4AD5,0x4BD5,0xEDED,0x2CFE,0xEBF5,0x73FF,0x50FF,
    0xEBF5,0x2CF6,0x0CF6,0x2CF6,0x2CF6,0x2CF6,0x2CF6,0x2CF6,0x0CF6,0xECF5,0x0EFF,0x067B,
    0xE551,0xADFE,0x0100,0x0000,0x0000,0x0000,0x0000,0x0000,0x0000,0x0000,0x0000,0x0000,
    0x0000,0x0000,0x0000,0x0000,0x0000,0x0000,0x0000,0x0000,0x0000,0x0000,0x0000,0x0000,
    0x0000,0x0000,0x0000,0x0000,0x0000,0x0000,0x0000,0x0000,0x0000,0x0000,0x0000,0x0000,
    0x0000,0x0000,0x0000,0x0000,0x0000,0x0000,0x0000,0x0000,0x0000,0x0000,0x0000,0x0000,
    0x0000,0x0000,0x0000,0x0000,0x0000,0x0000,0x0000,0x0000,0x0000,0x0000,0x0000,0x0000,
    0x0000,0x0000,0x0000,0x0000,0x0000,0x0000,0x0000,0x0000,0x0000,0x0000,0x0000,0x0000,
    0x0000,0x0000,0x0000,0x0000,0x0000,0x0000,0x0000,0x0000,0x0000,0x0000,0x0000,0x0000,
    0x0000,0x0000,0x0000,0x0000,0x0000,0x0000,0x0000,0x0000,0x0000,0x0000,0x0000,0x0000,
    0x0000,0x688B,0x2EFF,0xECF5,0x2CF6,0x2CF6,0x2CF6,0x2CF6,0x2CF6,0x2CF6,0x0CF6,0x2CFE,
    0x0CF6,0x4EFE,0xE451,0x0329,0xEAC4,0x4BD5,0x6ADD,0x6DD5,0x4FF6,0x4CFE,0x2CFE,0x4DFE,
    0x0DEE,0x92FF,0xE86A,0xA572,0x6FFF,0xECF5,0x2CF6,0x2CF6,0x2CF6,0x2CF6,0x2CF6,0x2CF6,
    0x0CF6,0x2CFE,0x4FFF,0xC320,0x497B,0x8EFE,0xEACC,0x4BD5,0x4BD5,0x4AD5,0x6BD5,0x4FF6,
    0xEBF5,0xEDFE,0x4AAC,0x077B,0xADFE,0x0CF6,0x2CF6,0x2CF6,0x2CF6,0x2CF6,0x2CF6,0x2CF6,
    0x2CF6,0x0CF6,0x2CFE,0x4EFF,0x2108,0xA9BC,0xE451,0x0000,0x0000,0x0000,0x0000,0x0000,
    0x0000,0x0000,0x0000,0x0000,0x0000,0x0000,0x0000,0x0000,0x0000,0x0000,0x0000,0x0000,
    0x0000,0x0000,0x0000,0x0000,0x0000,0x0000,0x0000,0x0000,0x0000,0x0000,0x0000,0x0000,
    0x0000,0x0000,0x0000,0x0000,0x0000,0x0000,0x0000,0x0000,0x0000,0x0000,0x0000,0x0000,
    0x0000,0x0000,0x0000,0x0000,0x0000,0x0000,0x0000,0x0000,0x0000,0x0000,0x0000,0x0000,
    0x0000,0x0000,0x0000,0x0000,0x0000,0x0000,0x0000,0x0000,0x0000,0x0000,0x0000,0x0000,
    0x0000,0x0000,0x0000,0x0000,0x0000,0x0000,0x0000,0x0000,0x0000,0x0000,0x0000,0x0000,
    0x0000,0x0000,0x0000,0x0000,0x0000,0x0000,0x0000,0x0000,0x0000,0x0000,0x0000,0x0000,
    0x0000,0x0000,0x0000,0x0000,0x6210,0x0CF6,0x6DFE,0x0CF6,0x2CF6,0x2CF6,0x2CF6,0x2CF6,
    0x2CF6,0x0CF6,0x2CFE,0x0CF6,0x6DFE,0xA672,0x0000,0xAABC,0x2BCD,0x29A4,0xCABC,0x6ADD,
    0x2BCD,0xACDD,0xABED,0x0EEE,0x0EEE,0x88BC,0x0000,0x6DFE,0x6DFE,0x0CF6,0x2CF6,0x2CF6,
    0x2CF6,0x2CF6,0x2CF6,0x2CF6,0x0CF6,0x4EFF,0x087B,0x465A,0xEEFE,0x0ACD,0x4BD5,0x4BD5,
    0x4BD5,0x4BD5,0x0ACD,0xEDE5,0x8DFE,0x8DFE,0x0000,0xC9C4,0x8DFE,0x0CF6,0x2CF6,0x2CF6,
    0x2CF6,0x2CF6,0x2CF6,0x0CF6,0x2CF6,0x2CF6,0x0CF6,0xEEFE,0x6BDD,0xC449,0xABE5,0x0000,
    0x0000,0x0000,0x0000,0x0000,0x0000,0x0000,0x0000,0x0000,0x0000,0x0000,0x0000,0x0000,
    0x0000,0x0000,0x0000,0x0000,0x0000,0x0000,0x0000,0x0000,0x0000,0x0000,0x0000,0x0000,
    0x0000,0x0000,0x0000,0x0000,0x0000,0x0000,0x0000,0x0000,0x0000,0x0000,0x0000,0x0000,
    0x0000,0x0000,0x0000,0x0000,0x0000,0x0000,0x0000,0x0000,0x0000,0x0000,0x0000,0x0000,
    0x0000,0x0000,0x0000,0x0000,0x0000,0x0000,0x0000,0x0000,0x0000,0x0000,0x0000,0x0000,
    0x0000,0x0000,0x0000,0x0000,0x0000,0x0000,0x0000,0x0000,0x0000,0x0000,0x0000,0x0000,
    0x0000,0x0000,0x0000,0x0000,0x0000,0x0000,0x0000,0x0000,0x0000,0x0000,0x0000,0x0000,
    0x0000,0x0000,0x0000,0x0000,0x0000,0x0000,0x0000,0x0000,0xA9BC,0x2EFF,0xECF5,0x2CF6,
    0x2CF6,0x2CF6,0x2CF6,0x0CF6,0x0CF6,0x2CFE,0x2DF6,0x2CF6,0xA9BC,0x0000,0xA441,0x0100,
    0xA893,0xCAC4,0x49AC,0x49AC,0x89BC,0x2ACD,0x4BD5,0xEAC4,0x4CFE,0x6339,0xA220,0x6FFF,
    0xECF5,0x2CF6,0x2CF6,0x2CF6,0x2CF6,0x2CF6,0x2CF6,0x0CF6,0xCDFE,0xCAC4,0x0000,0x4AD5,
    0x4AD5,0x4BD5,0x4BD5,0x4BD5,0x4BD5,0x4BD5,0x0ACD,0xEEE5,0x4EFF,0x055A,0x688B,0xAFFF,
    0xECF5,0x2CF6,0x2CF6,0x2CF6,0x2CF6,0x2CF6,0x0CF6,0x2CF6,0x0CF6,0x2CF6,0x2CFE,0xABED,
    0x8FFF,0xA441,0x89B4,0x077B,0x0000,0x0000,0x0000,0x0000,0x0000,0x0000,0x0000,0x0000,
    0x0000,0x0000,0x0000,0x0000,0x0000,0x0000,0x0000,0x0000,0x0000,0x0000,0x0000,0x0000,
    0x0000,0x0000,0x0000,0x0000,0x0000,0x0000,0x0000,0x0000,0x0000,0x0000,0x0000,0x0000,
    0x0000,0x0000,0x0000,0x0000,0x0000,0x0000,0x0000,0x0000,0x0000,0x0000,0x0000,0x0000,
    0x0000,0x0000,0x0000,0x0000,0x0000,0x0000,0x0000,0x0000,0x0000,0x0000,0x0000,0x0000,
    0x0000,0x0000,0x0000,0x0000,0x0000,0x0000,0x0000,0x0000,0x0000,0x0000,0x0000,0x0000,
    0x0000,0x0000,0x0000,0x0000,0x0000,0x0000,0x0000,0x0000,0x0000,0x0000,0x0000,0x0000,
    0x0000,0x0000,0x0000,0x0000,0x0000,0x0000,0x0000,0x0000,0x0000,0x0000,0x0000,0xC672,
    0x4EFF,0x0CF6,0x2CF6,0x2CF6,0x2CF6,0x2CF6,0x0CF6,0x2CFE,0x4DFE,0xCCED,0xCCE5,0x69B4,
    0x0000,0xE672,0x0CF6,0x8893,0x2100,0x0100,0xAABC,0xEAC4,0xCABC,0x89B4,0x2ACD,0x8BDD,
    0xECED,0x0000,0xE8A3,0x0EFF,0xECF5,0x2CF6,0x2CF6,0x2CF6,0x2CF6,0x2CF6,0x2CF6,0xECF5,
    0x2EFF,0x2331,0x4783,0x8BE5,0x4BD5,0x4BD5,0x4BD5,0x4BD5,0x4BD5,0x2AD5,0x6CD5,0x50F6,
    0x2DFF,0xE328,0x8BE5,0x6DFE,0x0CF6,0x2CF6,0x2CF6,0x2CF6,0x2CF6,0x0CF6,0x2CF6,0x0CF6,
    0x8AE5,0xCAED,0xCAF5,0xACE5,0xCDFE,0x89BC,0x455A,0x077B,0x0000,0x0000,0x0000,0x0000,
    0x0000,0x0000,0x0000,0x0000,0x0000,0x0000,0x0000,0x0000,0x0000,0x0000,0x0000,0x0000,
    0x0000,0x0000,0x0000,0x0000,0x0000,0x0000,0x0000,0x0000,0x0000,0x0000,0x0000,0x0000,
    0x0000,0x0000,0x0000,0x0000,0x0000,0x0000,0x0000,0x0000,0x0000,0x0000,0x0000,0x0000,
    0x0000,0x0000,0x0000,0x0000,0x0000,0x0000,0x0000,0x0000,0x0000,0x0000,0x0000,0x0000,
    0x0000,0x0000,0x0000,0x0000,0x0000,0x0000,0x0000,0x0000,0x0000,0x0000,0x0000,0x0000,
    0x0000,0x0000,0x0000,0x0000,0x0000,0x0000,0x0000,0x0000,0x0000,0x0000,0x0000,0x0000,
    0x0000,0x0000,0x0000,0x0000,0x0000,0x0000,0x0000,0x0000,0x0000,0x0000,0x0000,0x0000,
    0x0000,0x0000,0x0783,0xAFFF,0x0CFE,0x0CF6,0x2CF6,0x2CF6,0x0CF6,0x0CF6,0x4CFE,0x0CF6,
    0xCDE5,0x6DFE,0x455A,0x0000,0x0000,0x077B,0xEAC4,0xCABC,0xEAC4,0x2552,0x6110,0x2329,
    0xA66A,0xAABC,0xAABC,0xEAC4,0xCAC4,0x0000,0x0EFF,0x2CFE,0x0CF6,0x2CF6,0x2CF6,0x2CF6,
    0x2CF6,0x2CF6,0x2CF6,0xECF5,0x4EFF,0x4339,0x878B,0x0CF6,0x4BD5,0x4BD5,0x4BD5,0x4BD5,
    0x4BD5,0x2AD5,0xCEE5,0xAFFE,0x6AE5,0xC541,0x2FFF,0x0CF6,0x2CF6,0x2CF6,0x2CF6,0x0CF6,
    0x0CF6,0x2CF6,0x0BF6,0x6FFE,0xF5F6,0x92F6,0x0EEE,0x17FF,0x2DFE,0xCDFE,0xC449,0xE8A3,
    0x0100,0x0000,0x0000,0x0000,0x0000,0x0000,0x0000,0x0000,0x0000,0x0000,0x0000,0x0000,
    0x0000,0x0000,0x0000,0x0000,0x0000,0x0000,0x0000,0x0000,0x0000,0x0000,0x0000,0x0000,
    0x0000,0x0000,0x0000,0x0000,0x0000,0x0000,0x0000,0x0000,0x0000,0x0000,0x0000,0x0000,
    0x0000,0x0000,0x0000,0x0000,0x0000,0x0000,0x0000,0x0000,0x0000,0x0000,0x0000,0x0000,
    0x0000,0x0000,0x0000,0x0000,0x0000,0x0000,0x0000,0x0000,0x0000,0x0000,0x0000,0x0000,
    0x0000,0x0000,0x0000,0x0000,0x0000,0x0000,0x0000,0x0000,0x0000,0x0000,0x0000,0x0000,
    0x0000,0x0000,0x0000,0x0000,0x0000,0x0000,0x0000,0x0000,0x0000,0x0000,0x0000,0x0000,
    0x0000,0x0000,0x0000,0x0000,0x0000,0xC449,0xAFFF,0x0CF6,0x0CF6,0x2CF6,0x2CF6,0x0CF6,
    0x2CF6,0x4CFE,0x0CF6,0xCCE5,0xEBED,0x0552,0x0000,0x0000,0x0000,0x6562,0x2BCD,0x29A4,
    0x69B4,0x2BCD,0x89B4,0x067B,0x4331,0x6110,0x067B,0x6BDD,0x0552,0xE451,0x4EFF,0xECF5,
    0x2CF6,0x2CF6,0x2CF6,0x2CF6,0x2CF6,0x2CF6,0x0CF6,0x0CF6,0xD0FF,0xA318,0xE220,0x2CF6,
    0x2AD5,0x4BD5,0x4BD5,0x4BD5,0x4BD5,0x09CD,0xEFE5,0xCEFE,0x6AE5,0x8539,0x0FFF,0x0CF6,
    0x2CF6,0x2CF6,0x0CF6,0x2CF6,0xAEFE,0x2CF6,0x0CF6,0x2CFE,0x91F6,0xF5F6,0x57FF,0x30EE,
    0x4BFE,0xAFFF,0x478B,0x4783,0x6210,0x0000,0x0000,0x0000,0x0000,0x0000,0x0000,0x0000,
    0x0000,0x0000,0x0000,0x0000,0x0000,0x0000,0x0000,0x0000,0x0000,0x0000,0x0000,0x0000,
    0x0000,0x0000,0x0000,0x0000,0x0000,0x0000,0x0000,0x0000,0x0000,0x0000,0x0000,0x0000,
    0x0000,0x0000,0x0000,0x0000,0x0000,0x0000,0x0000,0x0000,0x0000,0x0000,0x0000,0x0000,
    0x0000,0x0000,0x0000,0x0000,0x0000,0x0000,0x0000,0x0000,0x0000,0x0000,0x0000,0x0000,
    0x0000,0x0000,0x0000,0x0000,0x0000,0x0000,0x0000,0x0000,0x0000,0x0000,0x0000,0x0000,
    0x0000,0x0000,0x0000,0x0000,0x0000,0x0000,0x0000,0x0000,0x0000,0x0000,0x0000,0x0000,
    0x0000,0x0000,0x0000,0x0000,0x0000,0x0000,0x0000,0x0000,0x0000,0xEACC,0xEEFE,0xECF5,
    0x2CF6,0x0CF6,0x0CF6,0x2CFE,0x2CFE,0xACE5,0x0DEE,0x4BD5,0x4110,0x0000,0x0000,0x0000,
    0x0000,0x077B,0xEAC4,0x49AC,0x49AC,0x49AC,0x89B4,0xCAC4,0x4BD5,0xCABC,0x6110,0x2108,
    0xA218,0x2DF6,0x8DFE,0x0CF6,0x2CF6,0x2CF6,0x2CF6,0x2CF6,0x2CF6,0x2CF6,0x0CF6,0x4FFF,
    0xA76A,0x0000,0x2108,0x49AC,0x2CF6,0x2AD5,0x4BD5,0x4BD5,0x4BD5,0x2AD5,0xEFE5,0xCEFE,
    0x4AD5,0xA318,0x71FF,0xEBF5,0x2CF6,0x0CF6,0x4DFE,0x8CFE,0xA7C4,0xCDFE,0xADFE,0xECF5,
    0xC9F5,0x71F6,0xF6F6,0xAEFE,0x29DD,0x8BDD,0x08AC,0x8439,0xE672,0x0000,0x0000,0x0000,
    0x0000,0x0000,0x0000,0x0000,0x0000,0x0000,0x0000,0x0000,0x0000,0x0000,0x0000,0x0000,
    0x0000,0x0000,0x0000,0x0000,0x0000,0x0000,0x0000,0x0000,0x0000,0x0000,0x0000,0x0000,
    0x0000,0x0000,0x0000,0x0000,0x0000,0x0000,0x0000,0x0000,0x0000,0x0000,0x0000,0x0000,
    0x0000,0x0000,0x0000,0x0000,0x0000,0x0000,0x0000,0x0000,0x0000,0x0000,0x0000,0x0000,
    0x0000,0x0000,0x0000,0x0000,0x0000,0x0000,0x0000,0x0000,0x0000,0x0000,0x0000,0x0000,
    0x0000,0x0000,0x0000,0x0000,0x0000,0x0000,0x0000,0x0000,0x0000,0x0000,0x0000,0x0000,
    0x0000,0x0000,0x0000,0x0000,0x0000,0x0000,0x0000,0x0000,0x0000,0x0000,0x0000,0x0000,
    0x0000,0x49B4,0x0EFF,0xECF5,0x2CF6,0x4DFE,0x8DFE,0xECF5,0xADDD,0x0CF6,0x6BDD,0x4108,
    0x0000,0x0000,0x0000,0x0000,0x4108,0xCABC,0x89B4,0x49AC,0x69AC,0x69AC,0x49AC,0x89B4,
    0x6BDD,0x6562,0x0100,0x0000,0x0000,0x69B4,0x0EFF,0xECF5,0x2CF6,0x2CF6,0x2CF6,0x2CF6,
    0x2CF6,0xECF5,0xEEFE,0x29AC,0x0000,0xABE5,0x69AC,0x0000,0xCABC,0xECED,0x2AD5,0x4BD5,
    0x4BD5,0x2AD5,0x4BD5,0xEEFE,0x8793,0x0421,0x71FF,0xEBF5,0x2CF6,0x2CFE,0xACFE,0xE872,
    0x4E63,0x0000,0x4BDD,0x2EFF,0xEBF5,0x4FF6,0x16F7,0xEFFE,0xC86A,0x0000,0xE67A,0xCABC,
    0x067B,0x0000,0x0000,0x0000,0x0000,0x0000,0x0000,0x0000,0x0000,0x0000,0x0000,0x0000,
    0x0000,0x0000,0x0000,0x0000,0x0000,0x0000,0x0000,0x0000,0x0000,0x0000,0x0000,0x0000,
    0x0000,0x0000,0x0000,0x0000,0x0000,0x0000,0x0000,0x0000,0x0000,0x0000,0x0000,0x0000,
    0x0000,0x0000,0x0000,0x0000,0x0000,0x0000,0x0000,0x0000,0x0000,0x0000,0x0000,0x0000,
    0x0000,0x0000,0x0000,0x0000,0x0000,0x0000,0x0000,0x0000,0x0000,0x0000,0x0000,0x0000,
    0x0000,0x0000,0x0000,0x0000,0x0000,0x0000,0x0000,0x0000,0x0000,0x0000,0x0000,0x0000,
    0x0000,0x0000,0x0000,0x0000,0x0000,0x0000,0x0000,0x0000,0x0000,0x0000,0x0000,0x0000,
    0x0000,0x0000,0x0000,0x0000,0x0000,0x49AC,0x0EFF,0xECF5,0x2CFE,0xEEE5,0xCBBC,0x2DF6,
    0x4DFE,0x69B4,0x8218,0x0000,0x0000,0x0000,0x0000,0x0000,0x4562,0x2BCD,0x49AC,0x69AC,
    0x69AC,0x49AC,0xEAC4,0x69B4,0x0329,0x0000,0x0000,0x0000,0x0000,0xE228,0xEEFE,0x4CFE,
    0x0CF6,0x2CF6,0x2CF6,0x2CF6,0x2CF6,0x0CF6,0x2EFF,0xA218,0x067B,0xEAC4,0xEAC4,0xA66A,
    0x0000,0xABE5,0xABE5,0x4BD5,0x4BD5,0x4AD5,0x0ACD,0xB2FF,0x8441,0xAA8B,0x2FFF,0xEBF5,
    0x0CF6,0xEEFE,0x47BC,0xEE52,0xDFFF,0x0000,0x0000,0x4BD5,0x8CFE,0xB3F6,0xB5EE,0xA66A,
    0x2331,0x0000,0x4783,0xE672,0xE328,0x0000,0x0000,0x0000,0x0000,0x0000,0x0000,0x0000,
    0x0000,0x0000,0x0000,0x0000,0x0000,0x0000,0x0000,0x0000,0x0000,0x0000,0x0000,0x0000,
    0x0000,0x0000,0x0000,0x0000,0x0000,0x0000,0x0000,0x0000,0x0000,0x0000,0x0000,0x0000,
    0x0000,0x0000,0x0000,0x0000,0x0000,0x0000,0x0000,0x0000,0x0000,0x0000,0x0000,0x0000,
    0x0000,0x0000,0x0000,0x0000,0x0000,0x0000,0x0000,0x0000,0x0000,0x0000,0x0000,0x0000,
    0x0000,0x0000,0x0000,0x0000,0x0000,0x0000,0x0000,0x0000,0x0000,0x0000,0x0000,0x0000,
    0x0000,0x0000,0x0000,0x0000,0x0000,0x0000,0x0000,0x0000,0x0000,0x0000,0x0000,0x0000,
    0x0000,0x0000,0x0000,0x0000,0x0000,0x0000,0x0000,0x0000,0x0000,0x49B4,0x0EFF,0xECF5,
    0x4CFE,0x4AD5,0x0000,0x2683,0xC672,0x0000,0x0000,0x0000,0x0000,0x0000,0x0000,0x0000,
    0x08A4,0xCAC4,0x49AC,0x69AC,0x49AC,0x89B4,0x69AC,0x2108,0x0000,0x0000,0x0000,0x0000,
    0x0000,0x0000,0xC89B,0x4EFF,0xECF5,0x2CF6,0x2CF6,0x2CF6,0x2CF6,0x0CF6,0x2EFF,0x8218,
    0x49AC,0x0ACD,0x08A4,0x8BDD,0xE451,0xA218,0x8BDD,0x8BDD,0x4BD5,0x6BDD,0x8BE5,0xECED,
    0x0100,0x2CCD,0x8DFE,0x0CF6,0xECF5,0x0EFF,0x856A,0x0000,0x0000,0x4110,0x0000,0xA449,
    0x2DFF,0x51EE,0xB8FF,0xC76A,0x2008,0x4108,0xC672,0x0000,0x0000,0x0000,0x0000,0x0000,
    0x0000,0x0000,0x0000,0x0000,0x0000,0x0000,0x0000,0x0000,0x0000,0x0000,0x0000,0x0000,
    0x0000,0x0000,0x0000,0x0000,0x0000,0x0000,0x0000,0x0000,0x0000,0x0000,0x0000,0x0000,
    0x0000,0x0000,0x0000,0x0000,0x0000,0x0000,0x0000,0x0000,0x0000,0x0000,0x0000,0x0000,
    0x0000,0x0000,0x0000,0x0000,0x0000,0x0000,0x0000,0x0000,0x0000,0x0000,0x0000,0x0000,
    0x0000,0x0000,0x0000,0x0000,0x0000,0x0000,0x0000,0x0000,0x0000,0x0000,0x0000,0x0000,
    0x0000,0x0000,0x0000,0x0000,0x0000,0x0000,0x0000,0x0000,0x0000,0x0000,0x0000,0x0000,
    0x0000,0x0000,0x0000,0x0000,0x0000,0x0000,0x0000,0x0000,0x0000,0x0000,0x0000,0x0000,
    0x0000,0x6AB4,0x0EFF,0xECF5,0x2CF6,0x8DFE,0xEEFE,0xEACC,0x0000,0x0000,0x0000,0x0000,
    0x0000,0x0000,0x0000,0x0000,0x08A4,0xCABC,0x49AC,0x69AC,0x49AC,0xEAC4,0x4783,0x0000,
    0x0000,0x0000,0x0000,0x0000,0x0000,0x0000,0x0000,0x0CF6,0x8DFE,0x0CF6,0x2CF6,0x2CF6,
    0x2CF6,0xECF5,0x0EFF,0x067B,0xE220,0x49AC,0x0ACD,0x89B4,0x2ACD,0xA218,0x0000,0x2783,
    0xEAC4,0x6BD5,0x8BDD,0x0000,0xA76A,0x4FFF,0xECF5,0x2CF6,0xECF5,0x0EFF,0x6562,0x0000,
    0x8218,0x8210,0x0000,0x0552,0x0DFF,0xCEE5,0xF9FF,0x4883,0x0000,0x08A4,0x6662,0x0000,
    0x0000,0x0000,0x0000,0x0000,0x0000,0x0000,0x0000,0x0000,0x0000,0x0000,0x0000,0x0000,
    0x0000,0x0000,0x0000,0x0000,0x0000,0x0000,0x0000,0x0000,0x0000,0x0000,0x0000,0x0000,
    0x0000,0x0000,0x0000,0x0000,0x0000,0x0000,0x0000,0x0000,0x0000,0x0000,0x0000,0x0000,
    0x0000,0x0000,0x0000,0x0000,0x0000,0x0000,0x0000,0x0000,0x0000,0x0000,0x0000,0x0000,
    0x0000,0x0000,0x0000,0x0000,0x0000,0x0000,0x0000,0x0000,0x0000,0x0000,0x0000,0x0000,
    0x0000,0x0000,0x0000,0x0000,0x0000,0x0000,0x0000,0x0000,0x0000,0x0000,0x0000,0x0000,
    0x0000,0x0000,0x0000,0x0000,0x0000,0x0000,0x0000,0x0000,0x0000,0x0000,0x0000,0x0000,
    0x0000,0x0000,0x0000,0x0000,0x0000,0x8AB4,0x0EFF,0xECF5,0x2CFE,0xECED,0x6FFF,0x08AC,
    0x0000,0x0000,0x0000,0x0000,0x0000,0x0000,0x0000,0x0000,0xC672,0x2ACD,0x49AC,0x69AC,
    0x49AC,0x49AC,0x2BCD,0x8218,0x0000,0x0000,0x0000,0x0000,0x0000,0x0000,0x0000,0x866A,
    0x6FFF,0xECF5,0x2CF6,0x2CF6,0x2CF6,0xECF5,0x0EFF,0xCAC4,0x0000,0x0100,0x277B,0x89B4,
    0xEAC4,0xCCE5,0xE89B,0x2331,0x2108,0x8218,0x0000,0xC220,0xCCED,0x4CFE,0x0CF6,0x2CF6,
    0x0CF6,0xADFE,0x6BDD,0x0000,0x2200,0x6110,0x0000,0x69B4,0x6BFE,0x72EE,0x56FF,0xD6FF,
    0x6A7B,0x6018,0xE451,0x0000,0x0000,0x0000,0x0000,0x0000,0x0000,0x0000,0x0000,0x0000,
    0x0000,0x0000,0x0000,0x0000,0x0000,0x0000,0x0000,0x0000,0x0000,0x0000,0x0000,0x0000,
    0x0000,0x0000,0x0000,0x0000,0x0000,0x0000,0x0000,0x0000,0x0000,0x0000,0x0000,0x0000,
    0x0000,0x0000,0x0000,0x0000,0x0000,0x0000,0x0000,0x0000,0x0000,0x0000,0x0000,0x0000,
    0x0000,0x0000,0x0000,0x0000,0x0000,0x0000,0x0000,0x0000,0x0000,0x0000,0x0000,0x0000,
    0x0000,0x0000,0x0000,0x0000,0x0000,0x0000,0x0000,0x0000,0x0000,0x0000,0x0000,0x0000,
    0x0000,0x0000,0x0000,0x0000,0x0000,0x0000,0x0000,0x0000,0x0000,0x0000,0x0000,0x0000,
    0x0000,0x0000,0x0000,0x0000,0x0000,0x0000,0x0000,0x0000,0x0000,0x69B4,0x0EFF,0xECF5,
    0x2CF6,0x0CF6,0x8DFE,0x6339,0x0000,0x0000,0x0000,0x0000,0x0000,0x0000,0x0000,0x0000,
    0x2108,0x89B4,0xAABC,0x49AC,0x69AC,0x49AC,0x2ACD,0x866A,0x0000,0x0000,0x0000,0x0000,
    0x0000,0x0000,0x0000,0x0000,0x0CFE,0x8DFE,0x0CF6,0x2CF6,0x2CF6,0xECF5,0x0EFF,0xC89B,
    0x0000,0x0000,0x0000,0x6210,0x8218,0x2331,0x878B,0x2BCD,0x89B4,0xC89B,0x08A4,0x89B4,
    0x2CFE,0x6DFE,0x0CF6,0x2CF6,0x2CF6,0x0CF6,0x0EFF,0x48AC,0x8731,0x0000,0x6118,0xEAF5,
    0xD3FE,0x36FF,0xF4FE,0x35FF,0xF8FF,0xF2D5,0x2108,0x0000,0x0000,0x0000,0x0000,0x0000,
    0x0000,0x0000,0x0000,0x0000,0x0000,0x0000,0x0000,0x0000,0x0000,0x0000,0x0000,0x0000,
    0x0000,0x0000,0x0000,0x0000,0x0000,0x0000,0x0000,0x0000,0x0000,0x0000,0x0000,0x0000,
    0x0000,0x0000,0x0000,0x0000,0x0000,0x0000,0x0000,0x0000,0x0000,0x0000,0x0000,0x0000,
    0x0000,0x0000,0x0000,0x0000,0x0000,0x0000,0x0000,0x0000,0x0000,0x0000,0x0000,0x0000,
    0x0000,0x0000,0x0000,0x0000,0x0000,0x0000,0x0000,0x0000,0x0000,0x0000,0x0000,0x0000,
    0x0000,0x0000,0x0000,0x0000,0x0000,0x0000,0x0000,0x0000,0x0000,0x0000,0x0000,0x0000,
    0x0000,0x0000,0x0000,0x0000,0x0000,0x0000,0x0000,0x0000,0x0000,0x0000,0x0000,0x0000,
    0x0000,0x69B4,0x0DFF,0xEBF5,0xEAF5,0x8CFE,0x6FFF,0x4110,0x0000,0x0000,0x0000,0x0000,
    0x0000,0x0000,0x0000,0x0000,0x0000,0x6562,0x2BCD,0x49AC,0x69AC,0x49AC,0xA9B4,0x89B4,
    0x0100,0x0000,0x0000,0x0000,0x0000,0x0000,0x0000,0x0000,0x4562,0x6FFF,0xECF5,0x2CF6,
    0x2CF6,0x0CF6,0x6DFE,0x2CFE,0x0000,0x2100,0x0000,0x0000,0x8441,0x077B,0xE672,0xC449,
    0x878B,0x8BDD,0x89B4,0x49AC,0x8BE5,0xCCED,0x2CFE,0x0CF6,0x2CF6,0x2CF6,0x0CF6,0xCEFE,
    0xACFE,0xA8C4,0xAEFE,0xF2FE,0x36FF,0xF4FE,0x14FF,0x15FF,0xF7FF,0xF9FF,0xFAFF,0xCB83,
    0x6339,0x0000,0x0000,0x0000,0x0000,0x0000,0x0000,0x0000,0x0000,0x0000,0x0000,0x0000,
    0x0000,0x0000,0x0000,0x0000,0x0000,0x0000,0x0000,0x0000,0x0000,0x0000,0x0000,0x0000,
    0x0000,0x0000,0x0000,0x0000,0x0000,0x0000,0x0000,0x0000,0x0000,0x0000,0x0000,0x0000,
    0x0000,0x0000,0x0000,0x0000,0x0000,0x0000,0x0000,0x0000,0x0000,0x0000,0x0000,0x0000,
    0x0000,0x0000,0x0000,0x0000,0x0000,0x0000,0x0000,0x0000,0x0000,0x0000,0x0000,0x0000,
    0x0000,0x0000,0x0000,0x0000,0x0000,0x0000,0x0000,0x0000,0x0000,0x0000,0x0000,0x0000,
    0x0000,0x0000,0x0000,0x0000,0x0000,0x0000,0x0000,0x0000,0x0000,0x0000,0x0000,0x0000,
    0x0000,0x0000,0x0000,0x0000,0x0000,0x48B4,0x2FFF,0x0DF6,0xD1FE,0x0EEE,0xE251,0x0000,
    0x0000,0x0000,0x0000,0x0000,0x0000,0x0000,0x0000,0x0000,0x0000,0x0000,0xA893,0xEAC4,
    0x49AC,0x69AC,0x49AC,0x0ACD,0x8441,0x0000,0x0000,0x0000,0x0000,0x0000,0x0000,0x0000,
    0x0100,0xECED,0x8DFE,0x0CF6,0x2CF6,0x2CF6,0xECF5,0xAFFF,0xE67A,0x0000,0x0000,0x0000,
    0x0000,0x077B,0x2DF6,0x49AC,0x0000,0x866A,0x0AC5,0x89B4,0x6BDD,0xEAC4,0x0EEE,0x4DFE,
    0x0CF6,0x0CF6,0x2CF6,0x0BF6,0xEAF5,0x8FFE,0x36FF,0x35FF,0x14FF,0xF4FE,0x35FF,0x34FF,
    0x6893,0x6B8B,0x92F6,0xF7FF,0x2FCD,0x8218,0x0000,0x0000,0x0000,0x0000,0x0000,0x0000,
    0x0000,0x0000,0x0000,0x0000,0x0000,0x0000,0x0000,0x0000,0x0000,0x0000,0x0000,0x0000,
    0x0000,0x0000,0x0000,0x0000,0x0000,0x0000,0x0000,0x0000,0x0000,0x0000,0x0000,0x0000,
    0x0000,0x0000,0x0000,0x0000,0x0000,0x0000,0x0000,0x0000,0x0000,0x0000,0x0000,0x0000,
    0x0000,0x0000,0x0000,0x0000,0x0000,0x0000,0x0000,0x0000,0x0000,0x0000,0x0000,0x0000,
    0x0000,0x0000,0x0000,0x0000,0x0000,0x0000,0x0000,0x0000,0x0000,0x0000,0x0000,0x0000,
    0x0000,0x0000,0x0000,0x0000,0x0000,0x0000,0x0000,0x0000,0x0000,0x0000,0x0000,0x0000,
    0x0000,0x0000,0x0000,0x0000,0x0000,0x0000,0x0000,0x0000,0x0000,0xCDBC,0xF8FF,0xD5FE,
    0xF9FF,0xF5FE,0xAC83,0x0C8C,0x0000,0x0000,0x0000,0x0000,0x0000,0x0000,0x0000,0x0000,
    0x0000,0x0000,0x4331,0x4BD5,0x49AC,0x69AC,0x49AC,0x89B4,0x69B4,0xA66A,0x2331,0xA218,
    0x0000,0x0000,0x0000,0x0000,0x0000,0x8762,0x8FFF,0xECF5,0x0BF6,0x0BF6,0x0BFE,0xEDFE,
    0xA672,0x0000,0x0000,0x0000,0x0000,0x0100,0xA893,0x4BD5,0xAAB4,0x0000,0x678B,0x0AC5,
    0x89B4,0x8BDD,0xACDD,0xADDD,0x0DF6,0x4DFE,0x2CFE,0x2DF6,0x93F6,0xF5FE,0x15FF,0xF4FE,
    0x14FF,0xF4FE,0xB6FF,0xACBC,0x1063,0x0000,0x0000,0x0000,0xA520,0xA318,0x0000,0x0000,
    0x0000,0x0000,0x0000,0x0000,0x0000,0x0000,0x0000,0x0000,0x0000,0x0000,0x0000,0x0000,
    0x0000,0x6210,0x0000,0x0000,0x0000,0x0000,0x4110,0x4110,0x0000,0x0000,0x0000,0x0000,
    0x0000,0x0000,0x0000,0x0000,0x0000,0x0000,0x0000,0x0000,0x0000,0x0000,0x0000,0x0000,
    0x0000,0x0000,0x0000,0x0000,0x0000,0x0000,0x0000,0x0000,0x0000,0x0000,0x0000,0x0000,
    0x0000,0x0000,0x0000,0x0000,0x0000,0x0000,0x0000,0x0000,0x0000,0x0000,0x0000,0x0000,
    0x0000,0x0000,0x0000,0x0000,0x0000,0x0000,0x0000,0x0000,0x0000,0x0000,0x0000,0x0000,
    0x0000,0x0000,0x0000,0x0000,0x0000,0x0000,0x0000,0x0000,0x0000,0x0000,0x0000,0x0000,
    0x0000,0x30BD,0xF8FF,0x55FF,0x4983,0x72EE,0xFAFF,0x32D6,0x53EE,0x0000,0x0000,0x0000,
    0x0000,0x0000,0x0000,0x0000,0x0000,0x0000,0x0000,0xA66A,0x2BCD,0x29AC,0x69AC,0x49AC,
    0x89B4,0x2ACD,0x2ACD,0x0AC5,0x0329,0x0000,0x0000,0x0000,0x0000,0x0100,0xCDED,0x8CFE,
    0x4EF6,0x6FFE,0xB3FE,0xF7FF,0xA96A,0xE96A,0x55FF,0x0C94,0x2108,0x0000,0x0552,0xEAC4,
    0xEAC4,0x29A4,0x0000,0xAABC,0xCABC,0x69AC,0xC9C4,0xE9C4,0xCDE5,0xADDD,0x6BD5,0xF0E5,
    0x57FF,0x77FF,0x15FF,0xF4FE,0xF4FE,0xF5FE,0xB4FF,0x4439,0x8308,0x8118,0x6210,0x0000,
    0x0108,0x6210,0x2108,0x0000,0x0000,0x0000,0x0000,0x0000,0x0000,0x0000,0x0000,0x0000,
    0x0000,0x0000,0x0000,0x0000,0x0000,0x4110,0x6210,0x0000,0x0000,0x4110,0x4110,0x0000,
    0x0000,0x0000,0x0000,0x0000,0x0000,0x0000,0x0000,0x0000,0x0000,0x0000,0x0000,0x0000,
    0x0000,0x0000,0x0000,0x0000,0x0000,0x0000,0x0000,0x0000,0x0000,0x0000,0x0000,0x0000,
    0x0000,0x0000,0x0000,0x0000,0x0000,0x0000,0x0000,0x0000,0x0000,0x0000,0x0000,0x0000,
    0x0000,0x0000,0x0000,0x0000,0x0000,0x0000,0x0000,0x0000,0x0000,0x0000,0x0000,0x0000,
    0x0000,0x0000,0x0000,0x0000,0x0000,0x0000,0x0000,0x0000,0x0000,0x0000,0x0000,0x0000,
    0x0000,0x0000,0x0000,0x0000,0x0000,0xAEB4,0xF7FF,0x96FF,0xEEB4,0xE328,0xF9FF,0xE651,
    0x12DE,0x73EE,0x0000,0x0000,0x0000,0x0000,0x0000,0x0000,0x0000,0x0000,0x0000,0x6210,
    0xEAC4,0x89B4,0x49AC,0x69AC,0x09A4,0x29AC,0x29A4,0xAABC,0xAABC,0x0100,0x0000,0x0000,
    0x0000,0x0000,0xC220,0x91FF,0x36FF,0xB8FF,0xA641,0x91CD,0xD7FF,0x8539,0xCEB4,0xFDFF,
    0xF2DD,0xC320,0x0000,0x09A4,0xAABC,0xEAC4,0x866A,0x0000,0x08A4,0x2BCD,0xCABC,0x0ACD,
    0xEAC4,0xA9BC,0x6BDD,0xAAE5,0xADDD,0xCEDD,0x35FF,0x77FF,0x35FF,0xF4FE,0xB6FF,0x4DAC,
    0x0000,0x0000,0x0000,0x0000,0xABB4,0x6883,0x0000,0x0000,0x0000,0x0000,0x0000,0x0000,
    0x0000,0x0000,0x0000,0x0000,0x0000,0x0000,0x6210,0x0000,0x0000,0x6110,0x4110,0x0000,
    0x4110,0x4110,0x4110,0x0000,0x0000,0x0000,0x0000,0x0000,0x0000,0x0000,0x0000,0x0000,
    0x0000,0x0000,0x0000,0x0000,0x0000,0x0000,0x0000,0x0000,0x0000,0x0000,0x0000,0x0000,
    0x0000,0x0000,0x0000,0x0000,0x0000,0x0000,0x0000,0x0000,0x0000,0x0000,0x0000,0x0000,
    0x0000,0x0000,0x0000,0x0000,0x0000,0x0000,0x0000,0x0000,0x0000,0x0000,0x0000,0x0000,
    0x0000,0x0000,0x0000,0x0000,0x0000,0x0000,0x0000,0x0000,0x0000,0x0000,0x0000,0x0000,
    0x0000,0x0000,0x0000,0x0000,0x0000,0x0000,0x0000,0x0000,0x2429,0x35FF,0x96FF,0x93F6,
    0xFAFF,0x0329,0xCEB4,0xD7FF,0x0000,0xF9FF,0x2973,0x0000,0x0000,0x0000,0x0000,0x0000,
    0x0000,0x0000,0x0000,0x0000,0x866A,0x2BCD,0x29A4,0x49AC,0x49AC,0x29A4,0x49AC,0x49AC,
    0x49AC,0x0100,0x0000,0x0000,0x0000,0x0000,0x0000,0x50C5,0xF7FF,0x14FF,0xB6FF,0x0008,
    0x55FF,0xB6FF,0x0000,0xB3F6,0xF9FF,0x6A83,0x0000,0xA441,0x0ACD,0xE89B,0x4BD5,0xE67A,
    0x0000,0xC449,0x077B,0xE672,0xC89B,0x2BCD,0x2783,0xA66A,0x2AD5,0x29D5,0xCABC,0x0BC5,
    0xF4FE,0x56FF,0x77FF,0xF7FF,0xAFDD,0x675A,0x6439,0xA66A,0x4CFE,0xC220,0x0000,0x0000,
    0x0000,0x0000,0x0000,0x0000,0x0000,0x0000,0x0000,0x0000,0x0000,0x0000,0x4110,0x4110,
    0x6110,0x0000,0x4110,0x4110,0x4110,0x4110,0x4110,0x4110,0x6110,0x0000,0x0000,0x0000,
    0x0000,0x0000,0x0000,0x0000,0x0000,0x0000,0x0000,0x0000,0x0000,0x0000,0x0000,0x0000,
    0x0000,0x0000,0x0000,0x0000,0x0000,0x0000,0x0000,0x0000,0x0000,0x0000,0x0000,0x0000,
    0x0000,0x0000,0x0000,0x0000,0x0000,0x0000,0x0000,0x0000,0x0000,0x0000,0x0000,0x0000,
    0x0000,0x0000,0x0000,0x0000,0x0000,0x0000,0x0000,0x0000,0x0000,0x0000,0x0000,0x0000,
    0x0000,0x0000,0x0000,0x0000,0x0000,0x0000,0x0000,0x0000,0x0000,0x0000,0x0000,0x0000,
    0x0000,0xCEB4,0xFAFF,0x76FF,0xF7FF,0x90CD,0x0FBD,0xFDFF,0xE328,0x93F6,0xA862,0x0000,
    0x0000,0x0000,0x0000,0x0000,0x0000,0x0000,0x0000,0x0000,0x0000,0x29A4,0x6BD5,0x89B4,
    0x69B4,0x29A4,0x89B4,0x2BCD,0x49AC,0x0000,0x0000,0x0000,0x0000,0x0000,0x0000,0x0429,
    0xF9FF,0xD4FE,0xF8FF,0x0329,0x2FC5,0xF8FF,0x875A,0x53EE,0xFAFF,0x8B8B,0x0000,0x2108,
    0xEAC4,0x89B4,0x08A4,0x0ACD,0xAABC,0x6562,0xA218,0x0000,0x6210,0xA218,0xC672,0x067B,
    0x8439,0xC66A,0x0ACD,0xA9BC,0xE9C4,0xAEDD,0xEFDD,0xAEDD,0x4EF6,0xF3FF,0xA76A,0x2683,
    0xE89B,0x0100,0x0000,0x0000,0x0000,0x0000,0x0000,0x0000,0x0000,0x0000,0x0000,0x0000,
    0x6210,0x4110,0x0000,0x4110,0x4110,0x4110,0x4110,0x4110,0x4110,0x4110,0x4110,0x4110,
    0x4110,0x6210,0x0000,0x0000,0x0000,0x0000,0x0000,0x0000,0x0000,0x0000,0x0000,0x0000,
    0x0000,0x0000,0x0000,0x0000,0x0000,0x0000,0x0000,0x0000,0x0000,0x0000,0x0000,0x0000,
    0x0000,0x0000,0x0000,0x0000,0x0000,0x0000,0x0000,0x0000,0x0000,0x0000,0x0000,0x0000,
    0x0000,0x0000,0x0000,0x0000,0x0000,0x0000,0x0000,0x0000,0x0000,0x0000,0x0000,0x0000,
    0x0000,0x0000,0x0000,0x0000,0x0000,0x0000,0x0000,0x0000,0x0000,0x0000,0x0000,0x0000,
    0x0000,0x0000,0x0000,0x0000,0x0000,0x0000,0x4A7B,0xB4EE,0xFAFF,0xA862,0xADAC,0x76F7,
    0x475A,0xA862,0x0000,0x0000,0x0000,0x0000,0x0000,0x0000,0x0000,0x0000,0x0000,0x0000,
    0x0000,0x6110,0xE672,0x69AC,0x0AC5,0xEAC4,0x49AC,0xA893,0xE220,0x0000,0x0000,0x0000,
    0x0000,0x0000,0x0000,0x0000,0x8DAC,0xF9FF,0xFAFF,0xEEB4,0xEC93,0xFCFF,0x0652,0xD7FF,
    0xD4EE,0xC320,0x0000,0x0000,0x255A,0x2BCD,0xCABC,0xEAC4,0x2BCD,0x0CEE,0xA441,0x0000,
    0x0000,0x0000,0x0000,0x4331,0x678B,0x6562,0x0229,0x455A,0xC893,0x2683,0x057B,0x067B,
    0x067B,0x6118,0x4331,0x0100,0x0000,0x0000,0x0000,0x0000,0x0000,0x0000,0x0000,0x0000,
    0x0000,0x0000,0x0000,0x0000,0x6110,0x4110,0x4110,0x4110,0x4110,0x4110,0x4110,0x4110,
    0x4110,0x4110,0x4110,0x4110,0x4110,0x4110,0x6110,0x4110,0x6110,0x0000,0x0000,0x0000,
    0x0000,0x0000,0x0000,0x0000,0x0000,0x0000,0x0000,0x0000,0x0000,0x0000,0x0000,0x0000,
    0x0000,0x0000,0x0000,0x0000,0x0000,0x0000,0x0000,0x0000,0x0000,0x0000,0x0000,0x0000,
    0x0000,0x0000,0x0000,0x0000,0x0000,0x0000,0x0000,0x0000,0x0000,0x0000,0x0000,0x6210,
    0x6210,0x6210,0x6210,0x6210,0x6210,0x6210,0x6210,0x6210,0x6210,0x6210,0x6210,0x6210,
    0x6210,0x6210,0x6210,0x6210,0x6210,0x4110,0x4210,0x8210,0x4108,0x4108,0x0000,0x0000,
    0x0329,0x0000,0x0008,0x0000,0x6110,0x0000,0x6110,0x6110,0x6210,0x6210,0x6210,0x6210,
    0x6210,0x6210,0x6210,0x8218,0xA318,0x2108,0x0000,0x0100,0xA220,0xA220,0x0108,0x0000,
    0x2108,0x8210,0x4108,0x4108,0x6210,0x4108,0x6210,0x4108,0x0000,0xE328,0xE320,0xA218,
    0x0329,0xE328,0x0000,0x0329,0x0000,0x0000,0x4110,0x4108,0x0000,0x6210,0x6110,0x8441,
    0xE449,0x4108,0x0100,0x2110,0x6210,0x8218,0xA218,0x0000,0x0000,0x0329,0x0000,0x0000,
    0x0000,0x0000,0x0000,0x0000,0x0000,0x0000,0x4110,0x4110,0x4110,0x6110,0x6110,0x6210,
    0x6210,0x4108,0x4108,0x4108,0x4108,0x2008,0x4108,0x6210,0x4110,0x6110,0x6110,0x6110,
    0x6110,0x6110,0x4110,0x4110,0x4110,0x4110,0x4110,0x4110,0x4110,0x4110,0x4110,0x4110,
    0x4110,0x6210,0x0000,0x0000,0x0000,0x0000,0x0000,0x0000,0x0000,0x0000,0x0000,0x0000,
    0x0000,0x0000,0x0000,0x0000,0x0000,0x0000,0x0000,0x0000,0x0000,0x0000,0x0000,0x0000,
    0x0000,0x0000,0x0000,0x0000,0x0000,0x0000,0x0000,0x0000,0x0000,0x0000,0x0000,0x0000,
    0x0000,0x0000,0x0000,0x6210,0x6210,0x6210,0x6210,0x6210,0x6210,0x6210,0x6210,0x6210,
    0x6210,0x6210,0x6210,0x6210,0x6210,0x6210,0x6210,0x6210,0x4110,0xC318,0x6210,0x0000,
    0x0000,0x0000,0x0000,0x0000,0x0000,0x0000,0x0000,0x4108,0x2108,0x8218,0x6210,0x6210,
    0x6210,0x6210,0x6210,0x6210,0x6210,0x2108,0x2000,0x0000,0x0000,0x0000,0x2008,0x0000,
    0x0000,0x0000,0x0000,0x0000,0x0000,0x0000,0x0000,0x4108,0x4108,0x0000,0x0000,0x0000,
    0x0000,0x0000,0x0000,0x0000,0x0000,0x0000,0x0000,0x0000,0x0100,0x0100,0x0100,0x0100,
    0x0100,0x0100,0x0100,0x0000,0x0100,0x0100,0x4108,0x4108,0x0000,0x2008,0x2008,0x6210,
    0x8210,0x0100,0x6210,0x8218,0x6210,0x6210,0x6210,0x6210,0x6210,0x6210,0x4110,0x6210,
    0x6210,0x6210,0x6210,0x4108,0x4108,0x0100,0x0100,0x0100,0x0200,0x6208,0x6210,0x2008,
    0x6110,0x2008,0x2000,0x2000,0x2000,0x2000,0x2008,0x6110,0x6210,0x6210,0x6210,0x6210,
    0x6210,0x6210,0x6210,0x6210,0x6210,0x6210,0x0000,0x0000,0x0000,0x0000,0x0000,0x0000,
    0x0000,0x0000,0x0000,0x0000,0x0000,0x0000,0x0000,0x0000,0x0000,0x0000,0x0000,0x0000,
    0x0000,0x0000,0x0000,0x0000,0x0000,0x0000,0x0000,0x0000,0x0000,0x0000,0x0000,0x0000,
    0x0000,0x0000,0x0000,0x0000,0x0000,0x0000,0x0000,0x0000,0x0000,0x0000,0x0000,0x0000,
    0x0000,0x0000,0x0000,0x0000,0x0000,0x0000,0x0000,0x0000,0x0000,0x0000,0x0000,0x0000,
    0x0000,0xC318,0x0000,0x0000,0x55AD,0x75B5,0x34A5,0x34AD,0x34AD,0x18C6,0x0421,0x0000,
    0x2000,0x0000,0x0000,0x0000,0x0000,0x0000,0x0000,0x0000,0x0000,0x6108,0x0000,0x34A5,
    0xF7BD,0xF39C,0x0000,0x2000,0x0000,0x0000,0x4108,0xD7BD,0x14A5,0x18C6,0x6D6B,0x0000,
    0x0000,0xEB5A,0x18C6,0xF3A4,0x18C6,0x8E73,0x0000,0x4008,0x0000,0x0000,0x8049,0x61ED,
    0x60CC,0x80CC,0xC0DC,0xA0D4,0x0000,0x0100,0xC1DC,0xC1DC,0x81FD,0x6139,0x0100,0x4529,
    0x0000,0x0000,0x0000,0x0000,0x0000,0x0000,0x0000,0x0000,0x0000,0x0000,0x0000,0x0000,
    0x0000,0x0000,0x0000,0x0000,0x0000,0x0000,0x0000,0x0000,0x0100,0x00B4,0x20ED,0xC0DC,
    0xC0D4,0x0000,0x0100,0x2000,0x0000,0x0000,0x0000,0x0000,0x0000,0x0000,0x0000,0x0000,
    0x0000,0x0000,0x0000,0x0000,0x0000,0x0000,0x0000,0x0000,0x0000,0x0000,0x0000,0x0000,
    0x0000,0x0000,0x0000,0x0000,0x0000,0x0000,0x0000,0x0000,0x0000,0x0000,0x0000,0x0000,
    0x0000,0x0000,0x0000,0x0000,0x0000,0x0000,0x0000,0x0000,0x0000,0x0000,0x0000,0x0000,
    0x0000,0x0000,0x0000,0x0000,0x0000,0x0000,0x0000,0x0000,0x0000,0x0000,0x0000,0x0000,
    0x0000,0x0000,0x0000,0x0000,0x0000,0x0000,0x0000,0x0000,0x0000,0x0000,0x0000,0x0000,
    0x0000,0x0000,0x0000,0x6108,0x2000,0x0000,0xEB62,0xBAD6,0xFFFF,0xFFFF,0xFFFF,0xFFFF,
    0xFFFF,0xFFFF,0x9EF7,0xEB62,0x0000,0x2000,0x0000,0x0000,0x0000,0x0000,0x0000,0x0000,
    0x0000,0x0000,0x0421,0xFFFF,0xFFFF,0xFFFF,0x0421,0x0000,0x6108,0xD39C,0x7AD6,0xFFFF,
    0xFFFF,0xFFFF,0x7294,0x0000,0x4108,0xFFFF,0xFFFF,0xFFFF,0xFFFF,0xB29C,0x0000,0x0000,
    0x4039,0x20FF,0x80FE,0xA0FF,0x60FF,0x60FF,0x80FF,0xE0FF,0xE0B3,0xA17A,0xC0FF,0x80FF,
    0xE0FF,0x4041,0x0100,0xA218,0x0000,0x0000,0x0000,0x0000,0x0000,0x0000,0x0000,0x0000,
    0x0000,0x0000,0x0000,0x0000,0x0000,0x0000,0x0000,0x0000,0x0000,0x0000,0x0000,0x2008,
    0x0000,0xC0DC,0xE0FF,0xE0FF,0xC0FE,0x0100,0x0100,0x4100,0x0000,0x0000,0x0000,0x0000,
    0x0000,0x0000,0x0000,0x0000,0x0000,0x0000,0x0000,0x0000,0x0000,0x0000,0x0000,0x0000,
    0x0000,0x0000,0x0000,0x0000,0x0000,0x0000,0x0000,0x0000,0x0000,0x0000,0x0000,0x0000,
    0x0000,0x0000,0x0000,0x0000,0x0000,0x0000,0x0000,0x0000,0x0000,0x0000,0x0000,0x0000,
    0x0000,0x0000,0x0000,0x0000,0x0000,0x0000,0x0000,0x0000,0x0000,0x0000,0x0000,0x0000,
    0x0000,0x0000,0x0000,0x0000,0x0000,0x0000,0x0000,0x0000,0x0000,0x0000,0x0000,0x0000,
    0x0000,0x0000,0x0000,0x0000,0x0000,0x0000,0x0000,0x0000,0x4108,0x96B5,0xFFFF,0xFFFF,
    0xFFFF,0xDFFF,0xFFFF,0xFFFF,0xFFFF,0xFFFF,0xFFFF,0x6D6B,0x0000,0x2000,0x0000,0x0000,
    0x0000,0x0000,0x0000,0x0000,0x0000,0x0000,0xCB5A,0xFFFF,0xFFFF,0xFFFF,0x6952,0x0000,
    0x6529,0xFFFF,0xFFFF,0xFFFF,0xFFFF,0xFFFF,0x4D6B,0x8631,0xFBE6,0xFFFF,0xFFFF,0xFFFF,
    0xFFFF,0x3184,0x0000,0x0200,0x60E5,0xE0FF,0x00FF,0x00FF,0x00FF,0x00FF,0xC0F6,0xC0FF,
    0x8051,0x20C4,0xA0FF,0xC0F6,0xE0FF,0x6141,0x0000,0xA110,0xC731,0x0000,0x0000,0x0000,
    0x0000,0x4521,0x2100,0x0000,0x0000,0x0000,0x0000,0x0000,0x0000,0x0000,0x0000,0x0000,
    0x4008,0x4008,0x0000,0x6010,0x0000,0x40CC,0x40FF,0x40FF,0x80FE,0x0000,0x4100,0x4108,
    0x0000,0x0000,0x0000,0x0000,0x0000,0x0000,0x0000,0x0000,0x0000,0x0000,0x0000,0x0000,
    0x0000,0x0000,0x0000,0x0000,0x0000,0x0000,0x0000,0x0000,0x0000,0x0000,0x0000,0x0000,
    0x0000,0x0000,0x0000,0x0000,0x0000,0x0000,0x0000,0x0000,0x0000,0x0000,0x0000,0x0000,
    0x0000,0x0000,0x0000,0x0000,0x0000,0x0000,0x0000,0x0000,0x0000,0x0000,0x0000,0x0000,
    0x0000,0x0000,0x0000,0x0000,0x0000,0x0000,0x0000,0x0000,0x0000,0x0000,0x0000,0x0000,
    0x0000,0x0000,0x0000,0x0000,0x0000,0x0000,0x0000,0x0000,0x0000,0x0000,0x0000,0x0000,
    0x518C,0xFFFF,0xFFFF,0xFFFF,0xFFFF,0xFFFF,0xFFFF,0xFFFF,0xFFFF,0xFFFF,0x308C,0x2421,
    0x0000,0x4108,0x2000,0x4108,0x2000,0x0000,0x0000,0x2000,0x0000,0x0000,0x8631,0xFFFF,
    0xFFFF,0xFFFF,0x0000,0x0000,0x9294,0xFFFF,0xFFFF,0xFFFF,0xFFFF,0xFFFF,0x59CE,0x34A5,
    0x5DEF,0xFFFF,0xFFFF,0xFFFF,0xFFFF,0xC510,0x807A,0x81FE,0x20FF,0xE0FE,0xC0FE,0x40FE,
    0x20FF,0xE0FE,0x20FF,0xA0FF,0xC061,0xA0FE,0x20FF,0x00FF,0x01FE,0x8018,0x0000,0x6108,
    0xA110,0x4008,0x0000,0x0000,0x4008,0x6008,0x4008,0x4008,0x4108,0x6008,0x6008,0x2000,
    0x0000,0x0000,0x8110,0x8210,0x0200,0x0100,0x6108,0x6108,0x0100,0x41CC,0x40FF,0x80FF,
    0x60DD,0x0000,0x6008,0x6008,0x4108,0x6108,0x6108,0x0000,0x0000,0x0000,0x0000,0x0000,
    0x0000,0x0000,0x0000,0x0000,0x0000,0x0000,0x0000,0x0000,0x0000,0x0000,0x0000,0x0000,
    0x0000,0x0000,0x0000,0x0000,0x0000,0x0000,0x0000,0x0000,0x0000,0x0000,0x0000,0x0000,
    0x0000,0x0000,0x0000,0x0000,0x0000,0x0000,0x0000,0x0000,0x0000,0x0000,0x0000,0x0000,
    0x0000,0x0000,0x0000,0x0000,0x0000,0x0000,0x0000,0x0000,0x0000,0x0000,0x0000,0x0000,
    0x0000,0x0000,0x0000,0x0000,0x0000,0x0000,0x0000,0x0000,0x0000,0x0000,0x0000,0x0000,
    0x0000,0x0000,0x0000,0x0000,0xFFFF,0xFFFF,0xDFFF,0xFFFF,0xBEF7,0x9EF7,0xC739,0x2421,
    0xC318,0x99D6,0xA318,0x0000,0x0000,0x0000,0x0000,0x0000,0x0000,0xC318,0x8210,0x0000,
    0x0000,0x0000,0x0000,0x8110,0x8210,0x8210,0x0000,0x0000,0x75AD,0xFFFF,0xFFFF,0x2842,
    0x0000,0x0000,0xCB5A,0xDFFF,0x9EF7,0xFFFF,0xCB5A,0x0000,0xA731,0x0000,0x20FE,0xC0FF,
    0xE0FE,0x40FF,0x60FF,0x01F5,0x2039,0x0039,0x80F5,0x80FF,0x807A,0x00FF,0x00FF,0x60FF,
    0xC0DC,0x0000,0x0000,0x0000,0x0100,0x0100,0x2000,0x0000,0x0000,0x0000,0x0000,0x0000,
    0x0000,0x0100,0x0100,0x4100,0xA110,0x6208,0x0200,0x0200,0x81A3,0x616A,0x0100,0x0100,
    0x8172,0xC0FE,0xE0FE,0xC0FF,0x809B,0x0000,0x0000,0x0000,0x0100,0x0000,0x0100,0x2000,
    0x0000,0x0000,0x0000,0x0000,0x0000,0x0000,0x0000,0x0000,0x0000,0x0000,0x0000,0x0000,
    0x0000,0x0000,0x0000,0x0000,0x0000,0x0000,0x0000,0x0000,0x0000,0x0000,0x0000,0x0000,
    0x0000,0x0000,0x0000,0x0000,0x0000,0x0000,0x0000,0x0000,0x0000,0x0000,0x0000,0x0000,
    0x0000,0x0000,0x0000,0x0000,0x0000,0x0000,0x0000,0x0000,0x0000,0x0000,0x0000,0x0000,
    0x0000,0x0000,0x0000,0x0000,0x0000,0x0000,0x0000,0x0000,0x0000,0x0000,0x0000,0x0000,
    0x0000,0x0000,0x0000,0x0000,0x0000,0x0000,0x0000,0xC739,0xDFFF,0xFFFF,0xDFFF,0xFFFF,
    0xCB5A,0x0000,0x0000,0x0000,0x0000,0x0842,0x4108,0x2000,0xDBDE,0xBAD6,0x38C6,0x0C63,
    0x3084,0x7DEF,0x9EF7,0x2C6B,0x0000,0x0000,0x494A,0x59CE,0x18C6,0x308C,0x0B63,0x14A5,
    0x7DEF,0xFFFF,0xFFFF,0xEF7B,0xAA52,0x694A,0x8E73,0xFFFF,0xFFFF,0xFFFF,0xEF7B,0xEB5A,
    0x0300,0x2041,0xA0FF,0xC0FE,0xE0FE,0x80FE,0x81CC,0x2108,0x0100,0x0100,0x6010,0xE028,
    0xC059,0x40FF,0xE0FE,0x40FF,0xE0DC,0xC0B3,0x00F6,0xE0F5,0x208B,0xC020,0x0000,0x4008,
    0x406A,0xA09B,0x00F6,0x80E5,0x00FE,0x408B,0x2062,0x4100,0x4100,0x8210,0xA26A,0x60E5,
    0xE0FE,0xC0FE,0x20FE,0x0100,0x2093,0xE0FF,0xC0F6,0xE0FF,0x208B,0x0000,0x2008,0xA0BC,
    0x00F6,0x60FE,0x4039,0x0000,0x4008,0x0000,0x0000,0x0000,0x0000,0x0000,0x0000,0x0000,
    0x0000,0x0000,0x0000,0x0000,0x0000,0x0000,0x0000,0x0000,0x0000,0x0000,0x0000,0x0000,
    0x0000,0x0000,0x0000,0x0000,0x0000,0x0000,0x0000,0x0000,0x0000,0x0000,0x0000,0x0000,
    0x0000,0x0000,0x0000,0x0000,0x0000,0x0000,0x0000,0x0000,0x0000,0x0000,0x0000,0x0000,
    0x0000,0x0000,0x0000,0x0000,0x0000,0x0000,0x0000,0x0000,0x0000,0x0000,0x0000,0x0000,
    0x0000,0x0000,0x0000,0x0000,0x0000,0x0000,0x0000,0x0000,0x0000,0x0000,0x0000,0x4D6B,
    0xFFFF,0xBEF7,0xFFFF,0xFFFF,0xDBDE,0x55AD,0x9EF7,0x8631,0x0000,0x0000,0x0000,0x6108,
    0xFFFF,0xFFFF,0xFFFF,0xFFFF,0xFFFF,0xFFFF,0xFFFF,0xFFFF,0x5DEF,0x6529,0xB6B5,0xFFFF,
    0xFFFF,0xFFFF,0xFFFF,0xFFFF,0xFFFF,0xFFFF,0xFFFF,0xFFFF,0xFFFF,0xFFFF,0xFFFF,0xFFFF,
    0xFFFF,0xFFFF,0xFFFF,0xFFFF,0x0C3A,0xE0CC,0xE0FF,0xC0FE,0x60FF,0x60D4,0x0000,0x0100,
    0x6108,0x6008,0x0000,0x0000,0x4131,0xA0FF,0xE0FE,0x00FF,0xE1EC,0xE0FE,0xC0FF,0x80FF,
    0xE0FF,0x807A,0x0100,0xC082,0xE0FF,0xC0FF,0xE0FF,0xE0FF,0xE0FF,0xE0FF,0xE0FF,0xC159,
    0x0000,0xA272,0x20FF,0xC0FF,0xE0FE,0x20FF,0xE0FF,0x0200,0xA182,0x80FF,0xC0FE,0xE0FF,
    0x4093,0xE0E4,0xE1FD,0xE0FF,0xE0FE,0xC1FD,0x0000,0x0000,0x2000,0x0000,0x0000,0x0000,
    0x0000,0x0000,0x0000,0x0000,0x0000,0x0000,0x0000,0x0000,0x0000,0x0000,0x0000,0x0000,
    0x0000,0x0000,0x0000,0x0000,0x0000,0x0000,0x0000,0x0000,0x0000,0x0000,0x0000,0x0000,
    0x0000,0x0000,0x0000,0x0000,0x0000,0x0000,0x0000,0x0000,0x0000,0x0000,0x0000,0x0000,
    0x0000,0x0000,0x0000,0x0000,0x0000,0x0000,0x0000,0x0000,0x0000,0x0000,0x0000,0x0000,
    0x0000,0x0000,0x0000,0x0000,0x0000,0x0000,0x0000,0x0000,0x0000,0x0000,0x0000,0x0000,
    0x0000,0x0000,0x0000,0x2C63,0xFFFF,0xFFFF,0xFFFF,0xFFFF,0xFFFF,0xDFFF,0xFFFF,0xD7BD,
    0xB6B5,0x6952,0x0000,0x0000,0xFFFF,0xFFFF,0xFFFF,0xFFFF,0xFFFF,0xFFFF,0xFFFF,0xDFF7,
    0xFFFF,0x0421,0xF39C,0xFFFF,0xDFFF,0xFFFF,0xFFFF,0xFFFF,0xFFFF,0xFFFF,0xFFFF,0xFFFF,
    0xFFFF,0xFFFF,0xFFFF,0xFFFF,0xFFFF,0xFFFF,0xFFFF,0xFFFF,0xC710,0x80C4,0xC0FF,0x20FF,
    0x80FE,0x6010,0x0000,0x6008,0x2000,0x2000,0x4008,0x0000,0xC0A3,0xE0FF,0xC0FE,0x00FF,
    0x80FF,0x20FF,0xC0FE,0xE0FE,0x20FF,0x0062,0x0000,0x80E5,0xA0FF,0x40FE,0x60F5,0x40ED,
    0x80F5,0xC0FE,0xC0FF,0xE130,0x0100,0x81F5,0x40FF,0xC0FF,0xE0FF,0xE0FF,0xE0FF,0x0000,
    0xA182,0x80FF,0x00FF,0x20FE,0x8020,0x01ED,0xA0FE,0xE0FF,0x60FE,0x20F5,0x0100,0x0000,
    0x0000,0x0000,0x0000,0x0000,0x0000,0x0000,0x0000,0x0000,0x0000,0x0000,0x0000,0x0000,
    0x0000,0x0000,0x0000,0x0000,0x0000,0x0000,0x0000,0x0000,0x0000,0x0000,0x0000,0x0000,
    0x0000,0x0000,0x0000,0x0000,0x0000,0x0000,0x0000,0x0000,0x0000,0x0000,0x0000,0x0000,
    0x0000,0x0000,0x0000,0x0000,0x0000,0x0000,0x0000,0x0000,0x0000,0x0000,0x0000,0x0000,
    0x0000,0x0000,0x0000,0x0000,0x0000,0x0000,0x0000,0x0000,0x0000,0x0000,0x0000,0x0000,
    0x0000,0x0000,0x0000,0x0000,0x0000,0x0000,0x0000,0x0000,0xCF7B,0x1CE7,0xFFFF,0xFFFF,
    0xFFFF,0xFFFF,0xFFFF,0xFFFF,0xFFFF,0xB6BD,0xE318,0xB6BD,0xFFFF,0xFFFF,0xFFFF,0x0C63,
    0x694A,0xFFFF,0xFFFF,0xFFFF,0xFFFF,0xDFFF,0xFFFF,0xFFFF,0xFFFF,0x59CE,0xF3A4,0xFFFF,
    0xFFFF,0xFFFF,0x3CE7,0x0842,0x8A52,0x2842,0x3CE7,0xFFFF,0xFFFF,0xFFFF,0x9294,0x8531,
    0x0000,0x40DD,0xA0FF,0x60FF,0x60E5,0x0000,0x6108,0x2000,0x2000,0x2000,0x6008,0x0000,
    0xE0AB,0xE0FF,0xE0FE,0xC0FE,0x8049,0x61CC,0x20FF,0xE0FE,0xE0FF,0x0039,0xE08A,0xE0FF,
    0x80FF,0x01AC,0x0108,0x6120,0x80ED,0x60FF,0xC0FF,0xC159,0xC0ED,0xC0FF,0xE0FE,0xA082,
    0x2062,0x6072,0x8072,0x0000,0x20FE,0x60FF,0x00FF,0x40FE,0x61C4,0x00FF,0xA0FF,0x40B4,
    0x0000,0x4008,0x0000,0x0000,0x0000,0x0000,0x0000,0x0000,0x0000,0x0000,0x0000,0x0000,
    0x0000,0x0000,0x0000,0x0000,0x0000,0x0000,0x0000,0x0000,0x0000,0x0000,0x0000,0x0000,
    0x0000,0x0000,0x0000,0x0000,0x0000,0x0000,0x0000,0x0000,0x0000,0x0000,0x0000,0x0000,
    0x0000,0x0000,0x0000,0x0000,0x0000,0x0000,0x0000,0x0000,0x0000,0x0000,0x0000,0x0000,
    0x0000,0x0000,0x0000,0x0000,0x0000,0x0000,0x0000,0x0000,0x0000,0x0000,0x0000,0x0000,
    0x0000,0x0000,0x0000,0x0000,0x0000,0x0000,0x0000,0x0000,0x0000,0x0000,0x0000,0x0000,
    0x0000,0x0000,0xC318,0x4D6B,0xFFFF,0x7DF7,0xFFFF,0xFFFF,0xFFFF,0xFBDE,0x3CE7,0xFFFF,
    0xFFFF,0xFFFF,0x18C6,0x0000,0x0000,0x7DEF,0xFFFF,0xFFFF,0x75AD,0x7194,0xFFFF,0xDFFF,
    0xFFFF,0xC739,0x494A,0xDFFF,0xFFFF,0xFFFF,0x79CE,0x0000,0x0000,0x0000,0xFFFF,0xFFFF,
    0xFFFF,0xB294,0x0000,0x0000,0x0200,0x40DD,0x80FF,0xC0FF,0xA17A,0x0000,0xA118,0x8110,
    0x8110,0x8108,0x8100,0x2100,0x40FE,0x40FF,0x00FF,0x00FF,0x0000,0x409B,0x80FF,0xA0FF,
    0x20A4,0xC061,0xC0FE,0x20FF,0x00FF,0xC0FE,0xC0FE,0xE0FE,0x60FF,0xA0FE,0x20FE,0x216A,
    0xC0FF,0x60FF,0xA0B3,0x0000,0x0000,0x0000,0x0000,0xA1AB,0x80FF,0x00FF,0xC0FE,0x00FF,
    0x60FF,0xE0FE,0xE0FF,0xA149,0x0200,0x8210,0x4100,0x0000,0x0000,0x0000,0x0000,0x0000,
    0x0000,0x0000,0x0000,0x0000,0x0000,0x0000,0x0000,0x0000,0x0000,0x0000,0x0000,0x0000,
    0x0000,0x0000,0x0000,0x0000,0x0000,0x0000,0x0000,0x0000,0x0000,0x0000,0x0000,0x0000,
    0x0000,0x0000,0x0000,0x0000,0x0000,0x0000,0x0000,0x0000,0x0000,0x0000,0x0000,0x0000,
    0x0000,0x0000,0x0000,0x0000,0x0000,0x0000,0x0000,0x0000,0x0000,0x0000,0x0000,0x0000,
    0x0000,0x0000,0x0000,0x0000,0x0000,0x0000,0x0000,0x0000,0x0000,0x0000,0x0000,0x0000,
    0x0000,0x0000,0x0000,0x0000,0x0000,0x0000,0x0000,0x0000,0x4D6B,0x8631,0x3CE7,0xFFFF,
    0xFFFF,0xFFFF,0xFFFF,0xFFFF,0xFFFF,0xFFFF,0xD39C,0x0000,0xE318,0x9EF7,0xFFFF,0xFFFF,
    0x34AD,0xCB5A,0xFFFF,0xDFFF,0xFFFF,0x494A,0xCB5A,0xFFFF,0xFFFF,0xFFFF,0x3CE7,0x0000,
    0x0000,0xA210,0xFFFF,0xFFFF,0xFFFF,0x2C63,0x0000,0xC318,0x0100,0x80E5,0x80FF,0xA0FF,
    0x60BC,0x0000,0x0100,0x0100,0x0100,0x0100,0x0200,0x0200,0x20FF,0x00FF,0x40FF,0x80FF,
    0x0000,0xC0AB,0x60FF,0xE0FF,0x606A,0x2072,0xE0FF,0xE0FE,0xC0FE,0x80FF,0xE0FF,0xE0FF,
    0xC0FF,0xA0CC,0x0083,0x4118,0x60FF,0x80FF,0x40A3,0x0000,0x8018,0x0000,0x0000,0x21ED,
    0x80FF,0xC0FE,0xE0FE,0x60FF,0x00FF,0xA0FE,0xE0FF,0xE159,0x0200,0xE320,0xA310,0x0000,
    0x0000,0x0000,0x0000,0x0000,0x0000,0x0000,0x0000,0x0000,0x0000,0x0000,0x0000,0x0000,
    0x0000,0x0000,0x0000,0x0000,0x0000,0x0000,0x0000,0x0000,0x0000,0x0000,0x0000,0x0000,
    0x0000,0x0000,0x0000,0x0000,0x0000,0x0000,0x0000,0x0000,0x0000,0x0000,0x0000,0x0000,
    0x0000,0x0000,0x0000,0x0000,0x0000,0x0000,0x0000,0x0000,0x0000,0x0000,0x0000,0x0000,
    0x0000,0x0000,0x0000,0x0000,0x0000,0x0000,0x0000,0x0000,0x0000,0x0000,0x0000,0x0000,
    0x0000,0x0000,0x0000,0x0000,0x6108,0x0000,0xA210,0xF39C,0x3084,0x6210,0x6529,0x0000,
    0x0000,0x0000,0x9AD6,0xFFFF,0xDFFF,0xFFFF,0xFFFF,0xFFFF,0xFFFF,0xFFFF,0x96B5,0x0000,
    0x6631,0x1CE7,0xFFFF,0xBEF7,0x8E73,0x4D6B,0xFFFF,0xDFFF,0xFFFF,0x8952,0x1084,0xFFFF,
    0xFFFF,0xFFFF,0x38C6,0x0000,0x0000,0xC739,0xFFFF,0xFFFF,0xFFFF,0x8A52,0x0000,0xA218,
    0x0000,0x60DD,0x80FF,0x00FF,0xE0FE,0x8082,0xA120,0x0131,0x2139,0xC120,0x618B,0x41B4,
    0xE0FE,0x20FF,0x80FE,0xC1FD,0x0000,0xC0B3,0x60FF,0xE0FF,0xA072,0xE069,0xA0FF,0xC0FE,
    0x40FF,0x40D5,0xA09B,0x40B4,0xA07A,0xC028,0x8018,0x208B,0xA0FF,0x40FF,0x20BC,0x0000,
    0x0000,0x4008,0xA020,0x00DD,0x40FF,0xE0FE,0x00FF,0x00D5,0xE0FE,0x00FF,0xA0FF,0x60BC,
    0x0200,0xE218,0x0000,0x0000,0x0000,0x0000,0x0000,0x0000,0x0000,0x0000,0x0000,0x0000,
    0x0000,0x0000,0x0000,0x0000,0x0000,0x0000,0x0000,0x0000,0x0000,0x0000,0x0000,0x0000,
    0x0000,0x0000,0x0000,0x0000,0x0000,0x0000,0x0000,0x0000,0x0000,0x0000,0x0000,0x0000,
    0x0000,0x0000,0x0000,0x0000,0x0000,0x0000,0x0000,0x0000,0x0000,0x0000,0x0000,0x0000,
    0x0000,0x0000,0x0000,0x0000,0x0000,0x0000,0x0000,0x0000,0x0000,0x0000,0x0000,0x0000,
    0x0000,0x0000,0x0000,0x0000,0x0000,0x0000,0x0000,0x0000,0x2108,0x0000,0xD7BD,0xFFFF,
    0xFFFF,0xFFFF,0xFFFF,0x7DF7,0x5DEF,0xFFFF,0xFFFF,0xFFFF,0xFFFF,0xFFFF,0xFFFF,0xFFFF,
    0xFFFF,0xFBDE,0x0000,0x8631,0x7DEF,0xFFFF,0xFFFF,0xF39C,0x0000,0x7DEF,0xFFFF,0xDFFF,
    0xFFFF,0x0C63,0x7DEF,0xFFFF,0xFFFF,0x5DEF,0xCB5A,0x0000,0x0000,0x34A5,0xFFFF,0xFFFF,
    0xFFFF,0x4108,0x0000,0x6010,0x0000,0x60DD,0xA0FF,0xC0FE,0x00FF,0x80FF,0xA0FF,0xA0FF,
    0xA0FF,0xA0FF,0xE0FF,0xC0FF,0xE0FE,0x00FF,0xE0FE,0x60AB,0x0000,0xE0B3,0x40FF,0xE0FF,
    0xC07A,0x0062,0xC0FF,0xC0FE,0x40FF,0x40DD,0x40AB,0xC0B3,0x81AB,0xA0FE,0xA0FF,0xA0FF,
    0xE0FE,0x00FF,0x80FF,0x01E5,0xA1D4,0x81FD,0xA1FE,0x60FF,0xE0FE,0x00FF,0x60FF,0x0000,
    0xC151,0xE0FF,0xE0FE,0xE0FF,0x2108,0x0000,0x4000,0x0000,0x0000,0x0000,0x0000,0x0000,
    0x0000,0x0000,0x0000,0x0000,0x0000,0x0000,0x0000,0x0000,0x0000,0x0000,0x0000,0x0000,
    0x0000,0x0000,0x0000,0x0000,0x0000,0x0000,0x0000,0x0000,0x0000,0x0000,0x0000,0x0000,
    0x0000,0x0000,0x0000,0x0000,0x0000,0x0000,0x0000,0x0000,0x0000,0x0000,0x0000,0x0000,
    0x0000,0x0000,0x0000,0x0000,0x0000,0x0000,0x0000,0x0000,0x0000,0x0000,0x0000,0x0000,
    0x0000,0x0000,0x0000,0x0000,0x0000,0x0000,0x0000,0x0000,0x0000,0x0000,0x0000,0x0000,
    0x8210,0x0000,0xD39C,0xFFFF,0xDFFF,0xFFFF,0xFFFF,0xFFFF,0xFFFF,0xFFFF,0xFFFF,0xFFFF,
    0xFFFF,0xDBDE,0xFFFF,0xFFFF,0xFFFF,0x79CE,0x0000,0xE739,0x7DF7,0xFFFF,0xFFFF,0x55AD,
    0x0000,0xFFFF,0xFFFF,0xDFFF,0x38CE,0x4529,0x9EF7,0xFFFF,0xFFFF,0xFFFF,0x2C6B,0x0000,
    0x0000,0xB294,0xFFFF,0xFFFF,0xFFFF,0x0000,0x0000,0x6008,0x0000,0x00D5,0xE0FF,0xA0FE,
    0xC0FE,0xE0FE,0xE0FE,0xE0FE,0xE0FE,0xE0FE,0xC0FE,0xA0FE,0xC0FE,0x20FF,0x61FE,0x4093,
    0x0000,0xA1D4,0x20FF,0xE0FF,0x0083,0x0000,0x41ED,0x60FF,0xC0FE,0x40FF,0x80FF,0xA0FF,
    0x80FF,0x20FF,0x00FF,0x40FF,0x40FF,0xE0FE,0xE0FE,0x40FF,0x60FF,0x00FF,0xE0FE,0xE0FE,
    0xC0FE,0x40FF,0xC0FE,0x0000,0xE182,0xC0FF,0xA0F6,0xA0FF,0x8149,0x4008,0x0000,0x0000,
    0x0000,0x0000,0x0000,0x0000,0x0000,0x0000,0x0000,0x0000,0x0000,0x0000,0x0000,0x0000,
    0x0000,0x0000,0x0000,0x0000,0x0000,0x0000,0x0000,0x0000,0x0000,0x0000,0x0000,0x0000,
    0x0000,0x0000,0x0000,0x0000,0x0000,0x0000,0x0000,0x0000,0x0000,0x0000,0x0000,0x0000,
    0x0000,0x0000,0x0000,0x0000,0x0000,0x0000,0x0000,0x0000,0x0000,0x0000,0x0000,0x0000,
    0x0000,0x0000,0x0000,0x0000,0x0000,0x0000,0x0000,0x0000,0x0000,0x0000,0x0000,0x0000,
    0x0000,0x0000,0x0000,0x0000,0x8210,0x0000,0x14A5,0xFFFF,0xFFFF,0xFFFF,0xFFFF,0xFFFF,
    0xFFFF,0xFFFF,0xFFFF,0xFFFF,0x1084,0x0000,0xFFFF,0xFFFF,0xFFFF,0x1CE7,0x0000,0x18C6,
    0xFFFF,0xFFFF,0xFFFF,0xB6B5,0x0000,0xFFFF,0xFFFF,0xFFFF,0xD7BD,0xAE73,0xFFFF,0xFFFF,
    0xFFFF,0x0F84,0x4421,0x2000,0x0000,0xD39C,0xFFFF,0xFFFF,0xFFFF,0x0000,0x0000,0x2000,
    0x0000,0x0000,0x80FE,0xC0FF,0x40FF,0xE0FE,0xC0FE,0xE0FE,0xC0FE,0xC0FE,0xE0FE,0xE0FE,
    0xC0F6,0xE0FF,0x0183,0x0100,0x2010,0xE0FF,0x40FF,0x60FF,0xA028,0x0000,0x807A,0x00FF,
    0x20FF,0xC0FE,0xC0FE,0xC0FE,0xC0FE,0x20FF,0xE0FF,0xE061,0x20E5,0xE0FF,0x20FF,0xC0FE,
    0x20FF,0xA0FF,0x00FF,0x00FF,0x60FF,0xE0FF,0xE17A,0x0200,0xA149,0xC1FD,0x20FF,0xC0FF,
    0x20FF,0x21FE,0x0000,0x0000,0x0000,0x0000,0x0000,0x0000,0x0000,0x0000,0x0000,0x0000,
    0x0000,0x0000,0x0000,0x0000,0x0000,0x0000,0x0000,0x0000,0x0000,0x0000,0x0000,0x0000,
    0x0000,0x0000,0x0000,0x0000,0x0000,0x0000,0x0000,0x0000,0x0000,0x0000,0x0000,0x0000,
    0x0000,0x0000,0x0000,0x0000,0x0000,0x0000,0x0000,0x0000,0x0000,0x0000,0x0000,0x0000,
    0x0000,0x0000,0x0000,0x0000,0x0000,0x0000,0x0000,0x0000,0x0000,0x0000,0x0000,0x0000,
    0x0000,0x0000,0x0000,0x0000,0x0000,0x0000,0x0000,0x0000,0x4108,0x0000,0x318C,0xFFFF,
    0xFFFF,0xFFFF,0xFFFF,0xFFFF,0xFFFF,0xFFFF,0xDBDE,0xA631,0x0000,0xA310,0x9AD6,0x5DEF,
    0x79CE,0xF7BD,0x0000,0xF7BD,0xFFFF,0xFFFF,0x59CE,0xE741,0x4108,0x79CE,0x38CE,0xF7BD,
    0x0B5B,0xEB5A,0xBBDE,0xD7BD,0x9AD6,0x2842,0x4000,0x6210,0x0000,0xF39C,0xFFFF,0x75B5,
    0x9AD6,0x2000,0x0000,0x4108,0x0000,0x0000,0x21ED,0x40ED,0x20E5,0x41FE,0x21FE,0x80FF,
    0x80FF,0x80FF,0x80FF,0xA0FF,0x40FF,0xC1FD,0x606A,0x0000,0x8018,0xA0FE,0xE0FF,0xE0FF,
    0x8020,0x2000,0x0000,0xA0A3,0xE0FF,0x60FF,0x80FF,0x80FF,0xE0FF,0xE0FD,0xC0DC,0x0000,
    0xC030,0x21ED,0x40FE,0xE0FF,0x01ED,0x61F5,0xC0AB,0x00BC,0x61F5,0xE0FD,0xA17A,0x0100,
    0x0000,0x81F5,0x41ED,0x21E5,0x60F5,0x00E5,0x0000,0x0000,0x0000,0x0000,0x0000,0x0000,
    0x0000,0x0000,0x0000,0x0000,0x0000,0x0000,0x0000,0x0000,0x0000,0x0000,0x0000,0x0000,
    0x0000,0x0000,0x0000,0x0000,0x0000,0x0000,0x0000,0x0000,0x0000,0x0000,0x0000,0x0000,
    0x0000,0x0000,0x0000,0x0000,0x0000,0x0000,0x0000,0x0000,0x0000,0x0000,0x0000,0x0000,
    0x0000,0x0000,0x0000,0x0000,0x0000,0x0000,0x0000,0x0000,0x0000,0x0000,0x0000,0x0000,
    0x0000,0x0000,0x0000,0x0000,0x0000,0x0000,0x0000,0x0000,0x0000,0x0000,0x0000,0x0000,
    0x4108,0x6208,0x0000,0xE739,0x34AD,0x518C,0xFFFF,0x1CE7,0x1084,0x14A5,0x0000,0x0000,
    0x2000,0x0000,0x0000,0xA631,0x0000,0x0000,0x0000,0x0000,0x6108,0x6D73,0x0000,0x0000,
    0x0000,0x0000,0x0000,0x0000,0x0000,0x0000,0x0000,0x0000,0x0000,0x2000,0x6108,0x6108,
    0x0000,0x6531,0x2C63,0x0000,0x0000,0x0000,0x0000,0x4108,0x0000,0x0000,0x0000,0x0000,
    0x0000,0x61C4,0x00B4,0xE0B3,0xE0B3,0xE0B3,0xE0B3,0xE0B3,0x61CC,0x2108,0x0000,0x6110,
    0x4108,0x0100,0x01BC,0xA1A3,0x0100,0x4008,0x0000,0x0000,0x40C4,0xE0B3,0xE0B3,0xC0B3,
    0x80D4,0x4010,0x0000,0x0000,0x0000,0x0000,0x4141,0x01DD,0x8118,0x0100,0x0100,0x0100,
    0x0100,0x0100,0x0000,0x2000,0x0000,0x0000,0x0000,0x0000,0x0000,0x0000,0x0000,0x0000,
    0x0000,0x0000,0x0000,0x0000,0x0000,0x0000,0x0000,0x0000,0x0000,0x0000,0x0000,0x0000,
    0x0000,0x0000,0x0000,0x0000,0x0000,0x0000,0x0000,0x0000,0x0000,0x0000,0x0000,0x0000,
    0x0000,0x0000,0x0000,0x0000,0x0000,0x0000,0x0000,0x0000,0x0000,0x0000,0x0000,0x0000,
    0x0000,0x0000,0x0000,0x0000,0x0000,0x0000,0x0000,0x0000,0x0000,0x0000,0x0000,0x0000,
    0x0000,0x0000,0x0000,0x0000,0x0000,0x0000,0x0000,0x0000,0x0000,0x0000,0x0000,0x0000,
    0x0000,0x0000,0x0000,0x0000,0x2421,0x0000,0x6108,0x0000,0x0000,0x0000,0x8210,0x0000,
    0x0000,0x0000,0x0000,0x4108,0x4108,0x0000,0x0000,0x0000,0x0000,0x0000,0x0000,0x2000,
    0x0000,0x0000,0x0000,0x0000,0x0000,0x0000,0x0000,0x0000,0x2000,0x2000,0x2000,0x2000,
    0x2008,0x2000,0x4108,0x4108,0x2000,0x0000,0x0000,0x0000,0x0000,0x2000,0x2000,0x0000,
    0x0000,0x2000,0xC318,0x2000,0x0000,0x0100,0x0000,0x0000,0x0000,0x0000,0x0000,0x0000,
    0x0000,0x0000,0x2008,0x4008,0x4008,0x2000,0x0000,0x0000,0x0000,0x2000,0x4000,0x0000,
    0x0000,0x0000,0x0000,0x0000,0x0000,0x0000,0x2000,0x2000,0x4108,0x2000,0x0100,0x0100,
    0x0000,0x4008,0x2008,0x2000,0x2000,0x2000,0x0000,0x4108,0x2000,0x0000,0x0000,0x0000,
    0x0000,0x2000,0x4100,0x0000,0x0000,0x0000,0x0000,0x0000,0x0000,0x0000,0x0000,0x0000,
    0x0000,0x0000,0x0000,0x0000,0x0000,0x0000,0x0000,0x0000,0x0000,0x0000,0x0000,0x0000,
    0x0000,0x0000,0x0000,0x0000,0x0000,0x0000,0x0000,0x0000,0x0000,0x0000,0x0000,0x0000,
    0x0000,0x0000,0x0000,0x0000,0x0000,0x0000,0x0000,0x0000,0x0000,0x0000,0x0000,0x0000,
    0x0000,0x0000,0x0000,0x0000,0x0000,0x0000,0x0000,0x0000,0x0000,0x0000,0x0000,0x0000,
    0x0000,0x0000,0x0000,0x0000,0x0000,0x0000,0x0000,0x0000,0x0000,0xA310,0x8210,0xA210,
    0x0000,0x2108,0x0000,0x4108,0x6108,0x4108,0x0000,0x0000,0x4108,0x4108,0x0000,0x0000,
    0x0000,0x0000,0x0000,0x0000,0x0000,0x0000,0x0000,0x0000,0x0000,0x0000,0x0000,0x0000,
    0x0000,0x0000,0x0000,0x0000,0x0000,0x0000,0x0000,0x2000,0x0000,0x0000,0x0000,0x0000,
    0x0000,0x0000,0x4108,0x0000,0x0000,0x0000,0x6629,0x0000,0x0000,0x6108,0x6108,0x4008,
    0x0000,0x2000,0x4108,0x0000,0x0000,0x0000,0x0000,0x0000,0x0000,0x0000,0x0000,0x0000,
    0x0000,0x0000,0x4108,0x0000,0x2000,0x6108,0x6110,0x4108,0x0000,0x0000,0x0000,0x0000,
    0x4108,0x0000,0x4008,0x6108,0x0000,0x0000,0x0000,0x0000,0x0000,0x0000,0x0000,0x4108,
    0x4108,0x0000,0x0000,0x0000,0x0000,0x0000,0x8108,0x0000,0x0000,0x0000,0x0000,0x0000,
    0x0000,0x0000,0x0000,0x0000,0x0000,0x0000,0x0000,0x0000,0x0000,0x0000,0x0000,0x0000,
    0x0000,0x0000,0x0000,0x0000,0x0000,0x0000,0x0000,0x0000,0x0000,0x0000,0x0000,0x0000,
    0x0000,0x0000,0x0000,0x0000,0x0000,0x0000,0x0000,0x0000,0x0000,0x0000,0x0000,0x0000,
    0x0000,0x0000,0x0000,0x0000,0x0000,0x0000,0x0000,0x0000,0x0000,0x0000,0x0000,0x0000,
    0x0000,0x0000,0x0000,0x0000,0x0000,0x0000,0x0000,0x0000,0x0000,0x0000,0x0000,0x0000,
    0x0000,0x0000,0x0000,0x0000,0x0000,0x8210,0x6108,0x0000,0x4108,0xA210,0x0000,0x0000,
    0x0000,0x0000,0x0000,0x0000,0x0000,0x0000,0x0000,0x0000,0x0000,0x0000,0x0000,0x0000,
    0x0000,0x0000,0x0000,0x0000,0x0000,0x0000,0x0000,0x0000,0x0000,0x0000,0x0000,0x0000,
    0x0000,0x0000,0x0000,0x0000,0x0000,0x0000,0x0000,0x0000,0x0000,0x0000,0x0000,0x0000,
    0x0000,0x2000,0x0000,0x2000,0x2000,0x0000,0x0000,0x0000,0x0000,0x0000,0x0000,0x0000,
    0x0000,0x0000,0x0000,0x0000,0x0000,0x0000,0x0000,0x0000,0x0000,0x0000,0x0000,0x0000,
    0x0000,0x0000,0x0000,0x0000,0x0000,0x0000,0x0000,0x8208,0x4108,0x0000,0x0000,0x0000,
    0x0000,0x0000,0x0000,0x0000,0x0000,0x0000,0x0000,0x0000,0x0000,0x0000,0x0000,0x0000,
    0x0000,0x0000,0x0000,0x0000,0x0000,0x0000,0x0000,0x0000,0x0000,0x0000,0x0000,0x0000,
    0x0000,0x0000,0x0000,0x0000,0x0000,0x0000,0x0000,0x0000,0x0000,0x0000,0x0000,0x0000,
    0x0000,0x0000,0x0000,0x0000,0x0000,0x0000,0x0000,0x0000,
};

static const uint8_t sniffcheck_logo_9_mask[1600] = {
    0x00,0x00,0x00,0x00,0x00,0x00,0x00,0x00,0x00,0x00,0x00,0x00,0x00,0x00,0x00,0x7F,
    0xC0,0x00,0x00,0x00,0x00,0x00,0x00,0x00,0x00,0x00,0x00,0x00,0x00,0x00,0x00,0x00,
    0x00,0x00,0x07,0xFF,0xF8,0x00,0x00,0x00,0x00,0x00,0x00,0x00,0x00,0x00,0x00,0x00,
    0x00,0x00,0x00,0x00,0x00,0x00,0x1F,0xFF,0xFC,0x00,0x00,0x00,0x00,0x00,0x00,0x00,
    0x00,0x00,0x00,0x00,0x00,0x00,0x00,0x00,0x00,0x00,0x3F,0xFF,0xFF,0x00,0x00,0x00,
    0x00,0x00,0x00,0x00,0x00,0x30,0x00,0x00,0x00,0x00,0x00,0x00,0x00,0x00,0x7F,0xFF,
    0xFF,0x80,0x00,0x00,0x00,0x00,0x00,0x00,0x00,0x30,0x00,0x00,0x00,0x00,0x00,0x00,
    0x00,0x01,0xFF,0xFF,0xFF,0xC0,0x00,0x00,0x00,0x00,0x00,0x00,0x00,0x70,0x00,0x00,
    0x00,0x00,0x00,0x00,0x00,0x03,0xFF,0xFF,0xFF,0xF0,0x00,0x00,0x00,0x00,0x00,0x00,
    0x00,0xF0,0x00,0x00,0x00,0x00,0x00,0x00,0x00,0x07,0xFF,0x80,0x7F,0xF0,0x00,0x00,
    0x00,0x00,0x00,0x00,0x00,0xF0,0x00,0x00,0x00,0x00,0x00,0x00,0x00,0x07,0xFE,0x00,
    0x1F,0xF0,0x00,0x00,0x00,0x00,0x00,0x00,0x00,0xF0,0x00,0x00,0x00,0x00,0x00,0x00,
    0x00,0x0F,0xF8,0x3C,0x0F,0xF0,0x00,0x00,0x00,0x00,0x00,0x00,0x00,0xF0,0x00,0x00,
    0x00,0x00,0x00,0x00,0x00,0x07,0xF1,0xFF,0xC3,0xF0,0x00,0x00,0x00,0x00,0x00,0x00,
    0x01,0xF0,0x00,0x00,0x00,0x00,0x00,0x00,0x00,0x03,0xE3,0xFF,0xE1,0xE0,0x00,0x00,
    0x00,0x00,0x00,0x00,0x01,0xF8,0x00,0x00,0x00,0x00,0x00,0x00,0x00,0x00,0x47,0xFF,
    0xF8,0x00,0x00,0x00,0x00,0x00,0x00,0x00,0x01,0xF8,0x00,0x00,0x00,0x00,0x00,0x00,
    0x00,0x00,0x0F,0xFF,0xFC,0x00,0x00,0x00,0x00,0x00,0x00,0x00,0x01,0xFC,0x00,0x00,
    0x00,0x00,0x00,0x00,0x00,0x00,0x1F,0xFF,0xFE,0x00,0x00,0x00,0x00,0x00,0x00,0x00,
    0x01,0xFE,0x00,0x00,0x00,0x00,0x00,0x00,0x00,0x00,0x3F,0xF1,0xFE,0x00,0x00,0x00,
    0x00,0x00,0x00,0x00,0x00,0xFF,0x00,0x0F,0xE0,0x00,0x00,0x00,0x00,0x00,0x1F,0x80,
    0x7E,0x00,0x00,0x00,0x00,0x00,0x00,0x00,0x00,0xFF,0x80,0x7F,0xFF,0xC0,0x00,0x00,
    0x00,0x00,0x0E,0x7F,0xBC,0x00,0x00,0x00,0x00,0x00,0x00,0x00,0x00,0xFF,0xE3,0xFF,
    0xFF,0xF0,0x00,0x00,0x00,0x00,0x04,0xFF,0xC0,0x00,0x00,0x00,0x00,0x00,0x00,0x00,
    0x00,0x7F,0xFF,0xFF,0xFF,0xFE,0x00,0x00,0x00,0x00,0x01,0xFF,0xC0,0x00,0x00,0x00,
    0x00,0x00,0x00,0x00,0x00,0x3F,0xFF,0xFF,0xFF,0xFF,0xC0,0x00,0x00,0x00,0x01,0xFF,
    0xC0,0x00,0x00,0x00,0x00,0x00,0x00,0x00,0x00,0x1F,0xFF,0xFF,0xFF,0xFF,0xF0,0x00,
    0x00,0x00,0x00,0xF7,0xC0,0x00,0x00,0x00,0x00,0x00,0x00,0x00,0x00,0x0F,0xFF,0xFF,
    0xFF,0xFF,0xF8,0x00,0x00,0x00,0x00,0x40,0x00,0x00,0x00,0x00,0x00,0x00,0x00,0x00,
    0x00,0x07,0xFF,0xFF,0xFF,0xFF,0xFE,0x00,0x00,0x00,0x00,0x3E,0x00,0x00,0x00,0x00,
    0x00,0x00,0x00,0x00,0x00,0x03,0xFF,0xFF,0xFF,0xFF,0xFF,0x00,0x00,0x00,0x00,0x7F,
    0x00,0x00,0x00,0x00,0x00,0x00,0x00,0x00,0x00,0x01,0xFF,0xFF,0xFF,0xFF,0xFF,0xC0,
    0x00,0x00,0x00,0x7F,0x00,0x00,0x00,0x00,0x00,0x00,0x00,0x00,0x00,0x01,0xFF,0xFF,
    0xFF,0xFF,0xFF,0xC0,0x00,0x00,0x00,0x7F,0x80,0x00,0x00,0x00,0x00,0x00,0x00,0x00,
    0x00,0x03,0xFF,0xFF,0xFF,0xFF,0xFF,0xF0,0x00,0x00,0x00,0x7F,0x80,0x00,0x00,0x00,
    0x00,0x00,0x00,0x00,0x00,0x03,0xFF,0xFF,0xFF,0xFF,0xFF,0xF8,0x00,0x00,0x00,0x7F,
    0x00,0x00,0x00,0x00,0x00,0x00,0x00,0x00,0x00,0x07,0xFF,0xFF,0xFF,0xFF,0xFF,0xFC,
    0x00,0x00,0x00,0x3E,0x00,0x00,0x00,0x00,0x00,0x00,0x00,0x00,0x00,0x07,0xFF,0xFF,
    0xFF,0xFF,0xFF,0xFF,0xF8,0x00,0x00,0x00,0x00,0x00,0x00,0x00,0x00,0x00,0x00,0x00,
    0x00,0x07,0xFF,0xFF,0xFF,0xFF,0xFF,0xFF,0xFF,0xE0,0x00,0x00,0x00,0x00,0x00,0x00,
    0x00,0x00,0x00,0x00,0x00,0x07,0xFF,0xFF,0xFF,0xFF,0xFF,0xFF,0xFF,0xF0,0x00,0x00,
    0x00,0x00,0x00,0x00,0x00,0x00,0x00,0x00,0x00,0x07,0xFF,0xFF,0xFF,0xFF,0xFF,0xFF,
    0xFF,0xF0,0x00,0x00,0x00,0x00,0x00,0x00,0x00,0x00,0x00,0x00,0x00,0x0F,0xFF,0xFF,
    0xFF,0xFF,0xFF,0xFF,0xFF,0xFC,0x00,0x00,0x00,0x00,0x00,0x00,0x00,0x00,0x00,0x00,
    0x00,0x0F,0xFF,0xFF,0xFF,0xFF,0xFF,0xFF,0xFF,0xFC,0x00,0x00,0x00,0x00,0x00,0x00,
    0x00,0x00,0x00,0x00,0x00,0x0F,0xFF,0xFF,0xFF,0xFF,0xFF,0xFF,0xFF,0xFE,0x00,0x00,
    0x00,0x00,0x00,0x00,0x00,0x00,0x00,0x00,0x00,0x0F,0xFF,0xFF,0xFF,0xFF,0xFF,0xFF,
    0xFF,0xFE,0x00,0x00,0x00,0x00,0x00,0x00,0x00,0x00,0x00,0x00,0x00,0x0F,0xFF,0xFF,
    0xFF,0xFF,0xFF,0xFF,0xFF,0xFF,0x00,0x00,0x00,0x00,0x00,0x00,0x00,0x00,0x00,0x00,
    0x00,0x1F,0xFF,0xFF,0xFF,0xFF,0xFF,0xFF,0xFF,0xFF,0x00,0x00,0x00,0x00,0x00,0x00,
    0x00,0x00,0x00,0x00,0x00,0x3F,0xFF,0xFF,0xFF,0xFF,0xFF,0xFF,0xFF,0xFF,0x80,0x00,
    0x00,0x00,0x00,0x00,0x00,0x00,0x00,0x00,0x00,0x7F,0xFF,0xFF,0xFF,0xFF,0xFF,0xFF,
    0xFF,0xFF,0x80,0x00,0x00,0x00,0x00,0x00,0x00,0x00,0x00,0x00,0x00,0x7F,0xFE,0xFF,
    0xFF,0xFF,0xFF,0xFF,0xFF,0xFF,0x80,0x00,0x00,0x00,0x00,0x00,0x00,0x00,0x00,0x00,
    0x00,0x7F,0xFC,0xFF,0xFF,0xFF,0xFF,0xFF,0xFF,0xFF,0x80,0x00,0x00,0x00,0x00,0x00,
    0x00,0x00,0x00,0x00,0x00,0xFF,0xF8,0xFF,0xEF,0xFF,0xFF,0xFF,0xFF,0xFF,0x80,0x00,
    0x00,0x00,0x00,0x00,0x00,0x00,0x00,0x00,0x00,0xFF,0xE1,0xFF,0xC7,0xFF,0xFF,0xFF,
    0xFF,0xFF,0x80,0x00,0x00,0x00,0x00,0x00,0x00,0x00,0x00,0x00,0x00,0xFF,0xC1,0xFF,
    0x87,0xFF,0xFF,0xFF,0xFF,0xFF,0x80,0x00,0x00,0x00,0x00,0x00,0x00,0x00,0x00,0x00,
    0x00,0xFF,0x81,0xFF,0x03,0xFF,0xFF,0xFF,0xFF,0xFE,0x00,0x00,0x00,0x00,0x00,0x00,
    0x00,0x00,0x00,0x00,0x00,0xFF,0x80,0xFF,0x83,0xFF,0xFF,0xFF,0xFF,0xFE,0x00,0x00,
    0x00,0x00,0x00,0x00,0x00,0x00,0x00,0x00,0x00,0xFF,0x00,0xFF,0x81,0xFF,0xBF,0xFF,
    0xFF,0xFF,0x00,0x00,0x00,0x00,0x00,0x00,0x00,0x00,0x00,0x00,0x00,0xFF,0x00,0x7F,
    0x81,0xFF,0xCF,0xFF,0xFF,0xFF,0xC0,0x00,0x00,0x00,0x00,0x00,0x00,0x00,0x00,0x00,
    0x00,0xFF,0x00,0x7F,0xE0,0xFF,0xCF,0xFF,0xFF,0xFF,0xC0,0x00,0x00,0x00,0x00,0x00,
    0x00,0x00,0x00,0x00,0x00,0xFF,0x80,0x3F,0xF8,0x7F,0xF7,0xFF,0xFF,0xFF,0xE0,0x00,
    0x43,0x00,0x00,0x00,0x00,0x00,0x00,0x00,0x00,0xFF,0xC0,0x3F,0xFC,0x7F,0xFB,0xFF,
    0xFF,0xFF,0xE0,0x00,0x66,0x00,0x00,0x00,0x00,0x00,0x00,0x00,0x00,0xFF,0xE0,0x1F,
    0xFC,0x7F,0xFF,0xFF,0xFF,0xFF,0xE0,0x02,0x6E,0x00,0x00,0x00,0x00,0x00,0x00,0x00,
    0x00,0xFF,0xE0,0x1F,0xFC,0x3F,0xFF,0xFF,0xFF,0xFF,0xE0,0x03,0xBF,0x80,0x00,0x00,
    0x00,0x00,0x00,0x00,0x00,0xFF,0xE0,0x0F,0xFC,0x3F,0xFF,0xFF,0xFF,0xFF,0xC0,0x0D,
    0xFF,0xC0,0x00,0x00,0x00,0x00,0x00,0x00,0x00,0x7F,0xE0,0x07,0xFC,0x1F,0xFF,0xFE,
    0x3F,0xFF,0x80,0x0F,0xFF,0xF8,0x00,0x00,0x00,0x00,0x1F,0xFF,0xFF,0xFF,0xFF,0xFF,
    0xFF,0xFF,0xFF,0xFF,0xFF,0xFF,0xFF,0xFF,0xFF,0xFC,0x00,0x00,0x00,0x00,0x1F,0xFF,
    0xFF,0xFF,0xFF,0xFF,0xFF,0xFF,0xFF,0xFF,0xFF,0xFF,0xFF,0xFF,0xFF,0xFC,0x00,0x00,
    0x00,0x00,0x00,0x00,0x0F,0xFF,0x80,0x7F,0xFF,0xFF,0xFF,0xFF,0x00,0x00,0x1F,0xF0,
    0x00,0x00,0x00,0x00,0x00,0x00,0x00,0x00,0x1F,0xFF,0xC0,0x7F,0xFF,0xFF,0xFF,0xFF,
    0x00,0x00,0x1F,0xF0,0x00,0x00,0x00,0x00,0x00,0x00,0x00,0x00,0x1F,0xFF,0xE6,0x7F,
    0xFF,0xFF,0xFF,0xFF,0x87,0xC0,0xDF,0xF0,0x00,0x00,0x00,0x00,0x00,0x00,0x00,0x00,
    0x3F,0xFF,0xFF,0xFF,0xFF,0xFF,0xFF,0xFF,0xCF,0xF3,0xFF,0xFF,0x00,0x00,0x00,0x00,
    0x00,0x00,0x00,0x00,0x3F,0xFF,0xFF,0xFF,0xFF,0xFF,0xFF,0xFF,0xFF,0xFF,0xFF,0xFF,
    0x80,0x00,0x00,0x00,0x00,0x00,0x00,0x00,0x3F,0xFF,0xFF,0xFF,0xFF,0xFF,0xFF,0xFF,
    0xFF,0xFF,0xFF,0xFF,0xC0,0x00,0x00,0x00,0x00,0x00,0x00,0x00,0x3F,0xFF,0xFF,0xFF,
    0xFF,0xFF,0xFF,0xFF,0xFF,0xFF,0xFF,0xFF,0xC0,0x00,0x00,0x00,0x00,0x00,0x00,0x00,
    0x3F,0xFF,0xFF,0xFF,0xFF,0xFF,0xFF,0xFF,0xFF,0xFF,0xFF,0xFF,0x80,0x00,0x00,0x00,
    0x00,0x00,0x00,0x00,0x3F,0xFF,0xFF,0xFF,0xFF,0xFF,0xFF,0xFF,0xFF,0xFF,0xFF,0xFF,
    0x00,0x00,0x00,0x00,0x00,0x00,0x00,0x00,0x7F,0xFF,0xFF,0xFF,0xFF,0xFF,0xFF,0xFF,
    0xFF,0xFF,0xFF,0xFE,0x00,0x00,0x00,0x00,0x00,0x00,0x00,0x00,0x7F,0xFF,0xFF,0xFF,
    0xFF,0xFF,0xFF,0xFF,0xFF,0xFF,0xFF,0xFE,0x00,0x00,0x00,0x00,0x00,0x00,0x00,0x00,
    0xFF,0xFF,0xFF,0xFF,0xFF,0xFF,0xFF,0xFF,0xFF,0xFF,0xFF,0xFC,0x00,0x00,0x00,0x00,
    0x00,0x00,0x00,0x00,0xFF,0xFF,0xFF,0xFF,0xFF,0xFF,0xFF,0xFF,0xFF,0xFF,0xFF,0xFE,
    0x00,0x00,0x00,0x00,0x00,0x00,0x00,0x00,0xFF,0xFF,0xFF,0xFF,0xFF,0xFF,0xFF,0xFF,
    0xFF,0xFF,0xFF,0xFE,0x00,0x00,0x00,0x00,0x00,0x00,0x00,0x00,0xFF,0xFF,0xFF,0xFF,
    0xFF,0xFF,0xFF,0xFF,0xFF,0xFF,0xFF,0xFE,0x00,0x00,0x00,0x00,0x00,0x00,0x00,0x00,
    0xFF,0xFF,0xFF,0xFF,0xFF,0xFF,0xFF,0xFF,0xFF,0xFF,0xFF,0xFF,0x00,0x00,0x00,0x00,
    0x00,0x00,0x00,0x00,0xFF,0xFF,0xFF,0xFF,0xFF,0xFF,0xFF,0xFF,0xFF,0xFF,0xFF,0xFF,
    0x00,0x00,0x00,0x00,0x00,0x00,0x00,0x00,0xFF,0xFF,0xFF,0xFF,0xFF,0xE7,0xFF,0xFF,
    0xFF,0xFF,0xFF,0xFF,0x00,0x00,0x00,0x00,0x00,0x00,0x00,0x00,0x7F,0xFF,0xFF,0xFF,
    0xFF,0xE3,0xFF,0xFF,0xFF,0xFF,0xFF,0xFE,0x00,0x00,0x00,0x00,0x00,0x00,0x00,0x00,
    0x07,0xC0,0x00,0x00,0x00,0x00,0x78,0x00,0x07,0x01,0x80,0x00,0x00,0x00,0x00,0x00,
};
