
#pragma once
#include <stdint.h>

#define SNIFFCHECK_LOGO_3_W 160
#define SNIFFCHECK_LOGO_3_H 80

static const uint16_t sniffcheck_logo_3[12800] = {
    0x0000,0x0000,0x0000,0x0000,0x0000,0x0000,0x0000,0x0000,0x0000,0x0000,0x0000,0x0000,
    0x0000,0x0000,0x0000,0x0000,0x0000,0x0000,0x0000,0x0000,0x0000,0x0000,0x0000,0x0000,
    0x0000,0x0000,0x0000,0x0000,0x0000,0x0000,0x0000,0x0000,0x0000,0x0000,0x0000,0x0000,
    0x0000,0x0000,0x0000,0x0000,0x0000,0x0000,0x0000,0x0000,0x0000,0x0000,0x0000,0x0000,
    0x0000,0x0000,0x0000,0x0000,0x0000,0x0000,0x0000,0x0000,0x0000,0x0000,0x0000,0x0000,
    0x0000,0x0000,0x0000,0x0000,0x0000,0x0000,0x0000,0x0000,0x0000,0x0000,0x0000,0x0000,
    0x0000,0x0000,0x0000,0x0000,0x0000,0x0000,0x0000,0x0000,0x0000,0x0000,0x0000,0x0000,
    0x0000,0x0000,0x0000,0x0000,0x0000,0x0000,0x0000,0x0000,0x0000,0x0000,0x0000,0x0000,
    0x0000,0x0000,0x0000,0x0000,0x0000,0x0000,0x0000,0x0000,0x0000,0x0000,0x0000,0x0000,
    0x0000,0x0000,0x0000,0x0000,0x0000,0x0000,0x0000,0x0000,0x0000,0x0000,0x0000,0x0000,
    0x0000,0x0000,0x0000,0x0000,0x0000,0x0000,0x0000,0x0000,0x0000,0x0000,0x0000,0x0000,
    0x0000,0x0000,0x0000,0x0000,0x0000,0x0000,0x0000,0x0000,0x0000,0x0000,0x0000,0x0000,
    0x0000,0x0000,0x0000,0x0000,0x0000,0x0000,0x0000,0x0000,0x0000,0x0000,0x0000,0x0000,
    0x0000,0x0000,0x0000,0x0000,0x0000,0x0000,0x0000,0x0000,0x0000,0x0000,0x0000,0x0000,
    0x0000,0x0000,0x0000,0x0000,0x0000,0x0000,0x0000,0x0000,0x0000,0x0000,0x0000,0x0000,
    0x0000,0x0000,0x0000,0x0000,0x0000,0x0000,0x0000,0x0000,0x0000,0x0000,0x0000,0x0000,
    0x0000,0x0000,0x0000,0x0000,0x0000,0x0000,0x0000,0x0000,0x0000,0x0000,0x0000,0x0000,
    0x0000,0x0000,0x0000,0x0000,0x0000,0x0000,0x0000,0x0000,0x0000,0x0000,0x0000,0x0000,
    0x0000,0x0000,0x0000,0x0000,0x0000,0x0000,0x0000,0x0000,0x0000,0x0000,0x0000,0x0000,
    0x0000,0x0000,0x0000,0x0000,0x0000,0x0000,0x0000,0x0000,0x0000,0x0000,0x0000,0x0000,
    0x0000,0x0000,0x0000,0x0000,0x0000,0x0000,0x0000,0x0000,0x0000,0x0000,0x0000,0x0000,
    0x0000,0x0000,0x0000,0x0000,0x0000,0x0000,0x0000,0x0000,0x0000,0x0000,0x0000,0x0000,
    0x0000,0x0000,0x0000,0x0000,0x0000,0x0000,0x0000,0x0000,0x0000,0x0000,0x0000,0x0000,
    0x0000,0x0000,0x0000,0x0000,0x0000,0x0000,0x0000,0x0000,0x0000,0x0000,0x0000,0x0000,
    0x0000,0x0000,0x0000,0x0000,0x0000,0x4110,0x0000,0x0000,0x0000,0x0000,0x0000,0x0000,
    0x0100,0x0000,0x0000,0x0000,0x0000,0x0000,0x0000,0x0000,0x0000,0x0000,0x0000,0x0000,
    0x0000,0x0000,0x0000,0x0000,0x0000,0x0000,0x0000,0x0000,0x0000,0x0000,0x0000,0x0000,
    0x0000,0x0000,0x0000,0x0000,0x0000,0x0000,0x0000,0x0000,0x0000,0x0000,0x0000,0x0000,
    0x0000,0x0000,0x0000,0x0000,0x0000,0x0000,0x0000,0x0000,0x0000,0x0000,0x0000,0x0000,
    0x0000,0x0000,0x0000,0x0000,0x0000,0x0000,0x0000,0x0000,0x0000,0x0000,0x0000,0x0000,
    0x0000,0x0000,0x0000,0x0000,0x0000,0x0000,0x0000,0x0000,0x0000,0x0000,0x0000,0x0000,
    0x0000,0x0000,0x0000,0x0000,0x0000,0x0000,0x0000,0x0000,0x0000,0x0000,0x0000,0x0000,
    0x0000,0x0000,0x0000,0x0000,0x0000,0x0000,0x0000,0x0000,0x0000,0x0000,0x0000,0x0000,
    0x0000,0x0000,0x0000,0x0000,0x0000,0x0000,0x0000,0x0000,0x0000,0x0000,0x0000,0x0000,
    0x0000,0x0000,0x0000,0x0000,0x0000,0x0000,0x0000,0x0000,0x0000,0x0000,0x0000,0x0000,
    0x0000,0x0000,0x0000,0x0000,0x0000,0x0000,0x0000,0x0000,0x0000,0x0000,0x0000,0x0000,
    0x0000,0x0000,0x0000,0x0000,0x0000,0x0000,0x0000,0x0000,0x0000,0x0000,0x0000,0x0000,
    0x0000,0x0000,0x0000,0x0000,0x4000,0x0000,0x0000,0x0000,0x0100,0x0000,0xE539,0x0563,
    0xA45A,0xE462,0x0463,0xC45A,0x654A,0xA439,0x4210,0x0100,0x0100,0x0000,0x0000,0x0000,
    0x0000,0x0000,0x0000,0x0000,0x0000,0x0000,0x0000,0x0000,0x0000,0x0000,0x0000,0x0000,
    0x0000,0x0000,0x0000,0x0000,0x0000,0x0000,0x0000,0x0000,0x0000,0x0000,0x0000,0x0000,
    0x0000,0x0000,0x0000,0x0000,0x0000,0x0000,0x0000,0x0000,0x0000,0x0000,0x0000,0x0000,
    0x0000,0x0000,0x0000,0x0000,0x0000,0x0000,0x0000,0x0000,0x0000,0x0000,0x0000,0x0000,
    0x0000,0x0000,0x0000,0x0000,0x0000,0x0000,0x0000,0x0000,0x0000,0x0000,0x0000,0x0000,
    0x0000,0x0000,0x0000,0x0000,0x0000,0x0000,0x0000,0x0000,0x0000,0x0000,0x0000,0x0000,
    0x0000,0x0000,0x0000,0x0000,0x0000,0x0000,0x0000,0x0000,0x0000,0x0000,0x0000,0x0000,
    0x0000,0x0000,0x0000,0x0000,0x0000,0x0000,0x0000,0x0000,0x0000,0x0000,0x0000,0x0000,
    0x0000,0x0000,0x0000,0x0000,0x0000,0x0000,0x0000,0x0000,0x0000,0x0000,0x0000,0x0000,
    0x0000,0x0000,0x0000,0x0000,0x0000,0x0000,0x0000,0x0000,0x0000,0x0000,0x0000,0x0000,
    0x0000,0x0000,0x0000,0x0000,0x0000,0x0000,0x0000,0x0000,0x0000,0x0000,0x0000,0x0000,
    0x0000,0x0000,0x0000,0x0000,0x0000,0x0000,0x0000,0x0000,0x0000,0x0000,0xC418,0x454A,
    0xABE6,0xC8EE,0xE7FF,0xE5FF,0xE4FF,0xE3FF,0xE2FF,0xE2FF,0xE4FF,0xE5FF,0xE7FF,0x28CE,
    0x058C,0x0321,0x0100,0x0000,0x0108,0x0000,0x0000,0x0000,0x0000,0x0000,0x0000,0x0000,
    0x0000,0x0000,0x0000,0x0000,0x0000,0x0000,0x0000,0x0000,0x0000,0x0000,0x0000,0x0000,
    0x0000,0x0000,0x0000,0x0000,0x0000,0x0000,0x0000,0x0000,0x0000,0x0000,0x0000,0x0000,
    0x0000,0x0000,0x0000,0x0000,0x0000,0x0000,0x0000,0x0000,0x0000,0x0000,0x0000,0x0000,
    0x0000,0x0000,0x0000,0x0000,0x0000,0x0000,0x0000,0x0000,0x0000,0x0000,0x0000,0x0000,
    0x0000,0x0000,0x0000,0x0000,0x0000,0x0000,0x0000,0x0000,0x0000,0x0000,0x0000,0x0000,
    0x0000,0x0000,0x0000,0x0000,0x0000,0x0000,0x0000,0x0000,0x0000,0x0000,0x0000,0x0000,
    0x0000,0x0000,0x0000,0x0000,0x0000,0x0000,0x0000,0x0000,0x0000,0x0000,0x0000,0x0000,
    0x0000,0x0000,0x0000,0x0000,0x0000,0x0000,0x0000,0x0000,0x0000,0x0000,0x0000,0x0000,
    0x0000,0x0000,0x0000,0x0000,0x0000,0x0000,0x0000,0x0000,0x0000,0x0000,0x0000,0x0000,
    0x0000,0x0000,0x0000,0x0000,0x0000,0x0000,0x0000,0x0000,0x0000,0x0000,0x0000,0x0000,
    0x0000,0x0000,0x0000,0x0000,0x0000,0x0000,0x0000,0x0000,0x0000,0x4008,0x0000,0x0100,
    0x8752,0xCAE6,0x66FF,0xE3FF,0x40FF,0x00FF,0x60FE,0x20F6,0x20F6,0x20F6,0x20F6,0x00F6,
    0xE0F5,0x00F6,0x80FE,0x40FF,0xE1FF,0xE5FF,0x87D6,0x6652,0x0100,0x0000,0x0000,0x0000,
    0x0000,0x0000,0x0000,0x0000,0x0000,0x0000,0x0000,0x0000,0x0000,0x0000,0x0000,0x0000,
    0x0000,0x0000,0x0000,0x0000,0x0000,0x0000,0x0000,0x0000,0x0000,0x0000,0x0000,0x0000,
    0x0000,0x0000,0x0000,0x0000,0x0000,0x0000,0x0000,0x0000,0x0000,0x0000,0x0000,0x0000,
    0x0000,0x0000,0x0000,0x0000,0x0000,0x0000,0x0000,0x0000,0x0000,0x0000,0x0000,0x0000,
    0x0000,0x0000,0x0000,0x0000,0x0000,0x0000,0x0000,0x0000,0x0000,0x0000,0x0000,0x0000,
    0x0000,0x0000,0x0000,0x0000,0x0000,0x0000,0x0000,0x0000,0x0000,0x0000,0x0000,0x0000,
    0x0000,0x0000,0x0000,0x0000,0x0000,0x0000,0x0000,0x0000,0x0000,0x0000,0x0000,0x0000,
    0x0000,0x0000,0x0000,0x0000,0x0000,0x0000,0x0000,0x0000,0x0000,0x0000,0x0000,0x0000,
    0x0000,0x0000,0x0000,0x0000,0x0000,0x0000,0x0000,0x0000,0x0000,0x0000,0x0000,0x0000,
    0x0000,0x0000,0x0000,0x0000,0x0000,0x0000,0x0000,0x0000,0x0000,0x0000,0x0000,0x0000,
    0x0000,0x0000,0x0000,0x0000,0x0000,0x0000,0x0000,0x0000,0x0000,0x0000,0x0000,0x4008,
    0x0000,0x0200,0x8652,0xE7EE,0xE3FF,0x20FF,0x60FE,0x20F6,0x80FE,0x80FE,0xA0FE,0xA0FE,
    0x80FE,0x80FE,0x80FE,0x80FE,0x60FE,0x40F6,0x20F6,0x00F6,0x00EE,0x40F6,0x60FF,0xE6FF,
    0x6AF7,0x855A,0x0000,0x0000,0x0000,0x0000,0x0000,0x0000,0x0000,0x0000,0x0000,0x0000,
    0x0000,0x0000,0x0000,0x0000,0x0000,0x0000,0x0000,0x0000,0x0000,0x0000,0x0000,0x0000,
    0x0000,0x0000,0x0000,0x0000,0x0000,0x0000,0x0000,0x0000,0x0000,0x0000,0x0000,0x0000,
    0x0000,0x0000,0x0000,0x0000,0x0000,0x0000,0x0000,0x0000,0x0000,0x0000,0x0000,0x0000,
    0x0000,0x0000,0x0000,0x0000,0x0000,0x0000,0x0000,0x0000,0x0000,0x0000,0x0000,0x0000,
    0x0000,0x0000,0x0000,0x0000,0x0000,0x0000,0x0000,0x0000,0x0000,0x0000,0x0000,0x0000,
    0x0000,0x0000,0x0000,0x0000,0x0000,0x0000,0x0000,0x0000,0x0000,0x0000,0x0000,0x0000,
    0x0000,0x0000,0x0000,0x0000,0x0000,0x0000,0x0000,0x0000,0x0000,0x0000,0x0000,0x0000,
    0x0000,0x0000,0x0000,0x0000,0x0000,0x0000,0x0000,0x0000,0x0000,0x0000,0x0000,0x0000,
    0x0000,0x0000,0x0000,0x0000,0x0000,0x0000,0x0000,0x0000,0x0000,0x0000,0x0000,0x0000,
    0x0000,0x0000,0x0000,0x0000,0x0000,0x0000,0x0000,0x0000,0x0000,0x0000,0x0000,0x0000,
    0x0000,0x0000,0x2008,0x0100,0x0200,0x08CE,0xE4FF,0xE0FE,0x20F6,0x40F6,0x40F6,0x60FE,
    0x80FE,0x80FE,0xC0FE,0xE0FE,0xE0FE,0xE0FE,0xE0FE,0xC0FE,0x80FE,0x40F6,0x20F6,0x20F6,
    0x60F6,0x60FE,0x40F6,0x40FE,0x01FF,0xE8FF,0x66B5,0x0000,0x0100,0x0000,0x0000,0x0000,
    0x0000,0x0000,0x0000,0x0000,0x0000,0x0000,0x0000,0x0000,0x0000,0x4110,0x0000,0x0000,
    0x0000,0x0000,0x0000,0x0000,0x0000,0x0000,0x0000,0x0000,0x0000,0x0000,0x0000,0x0000,
    0x0000,0x0000,0x0000,0x0000,0x0000,0x0000,0x0000,0x0000,0x0000,0x0000,0x0000,0x0000,
    0x0000,0x0000,0x0000,0x0000,0x0000,0x0000,0x0000,0x0000,0x0000,0x0000,0x0000,0x0000,
    0x0000,0x0000,0x0000,0x0000,0x0000,0x0000,0x0000,0x0000,0x0000,0x0000,0x0000,0x0000,
    0x0000,0x0000,0x0000,0x0000,0x0000,0x0000,0x0000,0x0000,0x0000,0x0000,0x0000,0x0000,
    0x0000,0x0000,0x0000,0x0000,0x0000,0x0000,0x0000,0x0000,0x0000,0x0000,0x0000,0x0000,
    0x0000,0x0000,0x0000,0x0000,0x0000,0x0000,0x0000,0x0000,0x0000,0x0000,0x0000,0x0000,
    0x0000,0x0000,0x0000,0x0000,0x0000,0x0000,0x0000,0x0000,0x0000,0x0000,0x0000,0x0000,
    0x0000,0x0000,0x0000,0x0000,0x0000,0x0000,0x0000,0x0000,0x0000,0x0000,0x0000,0x0000,
    0x0000,0x0000,0x0000,0x0000,0x2000,0x0100,0x0200,0xE249,0xE6FF,0x40FF,0x60FE,0xA0FE,
    0x80FE,0x40F6,0x80F6,0xE0FE,0x60FF,0x20FF,0xC0FE,0x20FE,0x00FE,0xE0FD,0xE0FD,0x00FE,
    0x40FE,0xA0FE,0x00FF,0x00FF,0xA0FE,0x60FE,0x80FE,0xA1FE,0x61FE,0x60FE,0xE3FF,0x42E6,
    0xA239,0x0100,0x0000,0x0000,0x0000,0x0000,0x0000,0x0000,0x0000,0x0000,0x0000,0x0000,
    0x0652,0x0100,0x0000,0x0000,0x0000,0x0000,0x0000,0x0000,0x0000,0x0000,0x0000,0x0000,
    0x0000,0x0000,0x0000,0x0000,0x0000,0x0000,0x0000,0x0000,0x0000,0x0000,0x0000,0x0000,
    0x0000,0x0000,0x0000,0x0000,0x0000,0x0000,0x0000,0x0000,0x0000,0x0000,0x0000,0x0000,
    0x0000,0x0000,0x0000,0x0000,0x0000,0x0000,0x0000,0x0000,0x0000,0x0000,0x0000,0x0000,
    0x0000,0x0000,0x0000,0x0000,0x0000,0x0000,0x0000,0x0000,0x0000,0x0000,0x0000,0x0000,
    0x0000,0x0000,0x0000,0x0000,0x0000,0x0000,0x0000,0x0000,0x0000,0x0000,0x0000,0x0000,
    0x0000,0x0000,0x0000,0x0000,0x0000,0x0000,0x0000,0x0000,0x0000,0x0000,0x0000,0x0000,
    0x0000,0x0000,0x0000,0x0000,0x0000,0x0000,0x0000,0x0000,0x0000,0x0000,0x0000,0x0000,
    0x0000,0x0000,0x0000,0x0000,0x0000,0x0000,0x0000,0x0000,0x0000,0x0000,0x0000,0x0000,
    0x0000,0x0000,0x0000,0x0000,0x0000,0x0000,0x0000,0x2000,0x0000,0x0200,0xC1DD,0xC1FF,
    0xC0FE,0x80FE,0xC1FE,0x60FE,0xA0FE,0x40FF,0xC0FE,0xC0FD,0x0093,0x8192,0x6161,0x0100,
    0x0100,0x0100,0x0100,0x0100,0x4169,0x018A,0xE09A,0xA0FD,0xC0FE,0x41FF,0xC1FE,0x81FE,
    0xA1FE,0xC1FE,0x81FE,0x60FF,0xE1FF,0xA239,0x0100,0x0000,0x0000,0x0000,0x0000,0x0000,
    0x0000,0x0000,0x0000,0x2331,0xF1FF,0x0000,0x0000,0x0000,0x0000,0x0000,0x0000,0x0000,
    0x0000,0x0000,0x0000,0x0000,0x0000,0x0000,0x0000,0x0000,0x0000,0x0000,0x0000,0x0000,
    0x0000,0x0000,0x0000,0x0000,0x0000,0x0000,0x0000,0x0000,0x0000,0x0000,0x0000,0x0000,
    0x0000,0x0000,0x0000,0x0000,0x0000,0x0000,0x0000,0x0000,0x0000,0x0000,0x0000,0x0000,
    0x0000,0x0000,0x0000,0x0000,0x0000,0x0000,0x0000,0x0000,0x0000,0x0000,0x0000,0x0000,
    0x0000,0x0000,0x0000,0x0000,0x0000,0x0000,0x0000,0x0000,0x0000,0x0000,0x0000,0x0000,
    0x0000,0x0000,0x0000,0x0000,0x0000,0x0000,0x0000,0x0000,0x0000,0x0000,0x0000,0x0000,
    0x0000,0x0000,0x0000,0x0000,0x0000,0x0000,0x0000,0x0000,0x0000,0x0000,0x0000,0x0000,
    0x0000,0x0000,0x0000,0x0000,0x0000,0x0000,0x0000,0x0000,0x0000,0x0000,0x0000,0x0000,
    0x0000,0x0000,0x0000,0x0000,0x0000,0x0000,0x0000,0x0000,0x0000,0x0000,0x2000,0x0000,
    0x0200,0xE0DD,0xC0FF,0x60FE,0xA0FE,0x81FE,0x81FE,0x21FF,0x00FF,0xA0EC,0x0149,0x0200,
    0x0100,0x0100,0x0100,0x2100,0x0000,0x4208,0x2100,0x0000,0x0100,0x0100,0x0100,0x0100,
    0x2151,0x80FC,0xE1FE,0x61FF,0xE1FE,0xA1FE,0xC0FE,0x60F6,0x60FE,0xE0FF,0xC141,0x0100,
    0x2000,0x0000,0x0000,0x0000,0x0000,0x0000,0x0108,0x6DFE,0x656A,0x0000,0x0000,0x0000,
    0x0000,0x0000,0x0000,0x0000,0x0000,0x0000,0x0000,0x0000,0x0000,0x0000,0x0000,0x0000,
    0x0000,0x0000,0x0000,0x0000,0x0000,0x0000,0x0000,0x0000,0x0000,0x0000,0x0000,0x0000,
    0x0000,0x0000,0x0000,0x0000,0x0000,0x0000,0x0000,0x0000,0x0000,0x0000,0x0000,0x0000,
    0x0000,0x0000,0x0000,0x0000,0x0000,0x0000,0x0000,0x0000,0x0000,0x0000,0x0000,0x0000,
    0x0000,0x0000,0x0000,0x0000,0x0000,0x0000,0x0000,0x0000,0x0000,0x0000,0x0000,0x0000,
    0x0000,0x0000,0x0000,0x0000,0x0000,0x0000,0x0000,0x0000,0x0000,0x0000,0x0000,0x0000,
    0x0000,0x0000,0x0000,0x0000,0x0000,0x0000,0x0000,0x0000,0x0000,0x0000,0x0000,0x0000,
    0x0000,0x0000,0x0000,0x0000,0x0000,0x0000,0x0000,0x0000,0x0000,0x0000,0x0000,0x0000,
    0x0000,0x0000,0x0000,0x0000,0x0000,0x0000,0x0000,0x0000,0x0000,0x0000,0x0000,0x0000,
    0x0000,0x0000,0x0100,0x0200,0xA0D5,0x80FF,0x00F6,0x60FE,0x40FE,0x81FE,0x21FF,0xE0EC,
    0x2151,0x0200,0x0100,0x0000,0x4008,0x0000,0x0000,0x0000,0x0000,0x0000,0x0000,0x0000,
    0x0000,0x0000,0x0000,0x0000,0x0100,0x0100,0x4159,0xC0F4,0x61FF,0x41FF,0xA0FE,0xA0FE,
    0x80FE,0x80FE,0xE0FF,0x4152,0x0100,0x4000,0x0000,0x0000,0x0000,0x0000,0x8441,0xF2FF,
    0x2339,0x0000,0x0000,0x0000,0x0000,0x0000,0x0000,0x0000,0x0000,0x0000,0x0000,0x0000,
    0x0000,0x0000,0x0000,0x0000,0x0000,0x0000,0x0000,0x0000,0x0000,0x0000,0x0000,0x0000,
    0x0000,0x0000,0x0000,0x0000,0x0000,0x0000,0x0000,0x0000,0x0000,0x0000,0x0000,0x0000,
    0x0000,0x0000,0x0000,0x0000,0x0000,0x0000,0x0000,0x0000,0x0000,0x0000,0x0000,0x0000,
    0x0000,0x0000,0x0000,0x0000,0x0000,0x0000,0x0000,0x0000,0x0000,0x0000,0x0000,0x0000,
    0x0000,0x0000,0x0000,0x0000,0x0000,0x0000,0x0000,0x0000,0x0000,0x0000,0x0000,0x0000,
    0x0000,0x0000,0x0000,0x0000,0x0000,0x0000,0x0000,0x0000,0x0000,0x0000,0x0000,0x0000,
    0x0000,0x0000,0x0000,0x0000,0x0000,0x0000,0x0000,0x0000,0x0000,0x0000,0x0000,0x0000,
    0x0000,0x0000,0x0000,0x0000,0x0000,0x0000,0x0000,0x0000,0x0000,0x0000,0x0000,0x0000,
    0x0000,0x0000,0x0000,0x0000,0x0000,0x0200,0x0200,0xA0DD,0x60FF,0x00EE,0x40FE,0x40F6,
    0xA0FE,0xE0FE,0xA0C3,0x0100,0x0100,0x2000,0x0000,0x0000,0x0000,0x0000,0x0000,0x0000,
    0x0000,0x0000,0x0000,0x0000,0x0000,0x0000,0x0000,0x0000,0x0000,0x2008,0x0100,0x0100,
    0xC0B2,0x60FE,0x40FF,0xC0FE,0xA0FE,0x41F6,0x60FF,0x617B,0x0200,0xC220,0x0000,0x0000,
    0x0000,0x0000,0xE451,0xF0FF,0xE228,0x0000,0x0000,0x0000,0x0000,0x0000,0x0000,0x0000,
    0x0000,0x0000,0x0000,0x0000,0x0000,0x0000,0x0000,0x0000,0x0000,0x0000,0x0000,0x0000,
    0x0000,0x0000,0x0000,0x0000,0x0000,0x0000,0x0000,0x0000,0x0000,0x0000,0x0000,0x0000,
    0x0000,0x0000,0x0000,0x0000,0x0000,0x0000,0x0000,0x0000,0x0000,0x0000,0x0000,0x0000,
    0x0000,0x0000,0x0000,0x0000,0x0000,0x0000,0x0000,0x0000,0x0000,0x0000,0x0000,0x0000,
    0x0000,0x0000,0x0000,0x0000,0x0000,0x0000,0x0000,0x0000,0x0000,0x0000,0x0000,0x0000,
    0x0000,0x0000,0x0000,0x0000,0x0000,0x0000,0x0000,0x0000,0x0000,0x0000,0x0000,0x0000,
    0x0000,0x0000,0x0000,0x0000,0x0000,0x0000,0x0000,0x0000,0x0000,0x0000,0x0000,0x0000,
    0x0000,0x0000,0x0000,0x0000,0x0000,0x0000,0x0000,0x0000,0x0000,0x0000,0x0000,0x0000,
    0x0000,0x0000,0x0000,0x0000,0x0000,0x0000,0x0000,0x0000,0x0200,0x0100,0x21BD,0xE1FF,
    0x00F6,0x60FE,0x40F6,0xA0FE,0xE0FD,0xC1AA,0x0200,0x2100,0xC218,0x0000,0x0000,0x0000,
    0x0000,0x0000,0x0000,0x0000,0x0000,0x0000,0x0000,0x0000,0x0000,0x0000,0x0000,0x0000,
    0x0000,0x0000,0x0000,0x4108,0x0100,0x8138,0xA0FD,0x40FF,0xA0FE,0x81F6,0xE0FF,0x40CD,
    0x0200,0xE120,0x0000,0x0000,0x0000,0x0000,0xECF5,0x8FFF,0x2AA4,0x0000,0x0000,0x0000,
    0x0000,0x0000,0x0000,0x0000,0x0000,0x0000,0x0000,0x0000,0x0000,0x0000,0x0000,0x0000,
    0x0000,0x0000,0x0000,0x0000,0x0000,0x0000,0x0000,0x0000,0x0000,0x0000,0x0000,0x0000,
    0x0000,0x0000,0x0000,0x0000,0x0000,0x0000,0x0000,0x0000,0x0000,0x0000,0x0000,0x0000,
    0x0000,0x0000,0x0000,0x0000,0x0000,0x0000,0x0000,0x0000,0x0000,0x0000,0x0000,0x0000,
    0x0000,0x0000,0x0000,0x0000,0x0000,0x0000,0x0000,0x0000,0x0000,0x0000,0x0000,0x0000,
    0x0000,0x0000,0x0000,0x0000,0x0000,0x0000,0x0000,0x0000,0x0000,0x0000,0x0000,0x0000,
    0x0000,0x0000,0x0000,0x0000,0x0000,0x0000,0x0000,0x0000,0x0000,0x0000,0x0000,0x0000,
    0x0000,0x0000,0x0000,0x0000,0x0000,0x0000,0x0000,0x0000,0x0000,0x0000,0x0000,0x0000,
    0x0000,0x0000,0x0000,0x0000,0x0000,0x0000,0x0000,0x0000,0x0000,0x0000,0x0000,0x0000,
    0x0000,0x0100,0xA0AB,0xC0FF,0x61F6,0x41F6,0x60FE,0x60FE,0xA169,0x0100,0x0000,0x0000,
    0x0000,0x0000,0x0000,0x0000,0x0000,0x0000,0x0000,0x0100,0x0000,0x0000,0x0100,0x0000,
    0x0000,0x0000,0x0000,0x0000,0x0000,0x0000,0x0000,0x0000,0x8110,0x0100,0x8130,0xA0FE,
    0xE0FE,0x42E6,0x41FF,0xC1DC,0x0100,0x6008,0x0000,0x0000,0x0000,0x0000,0x4BD5,0x4EFF,
    0xCEDD,0x0000,0x0000,0x0000,0x0000,0x0000,0x0000,0x0000,0x0000,0x0000,0x0000,0x0000,
    0x0000,0x0000,0x0000,0x0000,0x0000,0x0000,0x0000,0x0000,0x0000,0x0000,0x0000,0x0000,
    0x0000,0x0000,0x0000,0x0000,0x0000,0x0000,0x0000,0x0000,0x0000,0x0000,0x0000,0x0000,
    0x0000,0x0000,0x0000,0x0000,0x0000,0x0000,0x0000,0x0000,0x0000,0x0000,0x0000,0x0000,
    0x0000,0x0000,0x0000,0x0000,0x0000,0x0000,0x0000,0x0000,0x0000,0x0000,0x0000,0x0000,
    0x0000,0x0000,0x0000,0x0000,0x0000,0x0000,0x0000,0x0000,0x0000,0x0000,0x0000,0x0000,
    0x0000,0x0000,0x0000,0x0000,0x0000,0x0000,0x0000,0x0000,0x0000,0x0000,0x0000,0x0000,
    0x0000,0x0000,0x0000,0x0000,0x0000,0x0000,0x0000,0x0000,0x0000,0x0000,0x0000,0x0000,
    0x0000,0x0000,0x0000,0x0000,0x0000,0x0000,0x0000,0x0000,0x0000,0x0000,0x0000,0x0000,
    0x0000,0x0000,0x0000,0x0000,0x0000,0x0200,0x0008,0x00FD,0xA0FE,0x60FE,0xE0FD,0x2182,
    0x0100,0x4008,0x0000,0x0000,0x0000,0x0000,0x0000,0x0000,0x0000,0x0200,0xA310,0x847B,
    0xE58B,0xE583,0x0100,0x2200,0x0200,0x0100,0x0100,0x0000,0x0000,0x0000,0x0000,0x0000,
    0x0000,0x8010,0x0100,0x4149,0xE0FD,0x20FE,0xC1FD,0x2151,0x0100,0x0000,0x0000,0x0000,
    0x0000,0xA218,0x6DFE,0x8CFE,0x90FE,0x6210,0x0000,0x0000,0x0000,0x0000,0x0000,0x0000,
    0x0000,0x0000,0x0000,0x0000,0x0000,0x0000,0x0000,0x0000,0x0000,0x0000,0x0000,0x0000,
    0x0000,0x0000,0x0000,0x0000,0x0000,0x0000,0x0000,0x0000,0x0000,0x0000,0x0000,0x0000,
    0x0000,0x0000,0x0000,0x0000,0x0000,0x0000,0x0000,0x0000,0x0000,0x0000,0x0000,0x0000,
    0x0000,0x0000,0x0000,0x0000,0x0000,0x0000,0x0000,0x0000,0x0000,0x0000,0x0000,0x0000,
    0x0000,0x0000,0x0000,0x0000,0x0000,0x0000,0x0000,0x0000,0x0000,0x0000,0x0000,0x0000,
    0x0000,0x0000,0x0000,0x0000,0x0000,0x0000,0x0000,0x0000,0x0000,0x0000,0x0000,0x0000,
    0x0000,0x0000,0x0000,0x0000,0x0000,0x0000,0x0000,0x0000,0x0000,0x0000,0x0000,0x0000,
    0x0000,0x0000,0x0000,0x0000,0x0000,0x0000,0x0000,0x0000,0x0000,0x0000,0x0000,0x0000,
    0x0000,0x0000,0x0000,0x0000,0x0000,0x0000,0x0000,0x0000,0x0000,0x0000,0x0200,0x0118,
    0x4182,0x608A,0x6151,0x0100,0xE418,0x0000,0x0000,0x0000,0x0000,0x0000,0x0000,0xA318,
    0x069D,0x45F7,0xC3FF,0xE1FF,0xE1FF,0xE1FF,0x21FF,0xE3FF,0x63E6,0x4273,0xC218,0x0100,
    0x0100,0x0000,0x0000,0x0000,0x0000,0x0000,0x0000,0x0200,0x0100,0x6082,0xC130,0x0200,
    0x6110,0x0000,0x0000,0x0000,0x0000,0x6562,0xCFFF,0xCBF5,0x51FF,0x8210,0x0000,0x0000,
    0x0000,0x0000,0x0000,0x0000,0x0000,0x0000,0x0000,0x0000,0x0000,0x0000,0x0000,0x0000,
    0x0000,0x0000,0x0000,0x0000,0x0000,0x0000,0x0000,0x0000,0x0000,0x0000,0x0000,0x0000,
    0x0000,0x0000,0x0000,0x0000,0x0000,0x0000,0x0000,0x0000,0x0000,0x0000,0x0000,0x0000,
    0x0000,0x0000,0x0000,0x0000,0x0000,0x0000,0x0000,0x0000,0x0000,0x0000,0x0000,0x0000,
    0x0000,0x0000,0x0000,0x0000,0x0000,0x0000,0x0000,0x0000,0x0000,0x0000,0x0000,0x0000,
    0x0000,0x0000,0x0000,0x0000,0x0000,0x0000,0x0000,0x0000,0x0000,0x0000,0x0000,0x0000,
    0x0000,0x0000,0x0000,0x0000,0x0000,0x0000,0x0000,0x0000,0x0000,0x0000,0x0000,0x0000,
    0x0000,0x0000,0x0000,0x0000,0x0000,0x0000,0x0000,0x0000,0x0000,0x0000,0x0000,0x0000,
    0x0000,0x0000,0x0000,0x0000,0x0000,0x0000,0x0000,0x0000,0x0000,0x0000,0x0000,0x0000,
    0x0000,0x0000,0x8118,0x2200,0x0200,0x0200,0x0100,0x6210,0x0000,0x0000,0x0000,0x0000,
    0x0000,0x4208,0x66B5,0xE5FF,0xC0FF,0x40FE,0xC0FD,0xC0FD,0xC0FD,0xE0FD,0x20FE,0x00FE,
    0x80FE,0xC0FF,0x40FF,0x219C,0x6110,0x0200,0x0108,0x0000,0x0000,0x0000,0x0000,0x0000,
    0x2100,0x0200,0x0100,0x0000,0x0000,0x0000,0x0000,0x0000,0x0000,0x0552,0x6FFF,0x8AED,
    0xF4FF,0xAA8B,0x0000,0x0000,0x0000,0x0000,0x0000,0x0000,0x0000,0x0000,0x0000,0x0000,
    0x0000,0x0000,0x0000,0x0000,0x0000,0x0000,0x0000,0x0000,0x0000,0x0000,0x0000,0x0000,
    0x0000,0x0000,0x0000,0x0000,0x0000,0x0000,0x0000,0x0000,0x0000,0x0000,0x0000,0x0000,
    0x0000,0x0000,0x0000,0x0000,0x0000,0x0000,0x0000,0x0000,0x0000,0x0000,0x0000,0x0000,
    0x0000,0x0000,0x0000,0x0000,0x0000,0x0000,0x0000,0x0000,0x0000,0x0000,0x0000,0x0000,
    0x0000,0x0000,0x0000,0x0000,0x0000,0x0000,0x0000,0x0000,0x0000,0x0000,0x0000,0x0000,
    0x0000,0x0000,0x0000,0x0000,0x0000,0x0000,0x0000,0x0000,0x0000,0x0000,0x0000,0x0000,
    0x0000,0x0000,0x0000,0x0000,0x0000,0x0000,0x0000,0x0000,0x0000,0x0000,0x0000,0x0000,
    0x0000,0x0000,0x0000,0x0000,0x0000,0x0000,0x0000,0x0000,0x0000,0x0000,0x0000,0x0000,
    0x0000,0x0000,0x0000,0x0000,0x0000,0x0000,0x0000,0x0000,0x0000,0x0000,0x0000,0x0000,
    0x0000,0x0000,0x0000,0x0000,0x8331,0xE6FF,0xC1FF,0x00FE,0xE0F5,0x00FE,0x20FE,0x21FE,
    0x41FE,0x42FE,0x41F6,0x21FE,0xE0FD,0xC0F5,0x00FE,0x20FF,0x40FF,0xE093,0x0200,0x0100,
    0x6008,0x0000,0x0000,0x0000,0x0000,0x0000,0x0000,0x0000,0x0000,0x0000,0x0000,0x0000,
    0x0000,0x055A,0x8FFF,0xCBED,0x6DFE,0x73FF,0x0100,0x0000,0x0000,0x0000,0x0000,0x0000,
    0x0000,0x0000,0x0000,0x0000,0x0000,0x0000,0x0000,0x0000,0x0000,0x0000,0x0000,0x0000,
    0x0000,0x0000,0x0000,0x0000,0x0000,0x0000,0x0000,0x0000,0x0000,0x0000,0x0000,0x0000,
    0x0000,0x0000,0x0000,0x0000,0x0000,0x0000,0x0000,0x0000,0x0000,0x0000,0x0000,0x0000,
    0x0000,0x0000,0x0000,0x0000,0x0000,0x0000,0x0000,0x0000,0x0000,0x0000,0x0000,0x0000,
    0x0000,0x0000,0x0000,0x0000,0x0000,0x0000,0x0000,0x0000,0x0000,0x0000,0x0000,0x0000,
    0x0000,0x0000,0x0000,0x0000,0x0000,0x0000,0x0000,0x0000,0x0000,0x0000,0x0000,0x0000,
    0x0000,0x0000,0x0000,0x0000,0x0000,0x0000,0x0000,0x0000,0x0000,0x0000,0x0000,0x0000,
    0x0000,0x0000,0x0000,0x0000,0x0000,0x0000,0x0000,0x0000,0x0000,0x0000,0x0000,0x0000,
    0x0000,0x0000,0x0000,0x0000,0x0000,0x0000,0x0000,0x0000,0x0000,0x0000,0x0000,0x0000,
    0x0000,0x0000,0x0000,0x0000,0x0000,0x0000,0x0100,0x8231,0xE3FF,0x60FE,0xA0F5,0x20FE,
    0x20FE,0x80FE,0xA0FE,0x80FE,0x41FE,0x21FE,0x60FE,0xA0FE,0xE0FE,0x80FE,0xE0F5,0xC0ED,
    0x80FE,0x60FF,0xA0F6,0x2129,0x0100,0xC120,0x0000,0x0000,0x0000,0x0000,0x0000,0x0000,
    0x0000,0x0000,0x0000,0x0000,0x0000,0x055A,0x8FFF,0xECF5,0xCAF5,0xD2FF,0xEB8B,0x0000,
    0x0000,0x0000,0x0000,0x0000,0x0000,0x0000,0x0000,0x0000,0x0000,0x0000,0x0000,0x0000,
    0x0000,0x0000,0x0000,0x0000,0x0000,0x0000,0x0000,0x0000,0x0000,0x0000,0x0000,0x0000,
    0x0000,0x0000,0x0000,0x0000,0x0000,0x0000,0x0000,0x0000,0x0000,0x0000,0x0000,0x0000,
    0x0000,0x0000,0x0000,0x0000,0x0000,0x0000,0x0000,0x0000,0x0000,0x0000,0x0000,0x0000,
    0x0000,0x0000,0x0000,0x0000,0x0000,0x0000,0x0000,0x0000,0x0000,0x0000,0x0000,0x0000,
    0x0000,0x0000,0x0000,0x0000,0x0000,0x0000,0x0000,0x0000,0x0000,0x0000,0x0000,0x0000,
    0x0000,0x0000,0x0000,0x0000,0x0000,0x0000,0x0000,0x0000,0x0000,0x0000,0x0000,0x0000,
    0x0000,0x0000,0x0000,0x0000,0x0000,0x0000,0x0000,0x0000,0x0000,0x0000,0x0000,0x0000,
    0x0000,0x0000,0x0000,0x0000,0x0000,0x0000,0x0000,0x0000,0x0000,0x0000,0x0000,0x0000,
    0x0000,0x0000,0x0000,0x0000,0x0000,0x0000,0x0000,0x0000,0x0000,0x0100,0x8239,0xE1FF,
    0x40FE,0xE0F5,0xE0FD,0x00FE,0x60FE,0x00FD,0x80AA,0xC079,0x0059,0xC050,0x2069,0x0092,
    0x40BB,0xA0FD,0xC0FE,0x60FE,0x00F6,0x40FE,0x60FF,0xC0FF,0xE218,0x0100,0xC220,0x0000,
    0x0000,0x0000,0x0000,0x0000,0x0000,0x0000,0x0000,0x0000,0x0000,0xC451,0x4EFF,0xECF5,
    0x0CF6,0x2CFE,0x72FF,0x0000,0x0000,0x0000,0x0000,0x0000,0x0000,0x0000,0x0000,0x0000,
    0x0000,0x0000,0x0000,0x0000,0x0000,0x0000,0x0000,0x0000,0x0000,0x0000,0x0000,0x0000,
    0x0000,0x0000,0x0000,0x0000,0x0000,0x0000,0x0000,0x0000,0x0000,0x0000,0x0000,0x0000,
    0x0000,0x0000,0x0000,0x0000,0x0000,0x0000,0x0000,0x0000,0x0000,0x0000,0x0000,0x0000,
    0x0000,0x0000,0x0000,0x0000,0x0000,0x0000,0x0000,0x0000,0x0000,0x0000,0x0000,0x0000,
    0x0000,0x0000,0x0000,0x0000,0x0000,0x0000,0x0000,0x0000,0x0000,0x0000,0x0000,0x0000,
    0x0000,0x0000,0x0000,0x0000,0x0000,0x0000,0x0000,0x0000,0x0000,0x0000,0x0000,0x0000,
    0x0000,0x0000,0x0000,0x0000,0x0000,0x0000,0x0000,0x0000,0x0000,0x0000,0x0000,0x0000,
    0x0000,0x0000,0x0000,0x0000,0x0000,0x0000,0x0000,0x0000,0x0000,0x0000,0x0000,0x0000,
    0x0000,0x0000,0x0000,0x0000,0x0000,0x0000,0x0000,0x0000,0x0000,0x0000,0x0000,0x0000,
    0x4110,0x0100,0x01FF,0xC0FE,0xE0ED,0x80F5,0xE0FD,0x40FD,0x009A,0x0018,0x0100,0x0200,
    0x0200,0x0200,0x0200,0x0200,0x0200,0x0118,0xC169,0xC1FD,0x81FE,0x01FE,0x22EE,0x21FF,
    0xE1FF,0xE228,0x0100,0x0000,0x0000,0x0000,0x0000,0x0000,0x0000,0x0000,0x0000,0x0000,
    0x0000,0x4562,0xAFFF,0x2CFE,0x2CF6,0xEBF5,0xEEFE,0x51EE,0x0000,0x0000,0x0000,0x0000,
    0x0000,0x0000,0x0000,0x0000,0x0000,0x0000,0x0000,0x0000,0x0000,0x0000,0x0000,0x0000,
    0x0000,0x0000,0x0000,0x0000,0x0000,0x0000,0x0000,0x0000,0x0000,0x0000,0x0000,0x0000,
    0x0000,0x0000,0x0000,0x0000,0x0000,0x0000,0x0000,0x0000,0x0000,0x0000,0x0000,0x0000,
    0x0000,0x0000,0x0000,0x0000,0x0000,0x0000,0x0000,0x0000,0x0000,0x0000,0x0000,0x0000,
    0x0000,0x0000,0x0000,0x0000,0x0000,0x0000,0x0000,0x0000,0x0000,0x0000,0x0000,0x0000,
    0x0000,0x0000,0x0000,0x0000,0x0000,0x0000,0x0000,0x0000,0x0000,0x0000,0x0000,0x0000,
    0x0000,0x0000,0x0000,0x0000,0x0000,0x0000,0x0000,0x0000,0x0000,0x0000,0x0000,0x0000,
    0x0000,0x0000,0x0000,0x0000,0x0000,0x0000,0x0000,0x0000,0x0000,0x0000,0x0000,0x0000,
    0x0000,0x0000,0x0000,0x0000,0x0000,0x0000,0x0000,0x0000,0x0000,0x0000,0x0000,0x0000,
    0x0000,0x0000,0x0000,0x0000,0x0200,0x2139,0x60FF,0x60ED,0x20F5,0x80FD,0xC0D3,0x2110,
    0x0200,0x2200,0x8210,0x0000,0x0000,0x0000,0x0000,0x0000,0x0000,0x0200,0x0200,0x0100,
    0xA1C3,0xE0FE,0x82FE,0x03E6,0x41FF,0x0162,0x0200,0x0000,0x0000,0x0000,0x0000,0x0000,
    0x0000,0x0000,0x0000,0x0000,0x0000,0x0429,0x2BCD,0x6BDD,0x8DFE,0x2CF6,0xCBF5,0x70FF,
    0x51EE,0x0000,0x0000,0x0000,0x0000,0x0000,0x0000,0x0000,0x0000,0x0000,0x0000,0x0000,
    0x0000,0x0000,0x0000,0x0000,0x0000,0x0000,0x0000,0x0000,0x0000,0x0000,0x0000,0x0000,
    0x0000,0x0000,0x0000,0x0000,0x4110,0x0000,0x0000,0x0000,0x0000,0x0000,0x0000,0x0000,
    0x0000,0x0000,0x0000,0x0000,0x0000,0x0000,0x0000,0x0000,0x0000,0x0000,0x0000,0x0000,
    0x0000,0x0000,0x0000,0x0000,0x0000,0x0000,0x0000,0x0000,0x0000,0x0000,0x0000,0x0000,
    0x0000,0x0000,0x0000,0x0000,0x0000,0x0000,0x0000,0x0000,0x0000,0x0000,0x0000,0x0000,
    0x0000,0x0000,0x0000,0x0000,0x0000,0x0000,0x0000,0x0000,0x0000,0x0000,0x0000,0x0000,
    0x0000,0x0000,0x0000,0x0000,0x0000,0x0000,0x0000,0x0000,0x0000,0x0000,0x0000,0x0000,
    0x0000,0x0000,0x0000,0x0000,0x0000,0x0000,0x0000,0x0000,0x0000,0x0000,0x0000,0x0000,
    0x0000,0x0000,0x0000,0x0000,0x0000,0x0000,0x0000,0x0000,0x0000,0x0100,0x0193,0xE0FD,
    0x40FD,0xC09A,0x0200,0x0100,0xC118,0x0000,0x0000,0x0000,0x0000,0x0000,0x0000,0x0000,
    0x0000,0x0000,0x0000,0x0100,0x0100,0x207A,0x60FE,0x00FE,0x41FC,0x0100,0x2200,0x0000,
    0x0000,0x0000,0x0000,0x0000,0x0000,0x0000,0x0000,0x0000,0x0000,0x0000,0xC893,0xE89B,
    0x0ACD,0x4CFE,0x2CF6,0xAAF5,0x91FF,0x51E6,0x2331,0x0000,0x0000,0x0000,0x0000,0x0000,
    0x0000,0x0000,0x0000,0x0000,0x0000,0x0000,0x0000,0x0000,0x0000,0x0000,0x0000,0x0873,
    0x475A,0x265A,0x71F6,0x2EC5,0xE649,0x8762,0x675A,0x2652,0x0000,0x6539,0x0000,0x0000,
    0x0000,0x0000,0x0000,0x0000,0x0000,0x0000,0x0000,0x0000,0x0000,0x0000,0x0000,0x0000,
    0x0000,0x0000,0x0000,0x0000,0x0000,0x0000,0x0000,0x0000,0x0000,0x0000,0x0000,0x0000,
    0x0000,0x0000,0x0000,0x0000,0x0000,0x0000,0x0000,0x0000,0x0000,0x0000,0x0000,0x0000,
    0x0000,0x0000,0x0000,0x0000,0x0000,0x0000,0x0000,0x0000,0x0000,0x0000,0x0000,0x0000,
    0x0000,0x0000,0x0000,0x0000,0x0000,0x0000,0x0000,0x0000,0x0000,0x0000,0x0000,0x0000,
    0x0000,0x0000,0x0000,0x0000,0x0000,0x0000,0x0000,0x0000,0x0000,0x0000,0x0000,0x0000,
    0x0000,0x0000,0x0000,0x0000,0x0000,0x0000,0x0000,0x0000,0x0000,0x0000,0x0000,0x0000,
    0x0000,0x0000,0x0200,0xE169,0x0139,0x0200,0x2200,0x0000,0x0000,0x0000,0x0100,0x0200,
    0x0200,0x0200,0x0200,0x0200,0x0100,0x0100,0x0000,0x0000,0x8210,0x0200,0xE138,0x409A,
    0x0108,0x0100,0x0000,0x0000,0x0000,0x0000,0x0000,0x0000,0x0000,0x0000,0x0000,0x0000,
    0x0000,0x0000,0xC449,0x6BD5,0xE99B,0xAEFE,0x0CF6,0x2CF6,0xEBF5,0x31FF,0xF6FF,0x297B,
    0x0000,0x0000,0x0000,0x0000,0x0000,0x0000,0x0000,0x0000,0x0000,0x0000,0x0000,0x0000,
    0x0331,0x866A,0x6EFE,0xF3FF,0xF3FF,0xF3FF,0x31FF,0x72FF,0xF3FF,0xF3FF,0xF3FF,0xF3FF,
    0x4FF6,0xF1FE,0x30EE,0x71F6,0x71F6,0xCFDD,0x8541,0x0652,0x0000,0x0000,0x0000,0x0000,
    0x0000,0x0000,0x0000,0x0000,0x0000,0x0000,0x0000,0x0000,0x0000,0x0000,0x0000,0x0000,
    0x0000,0x0000,0x0000,0x0000,0x0000,0x0000,0x0000,0x0000,0x0000,0x0000,0x0000,0x0000,
    0x0000,0x0000,0x0000,0x0000,0x0000,0x0000,0x0000,0x0000,0x0000,0x0000,0x0000,0x0000,
    0x0000,0x0000,0x0000,0x0000,0x0000,0x0000,0x0000,0x0000,0x0000,0x0000,0x0000,0x0000,
    0x0000,0x0000,0x0000,0x0000,0x0000,0x0000,0x0000,0x0000,0x0000,0x0000,0x0000,0x0000,
    0x0000,0x0000,0x0000,0x0000,0x0000,0x0000,0x0000,0x0000,0x0000,0x0000,0x0000,0x0000,
    0x0000,0x0000,0x0000,0x0000,0x0000,0x0000,0x0000,0x0200,0x0100,0x8218,0x0000,0x0000,
    0x0100,0x2208,0xA15A,0x0129,0xE0B4,0x20FF,0x60E6,0xA1FE,0x82AC,0x6210,0x0100,0x0000,
    0x0000,0x0000,0x0200,0x0200,0x0200,0x0000,0x0000,0x0000,0x0000,0x0000,0x0000,0x0000,
    0x0000,0x0000,0x0000,0x0000,0x0000,0x0000,0x0000,0x4783,0x69B4,0x8DD5,0x8DFE,0x0CF6,
    0x2CFE,0xCAF5,0x2DF6,0xF4FF,0x33FF,0x297B,0x0000,0x0000,0x0000,0x0000,0x0000,0x0000,
    0x0000,0xE328,0xE67A,0xABE5,0x4EFF,0x6EFF,0x6CFE,0xCBF5,0xCBED,0xCBED,0xEBF5,0xEBF5,
    0xCBED,0xCBF5,0xCBF5,0xCBF5,0x6CFE,0x2BFE,0xAEFE,0xAEFE,0xAEFE,0x31FF,0xF4FF,0xF4FF,
    0x0FEE,0x6CA4,0x2108,0x0000,0x0000,0x0000,0x0000,0x0000,0x0000,0x0000,0x0000,0x0000,
    0x0000,0x0000,0x0000,0x0000,0x0000,0x0000,0x0000,0x0000,0x0000,0x0000,0x0000,0x0000,
    0x0000,0x0000,0x0000,0x0000,0x0000,0x0000,0x0000,0x0000,0x0000,0x0000,0x0000,0x0000,
    0x0000,0x0000,0x0000,0x0000,0x0000,0x0000,0x0000,0x0000,0x0000,0x0000,0x0000,0x0000,
    0x0000,0x0000,0x0000,0x0000,0x0000,0x0000,0x0000,0x0000,0x0000,0x0000,0x0000,0x0000,
    0x0000,0x0000,0x0000,0x0000,0x0000,0x0000,0x0000,0x0000,0x0000,0x0000,0x0000,0x0000,
    0x0000,0x0000,0x0000,0x0000,0x0000,0x0000,0x0000,0x0000,0x0000,0x0000,0x0000,0x0000,
    0x0000,0x0000,0x0000,0x0100,0x0100,0x03E7,0xE1FF,0x21FF,0x40FE,0xC0FD,0xE0FD,0x20FE,
    0x00FF,0xA1FF,0xE149,0x0200,0x0000,0x0000,0x0000,0x0000,0x0000,0x0000,0x0000,0x0000,
    0x0000,0x0000,0x0000,0x0000,0x0000,0x0000,0x0000,0x0000,0x0000,0x0000,0x0000,0x4110,
    0x2ACD,0xC89B,0xABE5,0x6DFE,0x0CF6,0x2CF6,0x0BF6,0xCBF5,0x8EFE,0xD1FF,0x12FF,0xE872,
    0x8218,0x0100,0x0000,0xE320,0x0ACD,0xD0FF,0x2EFF,0xCDFE,0x0CF6,0xECF5,0x0CF6,0x2CF6,
    0x2CF6,0x2CF6,0x2CF6,0x2CF6,0x2CF6,0x2CF6,0x2CF6,0x2CF6,0x0CF6,0x0CF6,0xEBF5,0xEBF5,
    0xEBF5,0xEBF5,0xCBF5,0xCBF5,0xADFE,0x90FF,0x52FF,0x4ED5,0x4752,0x6210,0x0000,0x0000,
    0x0000,0x0000,0x0000,0x0000,0x0000,0x0000,0x0000,0x0000,0x0000,0x0000,0x0000,0x0000,
    0x0000,0x0000,0x0000,0x0000,0x0000,0x0000,0x0000,0x0000,0x0000,0x0000,0x0000,0x0000,
    0x0000,0x0000,0x0000,0x0000,0x0000,0x0000,0x0000,0x0000,0x0000,0x0000,0x0000,0x0000,
    0x0000,0x0000,0x0000,0x0000,0x0000,0x0000,0x0000,0x0000,0x0000,0x0000,0x0000,0x0000,
    0x0000,0x0000,0x0000,0x0000,0x0000,0x0000,0x0000,0x0000,0x0000,0x0000,0x0000,0x0000,
    0x0000,0x0000,0x0000,0x0000,0x0000,0x0000,0x0000,0x0000,0x0000,0x0000,0x0000,0x0000,
    0x0000,0x0000,0x0000,0x0000,0x0000,0x0000,0x0100,0x0100,0x62F7,0x62FF,0x41F5,0x20FE,
    0xC0FE,0x80FE,0x20FE,0x80FD,0xE0DC,0x00FE,0x00F6,0x0200,0x0000,0x0000,0x0000,0x0000,
    0x0000,0x0000,0x0000,0x0000,0x0000,0x0000,0x0000,0x0000,0x0000,0x0000,0x0000,0x0000,
    0x0000,0x0000,0x0000,0x0000,0x2331,0x6BD5,0xA88B,0x8CDD,0x8DFE,0x0CF6,0x2CF6,0x2CF6,
    0xEBF5,0xCBED,0x8DFE,0x2FFF,0xF2FF,0x2783,0x0100,0x10FF,0x2EFF,0xEBF5,0xECF5,0x0CF6,
    0x0CF6,0x2CF6,0x2CF6,0x2CF6,0x0CF6,0x0CF6,0x0CF6,0x0CF6,0x0CF6,0x0CF6,0x0CF6,0x2CF6,
    0x2CF6,0x2CF6,0x2CF6,0x2CF6,0x2CF6,0x2CF6,0x2CF6,0x2CF6,0xECF5,0xCBF5,0x2BFE,0x0EFF,
    0x91FF,0x92FF,0xCDB4,0xE972,0x0000,0x0000,0x0000,0x0000,0x0000,0x0000,0x0000,0x0000,
    0x0000,0x0000,0x0000,0x0000,0x0000,0x0000,0x0000,0x0000,0x0000,0x0000,0x0000,0x0000,
    0x0000,0x0000,0x0000,0x0000,0x0000,0x0000,0x0000,0x0000,0x0000,0x0000,0x0000,0x0000,
    0x0000,0x0000,0x0000,0x0000,0x0000,0x0000,0x0000,0x0000,0x0000,0x0000,0x0000,0x0000,
    0x0000,0x0000,0x0000,0x0000,0x0000,0x0000,0x0000,0x0000,0x0000,0x0000,0x0000,0x0000,
    0x0000,0x0000,0x0000,0x0000,0x0000,0x0000,0x0000,0x0000,0x0000,0x0000,0x0000,0x0000,
    0x0000,0x0000,0x0000,0x0000,0x0000,0x0000,0x0000,0x0000,0x0000,0x0000,0x0200,0x4162,
    0xE0FF,0x21FE,0x80FE,0xA0DC,0xA149,0x6141,0xE08A,0x00FE,0x80FE,0xE0FE,0x80DC,0x0200,
    0x0000,0x0000,0x0000,0x0000,0x0000,0x0000,0x0000,0x0000,0x0000,0x0000,0x0000,0x0000,
    0x0000,0x0000,0x0000,0x0000,0x0000,0x0000,0x0000,0x0000,0x0000,0x2331,0x2ACD,0x6AAC,
    0xCDE5,0x8EFE,0x0BF6,0x0BFE,0x6CFE,0x4DFE,0xEBED,0x2CFE,0x0CFE,0x8DFE,0xADFE,0x8DFE,
    0xECF5,0x2CF6,0x2CF6,0x2CF6,0x2CF6,0x2CF6,0x2CF6,0x2CF6,0x2CF6,0x2CF6,0x2CF6,0x2CF6,
    0x2CF6,0x2CF6,0x2CF6,0x2CF6,0x2CF6,0x2CF6,0x0CF6,0x0CF6,0x0CF6,0x0CF6,0x0CF6,0x2CF6,
    0x2CF6,0x2CF6,0x0CF6,0xECF5,0xEBF5,0x0BFE,0x50FF,0xD2FF,0x50F6,0xCA93,0xE320,0x0000,
    0x0000,0x0000,0x0000,0x0000,0x0000,0x0000,0x0000,0x0000,0x0000,0x0000,0x0000,0x0000,
    0x0000,0x0000,0x0000,0x0000,0x0000,0x0000,0x0000,0x0000,0x0000,0x0000,0x0000,0x0000,
    0x0000,0x0000,0x0000,0x0000,0x0000,0x0000,0x0000,0x0000,0x0000,0x0000,0x0000,0x0000,
    0x0000,0x0000,0x0000,0x0000,0x0000,0x0000,0x0000,0x0000,0x0000,0x0000,0x0000,0x0000,
    0x0000,0x0000,0x0000,0x0000,0x0000,0x0000,0x0000,0x0000,0x0000,0x0000,0x0000,0x0000,
    0x0000,0x0000,0x0000,0x0000,0x0000,0x0000,0x0000,0x0000,0x0000,0x0000,0x0000,0x0000,
    0x0000,0x0000,0xA220,0x0100,0xE1B3,0xC0FD,0x6130,0x0200,0x0200,0x0200,0x0200,0x0110,
    0x4172,0xC182,0x6118,0x0200,0x0000,0x0000,0x0000,0x0000,0x0000,0x0000,0x0000,0x0000,
    0x0000,0x0000,0x0000,0x0000,0x0000,0x0000,0x0000,0x0000,0x0000,0x0000,0x0000,0x0000,
    0x0000,0x0000,0x4339,0x4BD5,0xC89B,0x6ECD,0xB0FE,0xAFFE,0x2BD5,0x6BDD,0xB1FE,0xE8A3,
    0x8DFE,0x0CF6,0x0CF6,0x0CF6,0x2CF6,0x0CF6,0x2CF6,0x2CF6,0x2CF6,0x2CF6,0x2CF6,0x2CF6,
    0x2CF6,0x2CF6,0x2CF6,0x2CF6,0x2CF6,0x2CF6,0x2CF6,0x2CF6,0x2CF6,0x2CF6,0x2CF6,0x2CF6,
    0x2CF6,0x2CF6,0x2CF6,0x2CF6,0x0CF6,0x0CF6,0x2CF6,0x2CF6,0x2CF6,0x0CF6,0xCBF5,0xCBF5,
    0x6DFE,0x90FF,0xD3FF,0xEDBC,0x8318,0x0000,0x0000,0x0000,0x0000,0x0000,0x0000,0x0000,
    0x0000,0x0000,0x0000,0x0000,0x0000,0x0000,0x0000,0x0000,0x0000,0x0000,0x0000,0x0000,
    0x0000,0x0000,0x0000,0x0000,0x0000,0x0000,0x0000,0x0000,0x0000,0x0000,0x0000,0x0000,
    0x0000,0x0000,0x0000,0x0000,0x0000,0x0000,0x0000,0x0000,0x0000,0x0000,0x0000,0x0000,
    0x0000,0x0000,0x0000,0x0000,0x0000,0x0000,0x0000,0x0000,0x0000,0x0000,0x0000,0x0000,
    0x0000,0x0000,0x0000,0x0000,0x0000,0x0000,0x0000,0x0000,0x0000,0x0000,0x0000,0x0000,
    0x0000,0x0000,0x0000,0x0000,0x0000,0x0000,0x0000,0x0200,0x0100,0x0200,0x0200,0x0000,
    0x0000,0x0000,0x0000,0x0200,0x0200,0x0200,0x0100,0x0000,0x0000,0x0000,0x0000,0x0000,
    0x0000,0x0000,0x0000,0x0000,0x0000,0x0000,0x0000,0x0000,0x0000,0x0000,0x0000,0x0000,
    0x0000,0x0000,0x0000,0x0000,0x0000,0x0000,0x0000,0x2331,0x6BD5,0x89B4,0xAABC,0x4AAC,
    0x09A4,0xAABC,0x6210,0xEACC,0xADFE,0x0CF6,0x2CF6,0x2CF6,0x2CF6,0x2CF6,0x2CF6,0x2CF6,
    0x2CF6,0x2CF6,0x2CF6,0x2CF6,0x2CF6,0x2CF6,0x2CF6,0x2CF6,0x2CF6,0x2CF6,0x2CF6,0x2CF6,
    0x2CF6,0x2CF6,0x2CF6,0x2CF6,0x2CF6,0x2CF6,0x2CF6,0x2CF6,0x2CF6,0x2CF6,0x2CF6,0x0CF6,
    0x0CF6,0x2CF6,0x2CF6,0x2CF6,0x0CF6,0xCBED,0xEBFD,0x2FFF,0xD3FF,0xEDBC,0x8210,0x0000,
    0x0000,0x0000,0x0000,0x0000,0x0000,0x0000,0x0000,0x0000,0x0000,0x0000,0x0000,0x0000,
    0x0000,0x0000,0x0000,0x0000,0x0000,0x0000,0x0000,0x0000,0x0000,0x0000,0x0000,0x0000,
    0x0000,0x0000,0x0000,0x0000,0x0000,0x0000,0x0000,0x0000,0x0000,0x0000,0x0000,0x0000,
    0x0000,0x0000,0x0000,0x0000,0x0000,0x0000,0x0000,0x0000,0x0000,0x0000,0x0000,0x0000,
    0x0000,0x0000,0x0000,0x0000,0x0000,0x0000,0x0000,0x0000,0x0000,0x0000,0x0000,0x0000,
    0x0000,0x0000,0x0000,0x0000,0x0000,0x0000,0x0000,0x0000,0x0000,0x0000,0x0000,0x0000,
    0x0000,0x0200,0x0000,0x0000,0x0000,0x0000,0x0000,0x0000,0x0000,0x0000,0x0000,0x0000,
    0x0000,0x0000,0x0000,0x0000,0x0000,0x0000,0x0000,0x0000,0x0000,0x0000,0x0000,0x0000,
    0x0000,0x0000,0x0000,0x0000,0x0000,0x0000,0x0000,0x0000,0x0000,0x0000,0x0000,0x0000,
    0x4331,0x29A4,0x0ACD,0xC9BC,0x4BD5,0x2108,0xA572,0x2EFF,0x0CF6,0x0CF6,0x2CF6,0x2CF6,
    0x2CF6,0x2CF6,0x2CF6,0x2CF6,0x2CF6,0x2CF6,0x2CF6,0x2CF6,0x2CF6,0x2CF6,0x2CF6,0x2CF6,
    0x2CF6,0x2CF6,0x2CF6,0x2CF6,0x2CF6,0x2CF6,0x2CF6,0x2CF6,0x2CF6,0x2CF6,0x2CF6,0x2CF6,
    0x2CF6,0x2CF6,0x2CF6,0x2CF6,0x2CF6,0x2CF6,0x0CF6,0x2CF6,0x2CF6,0x2CF6,0x2CF6,0xEBED,
    0xEBFD,0x6FFF,0x92FF,0x265A,0x0000,0x0000,0x0000,0x0000,0x0000,0x0000,0x0000,0x0000,
    0x0000,0x0000,0x0000,0x0000,0x0000,0x0000,0x0000,0x0000,0x0000,0x0000,0x0000,0x0000,
    0x0000,0x0000,0x0000,0x0000,0x0000,0x0000,0x0000,0x0000,0x0000,0x0000,0x0000,0x0000,
    0x0000,0x0000,0x0000,0x0000,0x0000,0x0000,0x0000,0x0000,0x0000,0x0000,0x0000,0x0000,
    0x0000,0x0000,0x0000,0x0000,0x0000,0x0000,0x0000,0x0000,0x0000,0x0000,0x0000,0x0000,
    0x0000,0x0000,0x0000,0x0000,0x0000,0x0000,0x0000,0x0000,0x0000,0x0000,0x0000,0x0000,
    0x0000,0x0000,0x0000,0x0000,0x0000,0x0000,0x0000,0x0100,0x0200,0x0200,0x0200,0x0200,
    0x0000,0x0000,0x0000,0x0000,0x0000,0x0000,0x0000,0x0000,0x0000,0x0000,0x0000,0x0000,
    0x0000,0x0000,0x0000,0x0000,0x0000,0x0000,0x0000,0x0000,0x0000,0x0000,0x0000,0x0000,
    0x0000,0x0000,0x0000,0x0000,0x0000,0x0000,0x277B,0x69AC,0x0100,0x2452,0xF0FF,0x0CF6,
    0x0CF6,0x2CF6,0x2CF6,0x2CF6,0x2CF6,0x2CF6,0x2CF6,0x2CF6,0x2CF6,0x2CF6,0x2CF6,0x2CF6,
    0x2CF6,0x2CF6,0x2CF6,0x2CF6,0x2CF6,0x2CF6,0x2CF6,0x2CF6,0x2CF6,0x2CF6,0x2CF6,0x2CF6,
    0x2CF6,0x2CF6,0x2CF6,0x2CF6,0x2CF6,0x2CF6,0x2CF6,0x2CF6,0x2CF6,0x2CF6,0x2CF6,0x2CF6,
    0x2CF6,0x0CF6,0x2CF6,0x2CF6,0x2CF6,0xEBF5,0x0BFE,0xF3FF,0x2DC5,0x2208,0x0000,0x0000,
    0x0000,0x0000,0x0000,0x0000,0x0000,0x0000,0x0000,0x0000,0x0000,0x0000,0x0000,0x0000,
    0x0000,0x0000,0x0000,0x0000,0x0000,0x0000,0x0000,0x0000,0x0000,0x0000,0x0000,0x0000,
    0x0000,0x0000,0x0000,0x0000,0x0000,0x0000,0x0000,0x0000,0x0000,0x0000,0x0000,0x0000,
    0x0000,0x0000,0x0000,0x0000,0x0000,0x0000,0x0000,0x0000,0x0000,0x0000,0x0000,0x0000,
    0x0000,0x0000,0x0000,0x0000,0x0000,0x0000,0x0000,0x0000,0x0000,0x0000,0x0000,0x0000,
    0x0000,0x0000,0x0000,0x0000,0x0000,0x0000,0x0000,0x0000,0x0000,0x2108,0x0100,0x2352,
    0xE2D5,0x21DE,0x0194,0x0100,0x0100,0x0000,0x0000,0x0000,0x0000,0x0000,0x0000,0x0000,
    0x0000,0x0000,0x0000,0x0000,0x0000,0x0000,0x0000,0x0000,0x0000,0x0000,0x0000,0x0000,
    0x0000,0x0000,0x0000,0x0000,0x0000,0x0000,0x0000,0x0000,0x0000,0x0000,0x0000,0x0000,
    0x0108,0x8DFE,0x4DFE,0x0CF6,0x2CF6,0x0CF6,0x2CF6,0x2CF6,0x2CF6,0x2CF6,0x2CF6,0x2CF6,
    0x2CF6,0x2CF6,0x2CF6,0x2CF6,0x2CF6,0x2CF6,0x2CF6,0x2CF6,0x2CF6,0x2CF6,0x2CF6,0x2CF6,
    0x2CF6,0x2CF6,0x2CF6,0x2CF6,0x2CF6,0x2CF6,0x2CF6,0x2CF6,0x2CF6,0x2CF6,0x2CF6,0x2CF6,
    0x2CF6,0x2CF6,0x2CF6,0x2CF6,0x2CF6,0x2CF6,0x2CF6,0x0CF6,0x2CF6,0x2CF6,0x0CF6,0xCBF5,
    0xEEFE,0xF4FF,0xE651,0x0000,0x0000,0x0000,0x0000,0x0000,0x0000,0x0000,0x0000,0x0000,
    0x0000,0x0000,0x0000,0x0000,0x0000,0x0000,0x0000,0x0000,0x0000,0x0000,0x0000,0x0000,
    0x0000,0x0000,0x0000,0x0000,0x0000,0x0000,0x0000,0x0000,0x0000,0x0000,0x0000,0x0000,
    0x0000,0x0000,0x0000,0x0000,0x0000,0x0000,0x0000,0x0000,0x0000,0x0000,0x0000,0x0000,
    0x0000,0x0000,0x0000,0x0000,0x0000,0x0000,0x0000,0x0000,0x0000,0x0000,0x0000,0x0000,
    0x0000,0x0000,0x0000,0x0000,0x0000,0x0000,0x0000,0x0000,0x0000,0x0000,0x0000,0x0000,
    0x0000,0x0100,0xA3AC,0xE1FF,0xE0FE,0xE0FE,0xC0FF,0x81FF,0x2110,0x0200,0x0000,0x0000,
    0x0000,0x0000,0x0000,0x0000,0x0000,0x0000,0x0000,0x0000,0x0000,0x0000,0x0000,0x0000,
    0x0000,0x0000,0x0000,0x0000,0x0000,0x0000,0x0000,0x0000,0x0000,0x0000,0x0000,0x0000,
    0x0000,0x0000,0x0000,0x0000,0xCAC4,0x4EFF,0xECF5,0x2CF6,0x2CF6,0x2CF6,0x2CF6,0x2CF6,
    0x2CF6,0x2CF6,0x2CF6,0x2CF6,0x2CF6,0x2CF6,0x2CF6,0x2CF6,0x2CF6,0x2CF6,0x2CF6,0x2CF6,
    0x2CF6,0x2CF6,0x2CF6,0x2CF6,0x2CF6,0x2CF6,0x2CF6,0x2CF6,0x2CF6,0x2CF6,0x2CF6,0x2CF6,
    0x2CF6,0x2CF6,0x2CF6,0x2CF6,0x2CF6,0x2CF6,0x2CF6,0x2CF6,0x2CF6,0x2CF6,0x2CF6,0x2CF6,
    0x0CF6,0x2CF6,0x2CF6,0x2CFE,0xECF5,0xEBF5,0xF2FF,0xCFDD,0x0000,0x0000,0x0000,0x0000,
    0x0000,0x0000,0x0000,0x0000,0x0000,0x0000,0x0000,0x0000,0x0000,0x0000,0x0000,0x0000,
    0x0000,0x0000,0x0000,0x0000,0x0000,0x0000,0x0000,0x0000,0x0000,0x0000,0x0000,0x0000,
    0x0000,0x0000,0x0000,0x0000,0x0000,0x0000,0x0000,0x0000,0x0000,0x0000,0x0000,0x0000,
    0x0000,0x0000,0x0000,0x0000,0x0000,0x0000,0x0000,0x0000,0x0000,0x0000,0x0000,0x0000,
    0x0000,0x0000,0x0000,0x0000,0x0000,0x0000,0x0000,0x0000,0x0000,0x0000,0x0000,0x0000,
    0x0000,0x0000,0x0000,0x0000,0x0100,0xE220,0xE1FF,0x60FE,0x40FE,0x20FE,0xC1ED,0xE1FF,
    0x61B4,0x0200,0x0000,0x0000,0x0000,0x0000,0x0000,0x0000,0x0000,0x0000,0x0000,0x0000,
    0x0000,0x0000,0x0000,0x0000,0x0000,0x0000,0x0000,0x0000,0x0000,0x0000,0x0000,0x0000,
    0x0000,0x0000,0x0000,0x0000,0x0000,0x0000,0x0000,0x4339,0x0EFF,0x0CF6,0x2CF6,0x0CF6,
    0x2CF6,0x2CF6,0x2CF6,0x2CF6,0x2CF6,0x2CF6,0x2CF6,0x2CF6,0x2CF6,0x2CF6,0x2CF6,0x2CF6,
    0x2CF6,0x2CF6,0x2CF6,0x0CF6,0x2CF6,0x0CF6,0x0CF6,0x2CF6,0x0CF6,0x2CF6,0x2CF6,0x2CF6,
    0x2CF6,0x2CF6,0x2CF6,0x2CF6,0x2CF6,0x2CF6,0x2CF6,0x2CF6,0x2CF6,0x2CF6,0x2CF6,0x2CF6,
    0x2CF6,0x2CF6,0x2CF6,0x2CF6,0x2CF6,0x2CF6,0x2CF6,0x0CF6,0x2CF6,0x0CF6,0xCBF5,0x2FFF,
    0x50EE,0x8539,0x0000,0x0000,0x0000,0x0000,0x0000,0x0000,0x0000,0x0000,0x0000,0x0000,
    0x0000,0x0000,0x0000,0x0000,0x0000,0x0000,0x0000,0x0000,0x0000,0x0000,0x0000,0x0000,
    0x0000,0x0000,0x0000,0x0000,0x0000,0x0000,0x0000,0x0000,0x0000,0x0000,0x0000,0x0000,
    0x0000,0x0000,0x0000,0x0000,0x0000,0x0000,0x0000,0x0000,0x0000,0x0000,0x0000,0x0000,
    0x0000,0x0000,0x0000,0x0000,0x0000,0x0000,0x0000,0x0000,0x0000,0x0000,0x0000,0x0000,
    0x0000,0x0000,0x0000,0x0000,0x0000,0x0000,0x0000,0x0000,0x0100,0x414A,0xE2FF,0x02EE,
    0x60FE,0x80FE,0x41F6,0x41FF,0xE0DC,0x0100,0xA210,0x0000,0x0000,0x0000,0x0000,0x0000,
    0x0000,0x0000,0x0000,0x0000,0x0000,0x0000,0x0000,0x0000,0x0000,0x0000,0x0000,0x0000,
    0x0000,0x0000,0x0000,0x0000,0x0000,0x0000,0x0000,0x0000,0x0000,0x0000,0x0000,0xA9BC,
    0x0EFF,0xECF5,0x2CF6,0x2CF6,0x2CF6,0x2CF6,0x2CF6,0x2CF6,0x2CF6,0x2CF6,0x2CF6,0x2CF6,
    0x2CF6,0x2CF6,0x2CF6,0x2CF6,0x2CF6,0x2CF6,0x2CF6,0x2CF6,0x0CF6,0xADFE,0x2CFE,0x0CF6,
    0x0CF6,0x2CF6,0x2CF6,0x2CF6,0x2CF6,0x2CF6,0x2CF6,0x2CF6,0x2CF6,0x2CF6,0x2CF6,0x2CF6,
    0x2CF6,0x2CF6,0x2CF6,0x2CF6,0x2CF6,0x2CF6,0x2CF6,0x2CF6,0x2CF6,0x2CF6,0x2CF6,0x2CF6,
    0x2CF6,0x2CF6,0x2CFE,0xEBF5,0xCDFE,0xF4FF,0xE649,0x0000,0x0000,0x0000,0x0000,0x0000,
    0x0000,0x0000,0x0000,0x0000,0x0000,0x0000,0x0000,0x0000,0x0000,0x0000,0x0000,0x0000,
    0x0000,0x0000,0x0000,0x0000,0x0000,0x0000,0x0000,0x0000,0x0000,0x0000,0x0000,0x0000,
    0x0000,0x0000,0x0000,0x0000,0x0000,0x0000,0x0000,0x0000,0x0000,0x0000,0x0000,0x0000,
    0x0000,0x0000,0x0000,0x0000,0x0000,0x0000,0x0000,0x0000,0x0000,0x0000,0x0000,0x0000,
    0x0000,0x0000,0x0000,0x0000,0x0000,0x0000,0x0000,0x0000,0x0000,0x0000,0x0000,0x0000,
    0x0200,0xA149,0xE1FF,0x42F6,0xA0FE,0x60FE,0x61EE,0xA0FE,0x80CB,0x0100,0xA218,0x0000,
    0x0000,0x0000,0x0000,0x0000,0x0000,0x0000,0x0000,0x0000,0x0000,0x0000,0x0000,0x0000,
    0x0000,0x0000,0x0000,0x0000,0x0000,0x0000,0x0000,0x0000,0x0000,0x0000,0x0000,0x0000,
    0x0000,0x0000,0x2331,0x2EFF,0x0CF6,0x0CF6,0x2CF6,0x2CF6,0x2CF6,0x2CF6,0x2CF6,0x2CF6,
    0x2CF6,0x2CF6,0x2CF6,0x2CF6,0x2CF6,0x2CF6,0x2CF6,0x2CF6,0x2CF6,0x2CF6,0x2CF6,0x0CF6,
    0x6DFE,0xA9BC,0x8DFE,0x2CFE,0x0CF6,0x2CF6,0x2CF6,0x2CF6,0x2CF6,0x2CF6,0x2CF6,0x2CF6,
    0x2CF6,0x2CF6,0x2CF6,0x2CF6,0x2CF6,0x2CF6,0x2CF6,0x2CF6,0x2CF6,0x2CF6,0x2CF6,0x2CF6,
    0x2CF6,0x2CF6,0x2CF6,0x2CF6,0x2CF6,0x0CF6,0x0CF6,0x2CFE,0xEBF5,0x2CFE,0xF3FF,0xA541,
    0x0000,0x0000,0x0000,0x0000,0x0000,0x0000,0x0000,0x0000,0x0000,0x0000,0x0000,0x0000,
    0x0000,0x0000,0x0000,0x0000,0x0000,0x0000,0x0000,0x0000,0x0000,0x0000,0x0000,0x0000,
    0x0000,0x0000,0x0000,0x0000,0x0000,0x0000,0x0000,0x0000,0x0000,0x0000,0x0000,0x0000,
    0x0000,0x0000,0x0000,0x0000,0x0000,0x0000,0x0000,0x0000,0x0000,0x0000,0x0000,0x0000,
    0x0000,0x0000,0x0000,0x0000,0x0000,0x0000,0x0000,0x0000,0x0000,0x0000,0x0000,0x0000,
    0x0000,0x0000,0x0000,0x0000,0x0000,0x0100,0xC1A3,0xA0FF,0xC0FE,0xA0F6,0x60FE,0x80FD,
    0x0149,0x0200,0x0000,0x0000,0x0000,0x0000,0x0000,0x0000,0x0000,0x0000,0x0000,0x0000,
    0x0000,0x0000,0x0000,0x0000,0x0000,0x0000,0x0000,0x0000,0x0000,0x0000,0x0000,0x0000,
    0x0000,0x0000,0x0000,0x0000,0x0000,0x0000,0x866A,0x4EFF,0xECF5,0x2CF6,0x2CF6,0x2CF6,
    0x2CF6,0x2CF6,0x2CF6,0x2CF6,0x2CF6,0x2CF6,0x2CF6,0x2CF6,0x2CF6,0x2CF6,0x2CF6,0x2CF6,
    0x2CF6,0x2CF6,0x2CF6,0xECF5,0x4EFF,0x0000,0xA89B,0x0EFF,0xECF5,0x2CF6,0x2CF6,0x2CF6,
    0x2CF6,0x0CF6,0x0CF6,0x2CF6,0x0CF6,0x0CF6,0x2CF6,0x0CF6,0x0CF6,0x2CF6,0x2CF6,0x2CF6,
    0x2CF6,0x2CF6,0x2CF6,0x2CF6,0x2CF6,0x2CF6,0x2CF6,0x2CF6,0x2CF6,0x2CF6,0x0CF6,0x0CF6,
    0x2CF6,0x0CF6,0x0BFE,0xF1FF,0xC549,0x0000,0x0000,0x0000,0x0000,0x0000,0x0000,0x0000,
    0x0000,0x0000,0x0000,0x0000,0x0000,0x0000,0x0000,0x0000,0x0000,0x0000,0x0000,0x0000,
    0x0000,0x0000,0x0000,0x0000,0x0000,0x0000,0x0000,0x0000,0x0000,0x0000,0x0000,0x0000,
    0x0000,0x0000,0x0000,0x0000,0x0000,0x0000,0x0000,0x0000,0x0000,0x0000,0x0000,0x0000,
    0x0000,0x0000,0x0000,0x0000,0x0000,0x0000,0x0000,0x0000,0x0000,0x0000,0x0000,0x0000,
    0x0000,0x0000,0x0000,0x0000,0x0000,0x0000,0x0000,0x0000,0x0000,0x2200,0x0100,0xE18A,
    0x60FD,0xC0FD,0x00F4,0x0149,0x0100,0x0000,0x0000,0x0000,0x0000,0x0000,0x0000,0x0000,
    0x0000,0x0000,0x0000,0x0000,0x0000,0x0000,0x0000,0x0000,0x0000,0x0000,0x0000,0x0000,
    0x0000,0x0000,0x0000,0x0000,0x0000,0x0000,0x0000,0x0000,0x0000,0x0000,0xCCE5,0xCDFE,
    0x0CF6,0x2CF6,0x2CF6,0x2CF6,0x2CF6,0x2CF6,0x2CF6,0x2CF6,0x2CF6,0x2CF6,0x2CF6,0x2CF6,
    0x2CF6,0x2CF6,0x2CF6,0x2CF6,0x2CF6,0x2CF6,0x2CF6,0xECF5,0x6FFF,0x2108,0x4783,0x2EFF,
    0xECF5,0x2CF6,0x2CF6,0x2CF6,0x2CF6,0x0CF6,0x2CF6,0x0CF6,0x4CFE,0x8DFE,0x0CF6,0x2CF6,
    0x2CF6,0x2CF6,0x2CF6,0x2CF6,0x2CF6,0x2CF6,0x2CF6,0x2CF6,0x2CF6,0x2CF6,0x2CF6,0x2CF6,
    0x2CF6,0x2CF6,0x2CF6,0x2CF6,0x0CF6,0x2CFE,0x0CF6,0x6CFE,0x8DFE,0xA66A,0x6210,0x0000,
    0x0000,0x0000,0x0000,0x0000,0x0000,0x0000,0x0000,0x0000,0x0000,0x0000,0x0000,0x0000,
    0x0000,0x0000,0x0000,0x0000,0x0000,0x0000,0x0000,0x0000,0x0000,0x0000,0x0000,0x0000,
    0x0000,0x0000,0x0000,0x0000,0x0000,0x0000,0x0000,0x0000,0x0000,0x0000,0x0000,0x0000,
    0x0000,0x0000,0x0000,0x0000,0x0000,0x0000,0x0000,0x0000,0x0000,0x0000,0x0000,0x0000,
    0x0000,0x0000,0x0000,0x0000,0x0000,0x0000,0x0000,0x0000,0x0000,0x0000,0x0000,0x0000,
    0x0000,0x0000,0x4108,0x0100,0x0100,0x8128,0x0100,0x0100,0x0000,0x0000,0x0000,0x0000,
    0x0000,0x0000,0x0000,0x0000,0x0000,0x0000,0x0000,0x0000,0x0000,0x0000,0x0000,0x0000,
    0x0000,0x0000,0x0000,0x0000,0x0000,0x0000,0x0000,0x0000,0x0000,0x0000,0x0000,0x0000,
    0x0000,0x0000,0x2AD5,0xCDFE,0xECF5,0x2CF6,0x2CF6,0x2CF6,0x2CF6,0x2CF6,0x2CF6,0x2CF6,
    0x2CF6,0x2CF6,0x2CF6,0x2CF6,0x2CF6,0x2CF6,0x2CF6,0x2CF6,0x2CF6,0x2CF6,0x2CF6,0xECF5,
    0xAFFF,0xE220,0xE8A3,0xEEFE,0xECF5,0x2CF6,0x2CF6,0x2CF6,0x2CF6,0x2CF6,0x0CF6,0xADFE,
    0x4DFE,0x2AD5,0x6DFE,0x0CF6,0x2CF6,0x2CF6,0x2CF6,0x2CF6,0x2CF6,0x2CF6,0x2CF6,0x2CF6,
    0x2CF6,0x2CF6,0x2CF6,0x2CF6,0x2CF6,0x2CF6,0x2CF6,0x2CF6,0x2CF6,0x0CF6,0xECF5,0x0CF6,
    0xCBED,0xF1FF,0x2EBD,0x0000,0x0000,0x0000,0x0000,0x0000,0x0000,0x0000,0x0000,0x0000,
    0x0000,0x0000,0x0000,0x0000,0x0000,0x0000,0x0000,0x0000,0x0000,0x0000,0x0000,0x0000,
    0x0000,0x0000,0x0000,0x0000,0x0000,0x0000,0x0000,0x0000,0x0000,0x0000,0x0000,0x0000,
    0x0000,0x0000,0x0000,0x0000,0x0000,0x0000,0x0000,0x0000,0x0000,0x0000,0x0000,0x0000,
    0x0000,0x0000,0x0000,0x0000,0x0000,0x0000,0x0000,0x0000,0x0000,0x0000,0x0000,0x0000,
    0x0000,0x0000,0x0000,0x0000,0x0000,0x0000,0x0000,0x0000,0x4208,0x0200,0x4108,0x0000,
    0x0000,0x0000,0x0000,0x0000,0x0000,0x0000,0x0000,0x0000,0x0000,0x0000,0x0000,0x0000,
    0x0000,0x0000,0x0000,0x0000,0x0000,0x0000,0x0000,0x0000,0x0000,0x0000,0x0000,0x0000,
    0x0000,0x0000,0x0000,0x0000,0x0000,0x0000,0x4BD5,0xCDFE,0xECF5,0x2CF6,0x2CF6,0x2CF6,
    0x2CF6,0x2CF6,0x2CF6,0x2CF6,0x2CF6,0x2CF6,0x2CF6,0x2CF6,0x2CF6,0x2CF6,0x2CF6,0x2CF6,
    0x2CF6,0x2CF6,0x0CF6,0x8DFE,0x4BD5,0xA220,0x4EFF,0x0CF6,0x2CF6,0x2CF6,0x2CF6,0x2CF6,
    0x2CF6,0x0CF6,0x4CFE,0xCEFE,0x0000,0x2331,0x4EFF,0xECF5,0x2CF6,0x2CF6,0x2CF6,0x2CF6,
    0x2CF6,0x2CF6,0x2CF6,0x2CF6,0x2CF6,0x2CF6,0x2CF6,0x2CF6,0x0CF6,0x2CF6,0x2CF6,0x0CF6,
    0x0CF6,0x6DFE,0x4EFF,0x2EFF,0xCDFE,0xA793,0x0100,0x8762,0xECBC,0x6BAC,0x8BAC,0x6CAC,
    0x0DC5,0xA541,0x0100,0x0000,0x0100,0x0000,0x0000,0x0000,0x0000,0x0000,0x0000,0x0000,
    0x0000,0x0000,0x0000,0x0000,0x0000,0x0000,0x0000,0x0000,0x0000,0x0000,0x0000,0x0000,
    0x0000,0x0000,0x0000,0x0000,0x0000,0x0000,0x0000,0x0000,0x0000,0x0000,0x0000,0x0000,
    0x0000,0x0000,0x0000,0x0000,0x0000,0x0000,0x0000,0x0000,0x0000,0x0000,0x0000,0x0000,
    0x0000,0x0000,0x0000,0x0000,0x0000,0x0000,0x0000,0x0000,0x0000,0x0000,0x0000,0x0000,
    0x0000,0x0000,0x0000,0x0000,0x0000,0x0000,0x0000,0x0000,0x0000,0x0000,0x0000,0x0000,
    0x0000,0x0000,0x0000,0x0000,0x0000,0x0000,0x0000,0x0000,0x0000,0x0000,0x0000,0x0000,
    0x0000,0x0000,0x0000,0x0000,0x0000,0x0000,0x0000,0x0000,0x0000,0x0000,0x4BD5,0xCDFE,
    0xECF5,0x2CF6,0x2CF6,0x2CF6,0x2CF6,0x2CF6,0x2CF6,0x2CF6,0x2CF6,0x2CF6,0x2CF6,0x2CF6,
    0x2CF6,0x2CF6,0x2CF6,0x2CF6,0x2CF6,0x2CF6,0xECF5,0xEEFE,0x69B4,0x0000,0x2EFF,0x0CF6,
    0x2CF6,0x2CF6,0x2CF6,0x2CF6,0x2CF6,0xECF5,0x6FFF,0x045A,0x0000,0x4FFF,0x2CFE,0x0CF6,
    0x2CF6,0x2CF6,0x2CF6,0x2CF6,0x2CF6,0x2CF6,0x2CF6,0x2CF6,0x2CF6,0x2CF6,0x2CF6,0x2CF6,
    0x0CF6,0x2CF6,0x0CF6,0x0CFE,0x0EFF,0xADFE,0x8341,0x4462,0x0DF6,0x2FF6,0xF5FF,0xD3FF,
    0xEDFE,0x2EFF,0x0EFF,0x4FFF,0x4FFF,0x2EFF,0x0FFF,0xE8A3,0x0000,0x0000,0xA220,0x2108,
    0x6439,0xE320,0x0000,0x0000,0x0000,0x0000,0x0000,0x0000,0x0000,0x0000,0x0000,0x0000,
    0x0000,0x0000,0x0000,0x0000,0x0000,0x0000,0x0000,0x0000,0x0000,0x0000,0x0000,0x0000,
    0x0000,0x0000,0x0000,0x0000,0x0000,0x0000,0x0000,0x0000,0x0000,0x0000,0x0000,0x0000,
    0x0000,0x0000,0x0000,0x0000,0x0000,0x0000,0x0000,0x0000,0x0000,0x0000,0x0000,0x0000,
    0x0000,0x0000,0x0000,0x0000,0x0000,0x0000,0x0000,0x0000,0x0000,0x0000,0x0000,0x0000,
    0x0000,0x0000,0x0000,0x0000,0x0000,0x0000,0x0000,0x0000,0x0000,0x0000,0x0000,0x0000,
    0x0000,0x0000,0x0000,0x0000,0x0000,0x0000,0x0000,0x0000,0x0000,0x0000,0x0000,0x0000,
    0x0000,0x0000,0x4BD5,0xCDFE,0xECF5,0x2CF6,0x2CF6,0x2CF6,0x2CF6,0x2CF6,0x2CF6,0x2CF6,
    0x2CF6,0x2CF6,0x2CF6,0x2CF6,0x2CF6,0x2CF6,0x2CF6,0x2CF6,0x2CF6,0x2CF6,0xECF5,0xEEFE,
    0x69B4,0xC449,0x2EFF,0x0CF6,0x2CF6,0x2CF6,0x2CF6,0x2CF6,0x0CF6,0x6DFE,0x6DFE,0x0000,
    0xCABC,0x0EFF,0xECF5,0x2CF6,0x2CF6,0x2CF6,0x2CF6,0x2CF6,0x2CF6,0x2CF6,0x2CF6,0x2CF6,
    0x2CF6,0x2CF6,0x2CF6,0x2CF6,0x2CF6,0x0CF6,0x4CFE,0x8FFF,0x49B4,0x0000,0x2200,0x4A7B,
    0x2652,0x0000,0xA541,0xF4FF,0x6CFE,0xABED,0xECF5,0xEBF5,0xEBF5,0x0CF6,0x2CFE,0x8FFF,
    0x8BE5,0x8441,0x0000,0x0000,0x0873,0xF6FF,0xEDC4,0xE872,0x0000,0x0000,0x0000,0x0000,
    0x0000,0x0000,0x0000,0x0000,0x0000,0x0000,0x0000,0x0000,0x0000,0x0000,0x0000,0x0000,
    0x0000,0x0000,0x0000,0x0000,0x0000,0x0000,0x0000,0x0000,0x0000,0x0000,0x0000,0x0000,
    0x0000,0x0000,0x0000,0x0000,0x0000,0x0000,0x0000,0x0000,0x0000,0x0000,0x0000,0x0000,
    0x0000,0x0000,0x0000,0x0000,0x0000,0x0000,0x0000,0x0000,0x0000,0x0000,0x0000,0x0000,
    0x0000,0x0000,0x0000,0x0000,0x0000,0x0000,0x0000,0x0000,0x0000,0x0000,0x0000,0x0000,
    0x0000,0x0000,0x0000,0x0000,0x0000,0x0000,0x0000,0x0000,0x0000,0x0000,0x0000,0x0000,
    0x0000,0x0000,0x0000,0x0000,0x0000,0x0000,0x4BD5,0xCDFE,0xECF5,0x2CF6,0x2CF6,0x2CF6,
    0x2CF6,0x2CF6,0x2CF6,0x2CF6,0x2CF6,0x2CF6,0x2CF6,0x2CF6,0x2CF6,0x2CF6,0x2CF6,0x2CF6,
    0x2CF6,0x2CF6,0xECF5,0x8FFF,0x0100,0x69AC,0x0EFF,0xECF5,0x2CF6,0x2CF6,0x2CF6,0x2CF6,
    0xECF5,0x6FFF,0x255A,0x0000,0x6FFF,0x0CF6,0x2CF6,0x2CF6,0x2CF6,0x2CF6,0x2CF6,0x2CF6,
    0x2CF6,0x2CF6,0x2CF6,0x2CF6,0x2CF6,0x2CF6,0x2CF6,0x2CF6,0xECF5,0x8DFE,0x2EFF,0x4110,
    0x0000,0x4AAC,0xF2FF,0xD2FF,0xD4FF,0x50EE,0xC220,0xE420,0xACE5,0x2EFF,0x0CF6,0x2CFE,
    0x2CF6,0x2CF6,0x0CF6,0xECF5,0xCDFE,0x4EFF,0x2783,0xE451,0x0000,0x2652,0xF5FF,0xF6FF,
    0x0652,0x0000,0x0000,0x0000,0x0000,0x0000,0x0000,0x0000,0x0000,0x0000,0x0000,0x0000,
    0x0000,0x0000,0x0000,0x0000,0x0000,0x0000,0x0000,0x0000,0x0000,0x0000,0x0000,0x0000,
    0x0000,0x0000,0x0000,0x0000,0x0000,0x0000,0x0000,0x0000,0x0000,0x0000,0x0000,0x0000,
    0x0000,0x0000,0x0000,0x0000,0x0000,0x0000,0x0000,0x0000,0x0000,0x0000,0x0000,0x0000,
    0x0000,0x0000,0x0000,0x0000,0x0000,0x0000,0x0000,0x0000,0x0000,0x0000,0x0000,0x0000,
    0x0000,0x0000,0x0000,0x0000,0x0000,0x0000,0x0000,0x0000,0x0000,0x0000,0x0000,0x0000,
    0x0000,0x0000,0x0000,0x0000,0x0000,0x0000,0x0000,0x0000,0x0000,0x0000,0x4BD5,0xCDFE,
    0xECF5,0x2CF6,0x2CF6,0x2CF6,0x2CF6,0x2CF6,0x2CF6,0x2CF6,0x2CF6,0x2CF6,0x2CF6,0x2CF6,
    0x2CF6,0x2CF6,0x2CF6,0x2CF6,0x2CF6,0x0CF6,0x6DFE,0xCBED,0x4331,0xADFE,0x2CFE,0x0CF6,
    0x2CF6,0x2CF6,0x2CF6,0x0CF6,0x6DFE,0x6CFE,0x0000,0xA9B4,0x0EFF,0xECF5,0x2CF6,0x2CF6,
    0x2CF6,0x2CF6,0x2CF6,0x2CF6,0x2CF6,0x2CF6,0x2CF6,0x2CF6,0x2CF6,0x2CF6,0x2CF6,0xECF5,
    0x2EFF,0x0EFF,0x0000,0x6110,0xCDFE,0xEDFE,0x0BFE,0xCBED,0x0CF6,0xF0FE,0xF6FF,0x297B,
    0x0000,0x89BC,0xADFE,0x0CF6,0x2CF6,0x2CF6,0x2CF6,0x2CFE,0xECF5,0x0CF6,0x2EFF,0x6FFF,
    0x0ACD,0xE228,0x93FF,0xA993,0xCFDD,0xA76A,0x0000,0x0000,0x0000,0x0000,0x0000,0x0000,
    0x0000,0x0000,0x0000,0x0000,0x0000,0x0000,0x0000,0x0000,0x0000,0x0000,0x0000,0x0000,
    0x0000,0x0000,0x0000,0x0000,0x0000,0x0000,0x0000,0x0000,0x0000,0x0000,0x0000,0x0000,
    0x0000,0x0000,0x0000,0x0000,0x0000,0x0000,0x0000,0x0000,0x0000,0x0000,0x0000,0x0000,
    0x0000,0x0000,0x0000,0x0000,0x0000,0x0000,0x0000,0x0000,0x0000,0x0000,0x0000,0x0000,
    0x0000,0x0000,0x0000,0x0000,0x0000,0x0000,0x0000,0x0000,0x0000,0x0000,0x0000,0x0000,
    0x0000,0x0000,0x0000,0x0000,0x0000,0x0000,0x0000,0x0000,0x0000,0x0000,0x0000,0x0000,
    0x0000,0x0000,0x2AD5,0xCDFE,0xECF5,0x2CF6,0x2CF6,0x2CF6,0x2CF6,0x2CF6,0x2CF6,0x2CF6,
    0x2CF6,0x2CF6,0x2CF6,0x2CF6,0x2CF6,0x2CF6,0x2CF6,0x2CF6,0x2CF6,0xECF5,0x2EFF,0xE89B,
    0x0000,0x8FFF,0xECF5,0x2CF6,0x2CF6,0x0CF6,0x2CFE,0xCBED,0xCFFF,0x255A,0x0000,0x6FFF,
    0x0CF6,0x2CF6,0x2CF6,0x2CF6,0x2CF6,0x2CF6,0x2CF6,0x2CF6,0x2CF6,0x2CF6,0x2CF6,0x0CF6,
    0x2CF6,0x2CF6,0xECF5,0x8FFF,0x678B,0x0000,0x08A4,0x0EFF,0x8DFE,0x8BE5,0x8BE5,0x0CF6,
    0x2CFE,0xEBF5,0xABF5,0xF4FF,0x0B94,0x48B4,0xADFE,0x0CF6,0x2CF6,0x2CF6,0x2CF6,0x2CF6,
    0x2CF6,0x0CF6,0xECED,0x0CF6,0xCDFE,0x2EFF,0x2CFE,0xEDFE,0xA572,0xF0E5,0xC649,0x0000,
    0x0000,0x0000,0x0000,0x0000,0x0000,0x0000,0x0000,0x0000,0x0000,0x0000,0x0000,0x0000,
    0x0000,0x0000,0x0000,0x0000,0x0000,0x0000,0x0000,0x0000,0x0000,0x0000,0x0000,0x0000,
    0x0000,0x0000,0x0000,0x0000,0x0000,0x0000,0x0000,0x0000,0x0000,0x0000,0x0000,0x0000,
    0x0000,0x0000,0x0000,0x0000,0x0000,0x0000,0x0000,0x0000,0x0000,0x0000,0x0000,0x0000,
    0x0000,0x0000,0x0000,0x0000,0x0000,0x0000,0x0000,0x0000,0x0000,0x0000,0x0000,0x0000,
    0x0000,0x0000,0x0000,0x0000,0x0000,0x0000,0x0000,0x0000,0x0000,0x0000,0x0000,0x0000,
    0x0000,0x0000,0x0000,0x0000,0x0000,0x0000,0x4BD5,0xEEFE,0xECF5,0x2CF6,0x2CF6,0x2CF6,
    0x2CF6,0x2CF6,0x2CF6,0x2CF6,0x2CF6,0x2CF6,0x2CF6,0x2CF6,0x2CF6,0x2CF6,0x2CF6,0x2CF6,
    0x2CF6,0xECF5,0x6FFF,0x8218,0x678B,0x0EFF,0xECF5,0x2CF6,0x2CF6,0x2CF6,0xECF5,0xEEFE,
    0xEEE5,0x0000,0xA9BC,0x0EFF,0xECF5,0x2CF6,0x2CF6,0x2CF6,0x2CF6,0x2CF6,0x2CF6,0x2CF6,
    0x2CF6,0x2CF6,0x0CF6,0x2CF6,0x0CF6,0xECF5,0x8FFF,0xC89B,0x0000,0x89B4,0x2EFF,0x0ACD,
    0x4BD5,0x2ACD,0x4BD5,0xEBED,0x0CF6,0x2DFE,0xEBF5,0x4FFE,0x53FF,0x8DFE,0x0CF6,0x2CF6,
    0x2CF6,0x2CF6,0x2CF6,0x2CF6,0x2CF6,0x2CF6,0x2CF6,0x0CF6,0x0CF6,0xECF5,0xECF5,0x6FFF,
    0xA46A,0xC310,0xF5FF,0x4339,0x0000,0x0000,0x0000,0x0000,0x0000,0x0000,0x0000,0x0000,
    0x0000,0x0000,0x0000,0x0000,0x0000,0x0000,0x0000,0x0000,0x0000,0x0000,0x0000,0x0000,
    0x0000,0x0000,0x0000,0x0000,0x0000,0x0000,0x0000,0x0000,0x0000,0x0000,0x0000,0x0000,
    0x0000,0x0000,0x0000,0x0000,0x0000,0x0000,0x0000,0x0000,0x0000,0x0000,0x0000,0x0000,
    0x0000,0x0000,0x0000,0x0000,0x0000,0x0000,0x0000,0x0000,0x0000,0x0000,0x0000,0x0000,
    0x0000,0x0000,0x0000,0x0000,0x0000,0x0000,0x0000,0x0000,0x0000,0x0000,0x0000,0x0000,
    0x0000,0x0000,0x0000,0x0000,0x0000,0x0000,0x0000,0x0000,0x0000,0x0000,0xCAC4,0x0EFF,
    0xECF5,0x2CF6,0x2CF6,0x2CF6,0x2CF6,0x2CF6,0x2CF6,0x2CF6,0x2CF6,0x2CF6,0x2CF6,0x2CF6,
    0x2CF6,0x2CF6,0x2CF6,0x2CF6,0xECF5,0x0EFF,0xCABC,0x0000,0x0EFF,0x2CFE,0x0CF6,0x2CF6,
    0x2CF6,0x0CF6,0x8CFE,0x6EF6,0x0000,0x6110,0x4FFF,0x0CF6,0x2CF6,0x2CF6,0x2CF6,0x2CF6,
    0x2CF6,0x2CF6,0x2CF6,0x2CF6,0x2CF6,0x2CF6,0x2CF6,0x2CF6,0x0CF6,0x8FFF,0x678B,0x0000,
    0x8DFE,0x6DFE,0xEAC4,0x2AD5,0x4BD5,0x4BD5,0x2AD5,0x6BDD,0x0CF6,0x2CFE,0x0BF6,0x6FFE,
    0x13FF,0x4CFE,0x0CF6,0x2CF6,0x0CF6,0x2CF6,0x2CF6,0x2CF6,0x2CF6,0x2CF6,0x2CF6,0x2CF6,
    0x2CF6,0x2CF6,0x0CF6,0x6DFE,0xCBED,0x0000,0xCCED,0x8DFE,0x0000,0x0000,0x0000,0x0000,
    0x0000,0x0000,0x0000,0x0000,0x0000,0x0000,0x0000,0x0000,0x0000,0x0000,0x0000,0x0000,
    0x0000,0x0000,0x0000,0x0000,0x0000,0x0000,0x0000,0x0000,0x0000,0x0000,0x0000,0x0000,
    0x0000,0x0000,0x0000,0x0000,0x0000,0x0000,0x0000,0x0000,0x0000,0x0000,0x0000,0x0000,
    0x0000,0x0000,0x0000,0x0000,0x0000,0x0000,0x0000,0x0000,0x0000,0x0000,0x0000,0x0000,
    0x0000,0x0000,0x0000,0x0000,0x0000,0x0000,0x0000,0x0000,0x0000,0x0000,0x0000,0x0000,
    0x0000,0x0000,0x0000,0x0000,0x0000,0x0000,0x0000,0x0000,0x0000,0x0000,0x0000,0x0000,
    0x0000,0x0000,0xE328,0x6FFF,0xECF5,0x2CF6,0x2CF6,0x2CF6,0x2CF6,0x2CF6,0x2CF6,0x2CF6,
    0x2CF6,0x2CF6,0x2CF6,0x2CF6,0x2CF6,0x2CF6,0x2CF6,0x0CF6,0x2CFE,0x0EFF,0x8118,0x4883,
    0x92FF,0x0BF6,0x2CF6,0x0CF6,0x0CF6,0xEBF5,0x50FF,0x0652,0x0000,0x8DFE,0x6DFE,0x0CF6,
    0x2CF6,0x2CF6,0x2CF6,0x2CF6,0x2CF6,0x2CF6,0x2CF6,0x2CF6,0x2CF6,0x0CF6,0x2CF6,0xECF5,
    0xEDFE,0xC79B,0x0000,0x2EC5,0x4DFE,0xCAC4,0x4BD5,0x4BD5,0x4BD5,0x4BD5,0x2AD5,0x71F6,
    0x0DF6,0x2CFE,0x0CF6,0xCDFE,0x91F6,0x8BE5,0x4CFE,0x0CF6,0x2CF6,0x2CF6,0x2CF6,0x2CF6,
    0x2CF6,0x2CF6,0x2CF6,0x2CF6,0x2CF6,0x2CF6,0x2CF6,0xECF5,0x6FFF,0x455A,0x0000,0x6FFF,
    0x4339,0x0000,0x0000,0x0000,0x0000,0x0000,0x0000,0x0000,0x0000,0x0000,0x0000,0x0000,
    0x0000,0x0000,0x0000,0x0000,0x0000,0x0000,0x0000,0x0000,0x0000,0x0000,0x0000,0x0000,
    0x0000,0x0000,0x0000,0x0000,0x0000,0x0000,0x0000,0x0000,0x0000,0x0000,0x0000,0x0000,
    0x0000,0x0000,0x0000,0x0000,0x0000,0x0000,0x0000,0x0000,0x0000,0x0000,0x0000,0x0000,
    0x0000,0x0000,0x0000,0x0000,0x0000,0x0000,0x0000,0x0000,0x0000,0x0000,0x0000,0x0000,
    0x0000,0x0000,0x0000,0x0000,0x0000,0x0000,0x0000,0x0000,0x0000,0x0000,0x0000,0x0000,
    0x0000,0x0000,0x0000,0x0000,0x0000,0x0000,0xA449,0x4EFF,0x0CF6,0x2CF6,0x2CF6,0x2CF6,
    0x2CF6,0x2CF6,0x2CF6,0x2CF6,0x2CF6,0x2CF6,0x2CF6,0x2CF6,0x2CF6,0x2CF6,0x2CFE,0xCCED,
    0xF0FF,0x4562,0x8218,0xEDFE,0x4DCD,0x2EEE,0x4CFE,0x4CFE,0x4CFE,0xF1FE,0xAFFE,0x0000,
    0xCABC,0x6FFF,0xECF5,0x2CF6,0x2CF6,0x2CF6,0x2CF6,0x2CF6,0x2CF6,0x2CF6,0x2CF6,0x2CF6,
    0x2CF6,0x2CF6,0xECF5,0xEEFE,0x90F6,0x0000,0xD1FE,0xECED,0x2AD5,0x4BD5,0x4BD5,0x4BD5,
    0x4BD5,0x4BD5,0x2AD5,0x8DDD,0x2DFE,0xEBF5,0x0EFF,0x69AC,0x0000,0x28AC,0xADFE,0x0CF6,
    0x2CF6,0x2CF6,0x2CF6,0x2CF6,0x2CF6,0x2CF6,0x2CF6,0x2CF6,0x2CF6,0x0CF6,0x0CF6,0x2CF6,
    0x0CF6,0xF0FF,0x0000,0xE89B,0x28AC,0x0000,0x0000,0x0000,0x0000,0x0000,0x0000,0x0000,
    0x0000,0x0000,0x0000,0x0000,0x0000,0x0000,0x0000,0x0000,0x0000,0x0000,0x0000,0x0000,
    0x0000,0x0000,0x0000,0x0000,0x0000,0x0000,0x0000,0x0000,0x0000,0x0000,0x0000,0x0000,
    0x0000,0x0000,0x0000,0x0000,0x0000,0x0000,0x0000,0x0000,0x0000,0x0000,0x0000,0x0000,
    0x0000,0x0000,0x0000,0x0000,0x0000,0x0000,0x0000,0x0000,0x0000,0x0000,0x0000,0x0000,
    0x0000,0x0000,0x0000,0x0000,0x0000,0x0000,0x0000,0x0000,0x0000,0x0000,0x0000,0x0000,
    0x0000,0x0000,0x0000,0x0000,0x0000,0x0000,0x0000,0x0000,0x0000,0x0000,0x0000,0xEACC,
    0xEEFE,0xECF5,0x2CF6,0x2CF6,0x2CF6,0x2CF6,0x2CF6,0x2CF6,0x2CF6,0x2CF6,0x2CF6,0x2CF6,
    0x2CF6,0x2CFE,0xECF5,0x4EFF,0xCAC4,0x0000,0xEAC4,0xABE5,0x2AD5,0xEAC4,0x6CD5,0x6BDD,
    0x6CD5,0xB0FE,0xA793,0x0000,0x0CF6,0x6DFE,0x0CF6,0x2CF6,0x2CF6,0x2CF6,0x2CF6,0x2CF6,
    0x2CF6,0x2CF6,0x2CF6,0x2CF6,0x2CF6,0x0CF6,0x4CFE,0xCEFE,0x4208,0xA993,0x0CF6,0x0ACD,
    0x4BD5,0x4BD5,0x4BD5,0x4BD5,0x4BD5,0x4BD5,0x2AD5,0x6DD5,0x6EFE,0x2CFE,0x2EFF,0x0000,
    0xE89B,0x6FFF,0x0CF6,0x2CF6,0x2CF6,0x2CF6,0x2CF6,0x2CF6,0x2CF6,0x2CF6,0x0CF6,0x2CF6,
    0x0CF6,0x2CF6,0x2CF6,0x2CF6,0x0CF6,0xADFE,0x4BDD,0xA218,0xCFFF,0xE451,0x0000,0x0000,
    0x0000,0x0000,0x0000,0x0000,0x0000,0x0000,0x0000,0x0000,0x0000,0x0000,0x0000,0x0000,
    0x0000,0x0000,0x0000,0x0000,0x0000,0x0000,0x0000,0x0000,0x0000,0x0000,0x0000,0x0000,
    0x0000,0x0000,0x0000,0x0000,0x0000,0x0000,0x0000,0x0000,0x0000,0x0000,0x0000,0x0000,
    0x0000,0x0000,0x0000,0x0000,0x0000,0x0000,0x0000,0x0000,0x0000,0x0000,0x0000,0x0000,
    0x0000,0x0000,0x0000,0x0000,0x0000,0x0000,0x0000,0x0000,0x0000,0x0000,0x0000,0x0000,
    0x0000,0x0000,0x0000,0x0000,0x0000,0x0000,0x0000,0x0000,0x0000,0x0000,0x0000,0x0000,
    0x0000,0x0000,0x0000,0x8441,0x2EFF,0x0CF6,0x2CF6,0x2CF6,0x2CF6,0x2CF6,0x2CF6,0x2CF6,
    0x2CF6,0x2CF6,0x2CF6,0x2CF6,0x0CF6,0xCCED,0x4EFF,0x6BDD,0x0000,0x067B,0xCAC4,0x29A4,
    0x8AB4,0x2ACD,0x4AD5,0x0ACD,0x0ACD,0x2BFE,0x0000,0x655A,0x8FFF,0xECF5,0x2CF6,0x2CF6,
    0x2CF6,0x2CF6,0x2CF6,0x2CF6,0x2CF6,0x0CF6,0x2CF6,0x0CF6,0x0CF6,0xECF5,0x8FFF,0x6339,
    0x0000,0x2AD5,0x4AD5,0x4BD5,0x4BD5,0x4BD5,0x4BD5,0x4BD5,0x4BD5,0x4BD5,0x2AD5,0x6CD5,
    0x4DFE,0xEDFE,0xA79B,0x8310,0x8FFF,0x0CF6,0x2CF6,0x2CF6,0x2CF6,0x2CF6,0x2CF6,0x2CF6,
    0x2CF6,0x2CF6,0x0CF6,0x2CF6,0x2CFE,0x0CF6,0x2CF6,0x2CFE,0x0CF6,0xCCED,0xCFFF,0x4108,
    0xA893,0xCCED,0x0000,0x0000,0x0000,0x0000,0x0000,0x0000,0x0000,0x0000,0x0000,0x0000,
    0x0000,0x0000,0x0000,0x0000,0x0000,0x0000,0x0000,0x0000,0x0000,0x0000,0x0000,0x0000,
    0x0000,0x0000,0x0000,0x0000,0x0000,0x0000,0x0000,0x0000,0x0000,0x0000,0x0000,0x0000,
    0x0000,0x0000,0x0000,0x0000,0x0000,0x0000,0x0000,0x0000,0x0000,0x0000,0x0000,0x0000,
    0x0000,0x0000,0x0000,0x0000,0x0000,0x0000,0x0000,0x0000,0x0000,0x0000,0x0000,0x0000,
    0x0000,0x0000,0x0000,0x0000,0x0000,0x0000,0x0000,0x0000,0x0000,0x0000,0x0000,0x0000,
    0x0000,0x0000,0x0000,0x0000,0x0000,0x0000,0x0000,0x0000,0xEAC4,0xEEFE,0xECF5,0x2CF6,
    0x2CF6,0x2CF6,0x2CF6,0x2CF6,0x2CF6,0x2CF6,0x2CF6,0x0CF6,0x8DFE,0xCFFF,0xEACC,0x0000,
    0x0000,0xCABC,0xEAC4,0x49AC,0x29A4,0x08A4,0xEAC4,0x8BDD,0x4CFE,0xC89B,0x0000,0x8DFE,
    0x6DFE,0x0CF6,0x2CF6,0x2CF6,0x2CF6,0x2CF6,0x2CF6,0x0CF6,0x0CF6,0x2CF6,0x0CF6,0x4CFE,
    0xADFE,0xCDFE,0x2AD5,0x0000,0xEAC4,0xEAC4,0x6BDD,0x4BD5,0x4BD5,0x4BD5,0x4BD5,0x4BD5,
    0x4BD5,0x4BD5,0x0AD5,0x50EE,0x0DF6,0xAFFF,0x4108,0xE77A,0x4EFF,0xECF5,0x2CF6,0x2CF6,
    0x2CF6,0x2CF6,0x2CF6,0x2CF6,0x2CF6,0x0CF6,0x0CF6,0x2CFE,0xCBED,0xABE5,0x0CFE,0x0CF6,
    0x8AE5,0xAAED,0xEEFE,0x08A4,0x0000,0x8DFE,0x0000,0x0000,0x0000,0x0000,0x0000,0x0000,
    0x0000,0x0000,0x0000,0x0000,0x0000,0x0000,0x0000,0x0000,0x0000,0x0000,0x0000,0x0000,
    0x0000,0x0000,0x0000,0x0000,0x0000,0x0000,0x0000,0x0000,0x0000,0x0000,0x0000,0x0000,
    0x0000,0x0000,0x0000,0x0000,0x0000,0x0000,0x0000,0x0000,0x0000,0x0000,0x0000,0x0000,
    0x0000,0x0000,0x0000,0x0000,0x0000,0x0000,0x0000,0x0000,0x0000,0x0000,0x0000,0x0000,
    0x0000,0x0000,0x0000,0x0000,0x0000,0x0000,0x0000,0x0000,0x0000,0x0000,0x0000,0x0000,
    0x0000,0x0000,0x0000,0x0000,0x0000,0x0000,0x0000,0x0000,0x0000,0x0000,0x0000,0x0000,
    0x2331,0x8FFF,0x0CF6,0x2CF6,0x2CF6,0x2CF6,0x2CF6,0x0CF6,0x2CF6,0x2CF6,0xECF5,0x0EFF,
    0xECED,0x2339,0x0100,0xA893,0x6110,0x0000,0x678B,0xE89B,0x4BD5,0xCABC,0x49AC,0x49AC,
    0xCCE5,0xC449,0x0221,0xAFFF,0xECF5,0x2CF6,0x2CF6,0x2CF6,0x2CF6,0x2CF6,0x2CF6,0x0CF6,
    0x2CF6,0xECF5,0xADFE,0x8DFE,0x69B4,0xEEFE,0x0ACD,0x0000,0x4BD5,0x4AD5,0x6BDD,0x4BD5,
    0x4BD5,0x4BD5,0x4BD5,0x4BD5,0x4BD5,0x4AD5,0x4AD5,0x51EE,0x4DFE,0x8CFE,0x4431,0xADE5,
    0x6CFE,0x0CF6,0x2CF6,0x2CF6,0x2CF6,0x2CF6,0x2CF6,0x2CF6,0x2CF6,0x2CF6,0x0CF6,0x2CFE,
    0x0DF6,0xCCE5,0xEDED,0xA9ED,0x51EE,0xB2FE,0x0BFE,0x0EFF,0x2331,0x0ACD,0xA218,0x0000,
    0x0000,0x0000,0x0000,0x0000,0x0000,0x0000,0x0000,0x0000,0x0000,0x0000,0x0000,0x0000,
    0x0000,0x0000,0x0000,0x0000,0x0000,0x0000,0x0000,0x0000,0x0000,0x0000,0x0000,0x0000,
    0x0000,0x0000,0x0000,0x0000,0x0000,0x0000,0x0000,0x0000,0x0000,0x0000,0x0000,0x0000,
    0x0000,0x0000,0x0000,0x0000,0x0000,0x0000,0x0000,0x0000,0x0000,0x0000,0x0000,0x0000,
    0x0000,0x0000,0x0000,0x0000,0x0000,0x0000,0x0000,0x0000,0x0000,0x0000,0x0000,0x0000,
    0x0000,0x0000,0x0000,0x0000,0x0000,0x0000,0x0000,0x0000,0x0000,0x0000,0x0000,0x0000,
    0x0000,0x0000,0x0000,0x0000,0x0000,0x69B4,0xEEFE,0xECF5,0x2CF6,0x2CF6,0x2CF6,0x2CF6,
    0x2CF6,0x0CF6,0x6FFF,0x69B4,0x0000,0x8441,0xAABC,0x4BD5,0x0ACD,0x277B,0x0000,0x0000,
    0x8218,0x077B,0x0ACD,0xEAC4,0x0ACD,0x0000,0x49AC,0xCEFE,0x0CF6,0x2CF6,0x2CF6,0x2CF6,
    0x2CF6,0x2CF6,0x2CF6,0x2CF6,0x0CF6,0xADFE,0xEEFE,0x0000,0x0000,0x6BDD,0xCAC4,0x0000,
    0x2BCD,0xABE5,0x4BD5,0x4BD5,0x4BD5,0x4BD5,0x4BD5,0x4BD5,0x4BD5,0x0AD5,0xCEE5,0x50F6,
    0x8CFE,0x2AD5,0x0100,0x70FF,0x0BF6,0x2CF6,0x2CF6,0x2CF6,0x2CF6,0x2CF6,0x2CF6,0x0CF6,
    0x2CF6,0x2CF6,0x0BF6,0x4EFE,0x78FF,0xF6F6,0xF5F6,0x51EE,0xF6F6,0xD3FE,0xAAED,0x8FFF,
    0x2331,0x678B,0xA893,0x0000,0x0000,0x0000,0x0000,0x0000,0x0000,0x0000,0x0000,0x0000,
    0x0000,0x0000,0x0000,0x0000,0x0000,0x0000,0x0000,0x0000,0x0000,0x0000,0x0000,0x0000,
    0x0000,0x0000,0x0000,0x0000,0x0000,0x0000,0x0000,0x0000,0x0000,0x0000,0x0000,0x0000,
    0x0000,0x0000,0x0000,0x0000,0x0000,0x0000,0x0000,0x0000,0x0000,0x0000,0x0000,0x0000,
    0x0000,0x0000,0x0000,0x0000,0x0000,0x0000,0x0000,0x0000,0x0000,0x0000,0x0000,0x0000,
    0x0000,0x0000,0x0000,0x0000,0x0000,0x0000,0x0000,0x0000,0x0000,0x0000,0x0000,0x0000,
    0x0000,0x0000,0x0000,0x0000,0x0000,0x0000,0x0000,0x0000,0x0000,0x089C,0x4EFF,0xECF5,
    0x2CF6,0x2CF6,0x2CF6,0x2CF6,0x0CF6,0xEEFE,0x69B4,0x0000,0xEAC4,0x4BD5,0x89B4,0x29AC,
    0x49AC,0x0AC5,0x2ACD,0xEAC4,0xA441,0x0000,0x8218,0xC89B,0x277B,0x0229,0x2EFF,0x2CFE,
    0x0CF6,0x2CF6,0x2CF6,0x2CF6,0x2CF6,0x2CF6,0x2CF6,0x0CF6,0x4CFE,0xADFE,0x0000,0xA218,
    0x8DFE,0xECED,0x89BC,0x0000,0x6562,0xCCED,0x4AD5,0x4BD5,0x4BD5,0x4BD5,0x4BD5,0x4BD5,
    0x4BD5,0x2AD5,0xADDD,0x70F6,0x6CFE,0xEBF5,0xA318,0xAFFE,0x2BFE,0x2CF6,0x0CF6,0x0CF6,
    0x0CF6,0x2CF6,0xECF5,0x0CF6,0xECF5,0xECF5,0x2CF6,0x0BF6,0x4DFE,0x72EE,0xF5FE,0x57FF,
    0x72EE,0xEAF5,0x2CFE,0xEEFE,0x89B4,0xE67A,0x067B,0x0000,0x0000,0x0000,0x0000,0x0000,
    0x0000,0x0000,0x0000,0x0000,0x0000,0x0000,0x0000,0x0000,0x0000,0x0000,0x0000,0x0000,
    0x0000,0x0000,0x0000,0x0000,0x0000,0x0000,0x0000,0x0000,0x0000,0x0000,0x0000,0x0000,
    0x0000,0x0000,0x0000,0x0000,0x0000,0x0000,0x0000,0x0000,0x0000,0x0000,0x0000,0x0000,
    0x0000,0x0000,0x0000,0x0000,0x0000,0x0000,0x0000,0x0000,0x0000,0x0000,0x0000,0x0000,
    0x0000,0x0000,0x0000,0x0000,0x0000,0x0000,0x0000,0x0000,0x0000,0x0000,0x0000,0x0000,
    0x0000,0x0000,0x0000,0x0000,0x0000,0x0000,0x0000,0x0000,0x0000,0x0000,0x0000,0x0000,
    0x0000,0x6439,0xCDFE,0x0CF6,0x0CF6,0x2CF6,0x2CF6,0x0CF6,0x4CFE,0xADFE,0x0000,0x6339,
    0x6BD5,0x08A4,0x49AC,0x69AC,0x49AC,0x08A4,0x0AC5,0x89B4,0xC220,0x0000,0x0000,0x2108,
    0x0000,0x655A,0x8FFF,0xCCED,0x2CF6,0x2CF6,0x2CF6,0x2CF6,0x2CF6,0x2CF6,0x2CF6,0xECF5,
    0xF0FF,0xA449,0x0000,0x6DFE,0xABE5,0x2AD5,0xCCED,0xE89B,0x4108,0xAABC,0xCBE5,0x4BD5,
    0x4BD5,0x4BD5,0x4BD5,0x4BD5,0x4BD5,0x09CD,0xEEE5,0x70F6,0xACFE,0xA9BC,0x0000,0x73FF,
    0x0CF6,0x0CF6,0x2CF6,0x2CF6,0x2CF6,0x0CF6,0x0EFF,0xCEFE,0x4EFF,0xCDFE,0x0CF6,0x2CF6,
    0x0BF6,0xEBF5,0xD5F6,0xF5FE,0x30EE,0x2BFE,0x0CF6,0x0EFF,0x6DFE,0x0000,0x69B4,0xA218,
    0x0000,0x0000,0x0000,0x0000,0x0000,0x0000,0x0000,0x0000,0x0000,0x0000,0x0000,0x0000,
    0x0000,0x0000,0x0000,0x0000,0x0000,0x0000,0x0000,0x0000,0x0000,0x0000,0x0000,0x0000,
    0x0000,0x0000,0x0000,0x0000,0x0000,0x0000,0x0000,0x0000,0x0000,0x0000,0x0000,0x0000,
    0x0000,0x0000,0x0000,0x0000,0x0000,0x0000,0x0000,0x0000,0x0000,0x0000,0x0000,0x0000,
    0x0000,0x0000,0x0000,0x0000,0x0000,0x0000,0x0000,0x0000,0x0000,0x0000,0x0000,0x0000,
    0x0000,0x0000,0x0000,0x0000,0x0000,0x0000,0x0000,0x0000,0x0000,0x0000,0x0000,0x0000,
    0x0000,0x0000,0x0000,0x0000,0x0000,0x0331,0xCDFE,0x2CF6,0x0CF6,0x2CF6,0x2CF6,0x0CF6,
    0x4CFE,0x6DFE,0x0000,0x08A4,0xAABC,0x49AC,0x69AC,0x49AC,0xAABC,0x6BD5,0x49AC,0x0000,
    0x0000,0x0000,0x0000,0x0000,0x0000,0x08A4,0xEEFE,0xECF5,0x2CF6,0x2CF6,0x2CF6,0x2CF6,
    0x2CF6,0x2CF6,0xECF5,0x0EFF,0x49AC,0x0000,0xC89B,0xAABC,0xEAC4,0x8BDD,0x4BD5,0xEEFE,
    0x067B,0x8218,0xECED,0x8BDD,0x4BD5,0x4BD5,0x4BD5,0x4BD5,0x4BD5,0x2AD5,0x6CD5,0xCDE5,
    0xACFE,0x4CD5,0x0000,0x53FF,0x0CF6,0x0CF6,0x2CF6,0x0CF6,0x0CF6,0xADFE,0x47B4,0x2010,
    0x035A,0xEACC,0x2EFF,0xECF5,0x2CFE,0x0BF6,0x92F6,0xF6F6,0xD1FE,0x0DFF,0xC320,0x0000,
    0x4BDD,0xC220,0x0ACD,0x6210,0x0000,0x0000,0x0000,0x0000,0x0000,0x0000,0x0000,0x0000,
    0x0000,0x0000,0x0000,0x0000,0x0000,0x0000,0x0000,0x0000,0x0000,0x0000,0x0000,0x0000,
    0x0000,0x0000,0x0000,0x0000,0x0000,0x0000,0x0000,0x0000,0x0000,0x0000,0x0000,0x0000,
    0x0000,0x0000,0x0000,0x0000,0x0000,0x0000,0x0000,0x0000,0x0000,0x0000,0x0000,0x0000,
    0x0000,0x0000,0x0000,0x0000,0x0000,0x0000,0x0000,0x0000,0x0000,0x0000,0x0000,0x0000,
    0x0000,0x0000,0x0000,0x0000,0x0000,0x0000,0x0000,0x0000,0x0000,0x0000,0x0000,0x0000,
    0x0000,0x0000,0x0000,0x0000,0x0000,0x0000,0x0000,0x0000,0x0000,0xCAAC,0x4EFF,0xECF5,
    0x2CF6,0x2CF6,0x2CF6,0x2CF6,0xECF5,0x2EFF,0x067B,0xC893,0xCABC,0x49AC,0x49AC,0xCABC,
    0x49AC,0x8439,0x0000,0x0000,0x0000,0x0000,0x0000,0x0000,0x0100,0x2EFF,0x4DFE,0x0CF6,
    0x2CF6,0x2CF6,0x2CF6,0x2CF6,0x2CF6,0x0CF6,0x2CFE,0x2EFF,0x0000,0x8562,0x6BD5,0x08A4,
    0x29A4,0x89B4,0x0ACD,0xCABC,0xCEFE,0x2329,0x2108,0x0CF6,0x6BDD,0x4BD5,0x4BD5,0x4BD5,
    0x4BD5,0x4BD5,0x0ACD,0x0FEE,0x0EFF,0xA120,0x2429,0x52FF,0x0BF6,0x2CF6,0x2CF6,0x0CF6,
    0xADFE,0x49E5,0x2819,0xFFFF,0x0619,0x0000,0xAAC4,0x6FFF,0x0CF6,0x0BF6,0x72EE,0x16FF,
    0x10E6,0xA69B,0x4B42,0x0000,0xE672,0x878B,0x0CEE,0xA218,0x0000,0x0000,0x0000,0x0000,
    0x0000,0x0000,0x0000,0x0000,0x0000,0x0000,0x0000,0x0000,0x0000,0x0000,0x0000,0x0000,
    0x0000,0x0000,0x0000,0x0000,0x0000,0x0000,0x0000,0x0000,0x0000,0x0000,0x0000,0x0000,
    0x0000,0x0000,0x0000,0x0000,0x0000,0x0000,0x0000,0x0000,0x0000,0x0000,0x0000,0x0000,
    0x0000,0x0000,0x0000,0x0000,0x0000,0x0000,0x0000,0x0000,0x0000,0x0000,0x0000,0x0000,
    0x0000,0x0000,0x0000,0x0000,0x0000,0x0000,0x0000,0x0000,0x0000,0x0000,0x0000,0x0000,
    0x0000,0x0000,0x0000,0x0000,0x0000,0x0000,0x0000,0x0000,0x0000,0x0000,0x0000,0x0000,
    0x0000,0xE67A,0x4EFF,0xECF5,0x2CF6,0x2CF6,0x2CF6,0x2CF6,0xECED,0x4EFF,0xA672,0x8210,
    0x4BD5,0x29A4,0x89B4,0x89B4,0x0000,0x0000,0x0000,0x0000,0x0000,0x0000,0x0000,0x0000,
    0x0000,0x2AD5,0xADFE,0x0CF6,0x2CF6,0x2CF6,0x2CF6,0x2CF6,0x2CF6,0x0CF6,0xEEFE,0xE8A3,
    0x0000,0xE89B,0x6BDD,0x0ACD,0x89B4,0x09A4,0x08A4,0x09A4,0xCCED,0x2ACD,0x0000,0xE451,
    0x2CF6,0x2ACD,0x6BDD,0x4BD5,0x4BD5,0x4BD5,0x2AD5,0x8DD5,0xF4FF,0x0008,0x6CA4,0x4FFF,
    0xEBF5,0x2CF6,0x2CF6,0xECF5,0x6FFF,0x2139,0xD173,0xFFFF,0x4531,0x0000,0x0000,0x69B4,
    0xCDFE,0x0CF6,0xD5F6,0x76FF,0x4429,0x2683,0x0000,0x0000,0x8793,0x8662,0x2552,0x0000,
    0x0000,0x0000,0x0000,0x0000,0x0000,0x0000,0x0000,0x0000,0x0000,0x0000,0x0000,0x0000,
    0x0000,0x0000,0x0000,0x0000,0x0000,0x0000,0x0000,0x0000,0x0000,0x0000,0x0000,0x0000,
    0x0000,0x0000,0x0000,0x0000,0x0000,0x0000,0x0000,0x0000,0x0000,0x0000,0x0000,0x0000,
    0x0000,0x0000,0x0000,0x0000,0x0000,0x0000,0x0000,0x0000,0x0000,0x0000,0x0000,0x0000,
    0x0000,0x0000,0x0000,0x0000,0x0000,0x0000,0x0000,0x0000,0x0000,0x0000,0x0000,0x0000,
    0x0000,0x0000,0x0000,0x0000,0x0000,0x0000,0x0000,0x0000,0x0000,0x0000,0x0000,0x0000,
    0x0000,0x0000,0x0000,0x0000,0x0000,0x0000,0x6DFE,0x8DFE,0x0CF6,0x2CF6,0x2CF6,0x2CF6,
    0x0CF6,0x8DFE,0x8BDD,0x8441,0x2BCD,0x29A4,0xAABC,0x69B4,0x0000,0x0000,0x0000,0x0000,
    0x0000,0x0000,0x0000,0x0000,0x0000,0xE451,0x6EFF,0xECF5,0x2CF6,0x2CF6,0x2CF6,0x2CF6,
    0x2CF6,0xECF5,0xAFFF,0x2329,0x0000,0x0000,0xA218,0x0552,0xCABC,0x6BDD,0xEAC4,0x89B4,
    0x29AC,0xEAC4,0x69AC,0x0000,0xC89B,0xCCE5,0x4BD5,0x4BD5,0x6BDD,0x4BD5,0x4BD5,0xABED,
    0x6DD5,0x0000,0xCCBC,0x8DFE,0x0CF6,0x2CF6,0x0CF6,0x2CFE,0xCDFE,0xC220,0x0000,0x0000,
    0x0000,0x8218,0x0000,0x8218,0x0EFF,0x0CF6,0x94EE,0xF7FF,0x6DA4,0x2462,0x0100,0x0000,
    0xC89B,0x0000,0x0000,0x0000,0x0000,0x0000,0x0000,0x0000,0x0000,0x0000,0x0000,0x0000,
    0x0000,0x0000,0x0000,0x0000,0x0000,0x0000,0x0000,0x0000,0x0000,0x0000,0x0000,0x0000,
    0x0000,0x0000,0x0000,0x0000,0x0000,0x0000,0x0000,0x0000,0x0000,0x0000,0x0000,0x0000,
    0x0000,0x0000,0x0000,0x0000,0x0000,0x0000,0x0000,0x0000,0x0000,0x0000,0x0000,0x0000,
    0x0000,0x0000,0x0000,0x0000,0x0000,0x0000,0x0000,0x0000,0x0000,0x0000,0x0000,0x0000,
    0x0000,0x0000,0x0000,0x0000,0x0000,0x0000,0x0000,0x0000,0x0000,0x0000,0x0000,0x0000,
    0x0000,0x0000,0x0000,0x0000,0x0000,0x0000,0x0000,0x0000,0x0000,0x0000,0x8210,0x4EFF,
    0x2CFE,0x0CF6,0x2CF6,0x2CF6,0x0CF6,0x2CFE,0xEEFE,0x2108,0xE89B,0x89B4,0xCABC,0xE89B,
    0x0100,0x0000,0x0000,0x0000,0x0000,0x0000,0x0000,0x0000,0x0000,0x656A,0x8FFF,0xECF5,
    0x2CF6,0x2CF6,0x2CF6,0x2CF6,0x0CF6,0xADFE,0x4BDD,0x0100,0x0000,0x0000,0x0000,0x0000,
    0x2108,0x2331,0x678B,0x89B4,0x4BD5,0xAABC,0x6BD5,0x0552,0x0000,0xA441,0xCABC,0x0AC5,
    0xEAC4,0x8BE5,0x6BDD,0x6BD5,0x0000,0xA762,0x50FF,0xEBF5,0x2CF6,0x2CF6,0x0CF6,0xADFE,
    0x2AD5,0x0000,0x6210,0x8218,0x6210,0x6110,0x0000,0x0329,0x2EFF,0xCBED,0x72EE,0xD8FF,
    0x2C9C,0x0000,0x0000,0x067B,0x455A,0x0000,0x0000,0x0000,0x0000,0x0000,0x0000,0x0000,
    0x0000,0x0000,0x0000,0x0000,0x0000,0x0000,0x0000,0x0000,0x0000,0x0000,0x0000,0x0000,
    0x0000,0x0000,0x0000,0x0000,0x0000,0x0000,0x0000,0x0000,0x0000,0x0000,0x0000,0x0000,
    0x0000,0x0000,0x0000,0x0000,0x0000,0x0000,0x0000,0x0000,0x0000,0x0000,0x0000,0x0000,
    0x0000,0x0000,0x0000,0x0000,0x0000,0x0000,0x0000,0x0000,0x0000,0x0000,0x0000,0x0000,
    0x0000,0x0000,0x0000,0x0000,0x0000,0x0000,0x0000,0x0000,0x0000,0x0000,0x0000,0x0000,
    0x0000,0x0000,0x0000,0x0000,0x0000,0x0000,0x0000,0x0000,0x0000,0x0000,0x0000,0x0000,
    0x0000,0x0000,0x0000,0xA893,0x2EFF,0x0CF6,0x0CF6,0x2CF6,0x0CF6,0x2CFE,0xCDFE,0x0000,
    0xE89B,0xAABC,0x2BCD,0x4331,0x0000,0x0000,0x0000,0x0000,0x0000,0x0000,0x0000,0x0000,
    0x0000,0x255A,0x8FFF,0xECF5,0x2CF6,0x2CF6,0x2CF6,0x2CF6,0xECF5,0x0EFF,0x49B4,0x0000,
    0x0000,0x0000,0x0000,0x0000,0x0000,0x0000,0x0000,0x0100,0x8441,0x277B,0x29A4,0xCCE5,
    0x2783,0x0000,0xA220,0xE672,0x69AC,0x089C,0x8AB4,0x8218,0x0000,0x2DF6,0x4CFE,0x0CF6,
    0x0CF6,0x2CF6,0x2CF6,0xECF5,0x6FFF,0x6339,0x0000,0x4110,0x4108,0x6110,0x0000,0x4331,
    0x2EFF,0x89E5,0x91F6,0x56FF,0xB5FF,0xC220,0x0000,0x2ACD,0x09A4,0x0000,0x0000,0x0000,
    0x0000,0x0000,0x0000,0x0000,0x0000,0x0000,0x0000,0x0000,0x0000,0x0000,0x0000,0x0000,
    0x0000,0x0000,0x0000,0x0000,0x0000,0x0000,0x0000,0x0000,0x0000,0x0000,0x0000,0x0000,
    0x0000,0x0000,0x0000,0x0000,0x0000,0x0000,0x0000,0x0000,0x0000,0x0000,0x0000,0x0000,
    0x0000,0x0000,0x0000,0x0000,0x0000,0x0000,0x0000,0x0000,0x0000,0x0000,0x0000,0x0000,
    0x0000,0x0000,0x0000,0x0000,0x0000,0x0000,0x0000,0x0000,0x0000,0x0000,0x0000,0x0000,
    0x0000,0x0000,0x0000,0x0000,0x0000,0x0000,0x0000,0x0000,0x0000,0x0000,0x0000,0x0000,
    0x0000,0x0000,0x0000,0x0000,0x0000,0x0000,0x0000,0x0000,0xCCED,0x8DFE,0x0CF6,0x2CF6,
    0x2CF6,0xECF5,0x4EFF,0x678B,0x4331,0xEAC4,0x2BCD,0x0552,0x0000,0x0000,0x0000,0x0000,
    0x0000,0x0000,0x0000,0x0000,0x0000,0x0000,0xECF5,0x8DFE,0x0CF6,0x2CF6,0x2CF6,0x2CF6,
    0xECF5,0xEEFE,0xA9BC,0x0000,0x0000,0x0000,0x0000,0x0000,0x0000,0x0000,0x0000,0x6110,
    0x0000,0x4108,0xC220,0x0000,0x0552,0x077B,0x8BDD,0x4110,0x0000,0x0000,0x0000,0x0100,
    0x69B4,0xABED,0x4CFE,0x0CF6,0x2CF6,0x2CF6,0x2CF6,0x0CF6,0xEEFE,0xA89B,0x0000,0xA318,
    0x6210,0x8118,0x0000,0x2ACD,0x8BFE,0xCEE5,0x15FF,0x14FF,0x35FF,0xF8FF,0x0A73,0x0000,
    0x0452,0x4108,0x0000,0x0000,0x0000,0x0000,0x0000,0x0000,0x0000,0x0000,0x0000,0x0000,
    0x0000,0x0000,0x0000,0x0000,0x0000,0x0000,0x0000,0x0000,0x0000,0x0000,0x0000,0x0000,
    0x0000,0x0000,0x0000,0x0000,0x0000,0x0000,0x0000,0x0000,0x0000,0x0000,0x0000,0x0000,
    0x0000,0x0000,0x0000,0x0000,0x0000,0x0000,0x0000,0x0000,0x0000,0x0000,0x0000,0x0000,
    0x0000,0x0000,0x0000,0x0000,0x0000,0x0000,0x0000,0x0000,0x0000,0x0000,0x0000,0x0000,
    0x0000,0x0000,0x0000,0x0000,0x0000,0x0000,0x0000,0x0000,0x0000,0x0000,0x0000,0x0000,
    0x0000,0x0000,0x0000,0x0000,0x0000,0x0000,0x0000,0x0000,0x0000,0x0000,0x0000,0x0000,
    0x2552,0x8FFF,0xECF5,0x2CF6,0x2CF6,0x0CF6,0xADFE,0xEACC,0x6108,0x0DF6,0xEAC4,0x0329,
    0x0000,0x0000,0x0000,0x0000,0x0000,0x0000,0x0000,0x0000,0x0000,0x0000,0x8BE5,0xADFE,
    0x0CF6,0x2CF6,0x2CF6,0x2CF6,0xECF5,0x0EFF,0x89BC,0x0000,0x0000,0x0000,0x0000,0x0000,
    0x0000,0x0000,0x0000,0x0000,0x0000,0x0552,0x0CEE,0x4783,0x0329,0x0000,0x4331,0x89B4,
    0xCABC,0x89B4,0x89B4,0xAABC,0xA9BC,0x6DFE,0x2CFE,0x0CF6,0x2CF6,0x2CF6,0x2CF6,0x2CF6,
    0x0CF6,0x8FFF,0x268B,0x6829,0x0200,0x0000,0x2208,0xAAED,0x4EF6,0x16FF,0x15FF,0xF4FE,
    0xF4FE,0x35FF,0xF7FF,0xD4FE,0x0000,0x0000,0x8210,0x0000,0x0000,0x0000,0x0000,0x0000,
    0x0000,0x0000,0x0000,0x0000,0x0000,0x0000,0x0000,0x0000,0x0000,0x0000,0x0000,0x0000,
    0x0000,0x0000,0x0000,0x0000,0x0000,0x0000,0x0000,0x0000,0x0000,0x0000,0x0000,0x0000,
    0x0000,0x0000,0x0000,0x0000,0x0000,0x0000,0x0000,0x0000,0x0000,0x0000,0x0000,0x0000,
    0x0000,0x0000,0x0000,0x0000,0x0000,0x0000,0x0000,0x0000,0x0000,0x0000,0x0000,0x0000,
    0x0000,0x0000,0x0000,0x0000,0x0000,0x0000,0x0000,0x0000,0x0000,0x0000,0x0000,0x0000,
    0x0000,0x0000,0x0000,0x0000,0x0000,0x0000,0x0000,0x0000,0x0000,0x0000,0x0000,0x0000,
    0x0000,0x0000,0x0000,0x0000,0x4339,0xEEFE,0x2CFE,0x0CF6,0x2CF6,0x2CF6,0xECF5,0x6FFF,
    0xA341,0x4239,0x0329,0x0000,0x0000,0x0000,0x0000,0x0000,0x0000,0x0000,0x0000,0x0000,
    0x0000,0x0000,0xE89B,0xEEFE,0xECF5,0x2CF6,0x0CF6,0x2CF6,0xECF5,0x0EFF,0xAABC,0x0000,
    0x0000,0x0000,0x0000,0x0000,0x0000,0x0000,0x0000,0x0000,0x0000,0x0000,0x4339,0xCCE5,
    0xCCED,0xE89B,0x6110,0xE220,0x6BD5,0x89B4,0x89B4,0x08A4,0xAABC,0x2CFE,0x2CFE,0x2CFE,
    0x0CF6,0x2CF6,0x0CF6,0x2CF6,0x0CF6,0x0CFE,0xEEFE,0x0BF6,0xA79B,0xC572,0xADFE,0x4DFE,
    0x15FF,0x15FF,0xF4FE,0x14FF,0xF4FE,0xF5FE,0xD4FE,0xB6FF,0xF8FF,0xCB93,0x0000,0x0000,
    0x0100,0x0000,0x0000,0x0000,0x0000,0x0000,0x0000,0x0000,0x0000,0x0000,0x0000,0x0000,
    0x0000,0x0000,0x0000,0x0000,0x0000,0x0000,0x0000,0x0000,0x0000,0x0000,0x0000,0x0000,
    0x0000,0x0000,0x0000,0x0000,0x0000,0x0000,0x0000,0x0000,0x0000,0x0000,0x0000,0x0000,
    0x0000,0x0000,0x0000,0x0000,0x0000,0x0000,0x0000,0x0000,0x0000,0x0000,0x0000,0x0000,
    0x0000,0x0000,0x0000,0x0000,0x0000,0x0000,0x0000,0x0000,0x0000,0x0000,0x0000,0x0000,
    0x0000,0x0000,0x0000,0x0000,0x0000,0x0000,0x0000,0x0000,0x0000,0x0000,0x0000,0x0000,
    0x0000,0x0000,0x0000,0x0000,0x0000,0x0000,0x0000,0x0000,0x0000,0x29AC,0x4EFF,0xECF5,
    0x2CF6,0x2CF6,0xECF5,0x6BFE,0x8CD5,0xC420,0x0000,0x0000,0x0000,0x0000,0x0000,0x0000,
    0x0000,0x0000,0x0000,0x0000,0x0000,0x0000,0x2AD5,0xEEFE,0x0CF6,0x2CF6,0x2CF6,0x2CF6,
    0xECF5,0xEEFE,0x28B4,0x0000,0x0000,0x0000,0x0000,0x0000,0x0000,0x0000,0x0000,0x0000,
    0x0000,0x0000,0x0000,0x6339,0xEAC4,0x89B4,0x2DF6,0x0329,0x0000,0x4BD5,0x69AC,0x29A4,
    0x2ACD,0x0AC5,0x0AC5,0xEBF5,0x2CFE,0x0CF6,0x2CF6,0x2CF6,0x2CF6,0x0CF6,0x0CF6,0x8DFE,
    0xACFE,0xCFFE,0xF4FE,0x15FF,0x15FF,0xF4FE,0x14FF,0x14FF,0x15FF,0x95FF,0xF6FF,0xF7FF,
    0xF8FF,0xFAFF,0xF6FF,0xCBBC,0x0000,0x0000,0x0000,0x0000,0x0000,0x0000,0x0000,0x0000,
    0x0000,0x0000,0x0000,0x0000,0x0000,0x0000,0x0000,0x0000,0x0000,0x0000,0x0000,0x0000,
    0x0000,0x0000,0x0000,0x0000,0x0000,0x0000,0x0000,0x0000,0x0000,0x0000,0x0000,0x0000,
    0x0000,0x0000,0x0000,0x0000,0x0000,0x0000,0x0000,0x0000,0x0000,0x0000,0x0000,0x0000,
    0x0000,0x0000,0x0000,0x0000,0x0000,0x0000,0x0000,0x0000,0x0000,0x0000,0x0000,0x0000,
    0x0000,0x0000,0x0000,0x0000,0x0000,0x0000,0x0000,0x0000,0x0000,0x0000,0x0000,0x0000,
    0x0000,0x0000,0x0000,0x0000,0x0000,0x0000,0x0000,0x0000,0x0000,0x0000,0x0000,0x0000,
    0x6210,0x0000,0x2CEE,0x8CFE,0xEBF5,0xEAF5,0x0BF6,0xD3FE,0x56FF,0xFBFF,0x12DE,0x2110,
    0x0000,0x0000,0x0000,0x0000,0x0000,0x0000,0x0000,0x0000,0x0000,0x0000,0x6339,0x4EFF,
    0xCAED,0x0BF6,0xEBF5,0x0CF6,0xCAF5,0xCDFE,0xD0DD,0x0000,0x2108,0x0000,0x0000,0x0000,
    0x0000,0x0000,0x0000,0x0000,0x0000,0x0000,0x0000,0x0000,0x8893,0xEAC4,0x69B4,0xC893,
    0x0000,0x255A,0x4BD5,0x09A4,0x2AD5,0xABE5,0xE9C4,0xCEDD,0x4FF6,0x2DFE,0x0BF6,0x0CF6,
    0x0CF6,0x2CF6,0x2CFE,0xCBED,0x8BE5,0xB4F6,0x36FF,0x14FF,0xF4FE,0x14FF,0xF4FE,0xF5FE,
    0xB5FF,0x889B,0x4120,0x2539,0x0BA4,0x71F6,0xCC9B,0x8C8B,0xE320,0x0000,0x0000,0x0000,
    0x0000,0x0000,0x0000,0x0000,0x0000,0x0000,0x0000,0x0000,0x0000,0x0000,0x0000,0x0000,
    0x0000,0x0000,0x0000,0x0000,0x0000,0x0000,0x0000,0x0000,0x0000,0x0000,0x0000,0x0000,
    0x0000,0x0000,0x0000,0x0000,0x0000,0x0000,0x0000,0x0000,0x0000,0x0000,0x0000,0x0000,
    0x0000,0x0000,0x0000,0x0000,0x0000,0x0000,0x0000,0x0000,0x0000,0x0000,0x0000,0x0000,
    0x0000,0x0000,0x0000,0x0000,0x0000,0x0000,0x0000,0x0000,0x0000,0x0000,0x0000,0x0000,
    0x0000,0x0000,0x0000,0x0000,0x0000,0x0000,0x0000,0x0000,0x0000,0x0000,0x0000,0x0000,
    0x0000,0x0000,0x0000,0x0000,0x0000,0x0000,0x6339,0x2FFF,0xECF5,0x6FFE,0x15FF,0x77FF,
    0xD4FE,0x14FF,0xFAFF,0xFBFF,0x90D5,0x0000,0x0000,0x0000,0x0000,0x0000,0x0000,0x0000,
    0x0000,0x0000,0xC449,0xB1FF,0xB3FE,0x6EFE,0x6DFE,0xECF5,0xAFFE,0x72EE,0xFBFF,0x12D6,
    0x0000,0x4108,0x0000,0x0000,0x0000,0x0000,0x0000,0x0000,0x0000,0x0000,0x0000,0x0000,
    0x0100,0x89B4,0x89B4,0x0ACD,0x09A4,0x0000,0xC66A,0x2BCD,0x08A4,0xCABC,0x6BDD,0x8CDD,
    0x4BD5,0xCEDD,0x0DF6,0x4DFE,0x4DFE,0x0BF6,0xCCED,0x93EE,0x15FF,0x35FF,0xF4FE,0xF4FE,
    0x14FF,0x14FF,0xF4FE,0x76FF,0x0EEE,0x0E73,0x9494,0x0000,0x0000,0x0000,0x0000,0xC949,
    0xE420,0x0008,0x0000,0x0000,0x0000,0x0000,0x0000,0x0000,0x0000,0x0000,0x0000,0x0000,
    0x0000,0x0000,0x0000,0x0000,0x0000,0x0000,0x0000,0x0000,0x0000,0x0000,0x0000,0x0000,
    0x0000,0x0000,0x0000,0x0000,0x0000,0x0000,0x0000,0x0000,0x0000,0x0000,0x0000,0x0000,
    0x0000,0x0000,0x0000,0x0000,0x0000,0x0000,0x0000,0x0000,0x0000,0x0000,0x0000,0x4110,
    0x6110,0x0000,0x0000,0x0000,0x0000,0x6110,0x4110,0x6210,0x0000,0x0000,0x0000,0x0000,
    0x0000,0x0000,0x0000,0x0000,0x0000,0x0000,0x0000,0x0000,0x0000,0x0000,0x0000,0x0000,
    0x0000,0x0000,0x0000,0x0000,0x0000,0x0000,0x0000,0x0000,0x0000,0x0000,0x4A7B,0xF9FF,
    0xF5FE,0x36FF,0xF5FE,0xB3EE,0xF7FF,0x32EE,0x2431,0x0C9C,0xFAFF,0xF7FF,0x275A,0x0000,
    0x0000,0x0000,0x0000,0x0000,0x0000,0x0000,0x074A,0xFAFF,0xF5FE,0x36FF,0xF5F6,0xD8FF,
    0xF8FF,0x4D9C,0x0000,0xF7FF,0x93E6,0x0000,0x0000,0x0000,0x0000,0x0000,0x0000,0x0000,
    0x0000,0x0000,0x0000,0x0000,0x0000,0x0552,0x4BD5,0x08A4,0x0ACD,0xA893,0x0000,0xCAC4,
    0xCABC,0xE89B,0xA9BC,0x6BDD,0x2AD5,0x4AD5,0xCDE5,0x0FE6,0x6CDD,0x0EEE,0x93F6,0x77FF,
    0x35FF,0x14FF,0xF4FE,0xF4FE,0x14FF,0xF4FE,0xF5FE,0xB5FF,0x488B,0xC518,0xA639,0x0000,
    0x8210,0x6210,0x4108,0x0000,0x0000,0x6110,0x0000,0x0000,0x0000,0x0000,0x0000,0x0000,
    0x0000,0x0000,0x0000,0x0000,0x0000,0x0000,0x0000,0x0000,0x0000,0x0000,0x0000,0x0000,
    0x0000,0x0000,0x0000,0x0000,0x0000,0x0000,0x0000,0x0000,0x0000,0x0000,0x0000,0x0000,
    0x0000,0x0000,0x0000,0x0000,0x0000,0x0000,0x0000,0x0000,0x0000,0x0000,0x0000,0x0000,
    0x0000,0x0000,0x0000,0x4110,0x4110,0x0000,0x0000,0x0000,0x0000,0x4110,0x4110,0x0000,
    0x0000,0x0000,0x0000,0x0000,0x0000,0x0000,0x0000,0x0000,0x0000,0x0000,0x0000,0x0000,
    0x0000,0x0000,0x0000,0x0000,0x0000,0x0000,0x0000,0x0000,0x0000,0x0000,0x0000,0x0000,
    0x0000,0x0000,0x4431,0xF8FF,0xD4FE,0xF4FE,0x76FF,0x6762,0xB3EE,0xF8FF,0x12E6,0xA862,
    0x0000,0x70C5,0xFEFF,0xC972,0x0000,0x0000,0x0000,0x0000,0x0000,0x0000,0xE649,0xF9FF,
    0x35FF,0x73EE,0x0000,0x70CD,0xD7FF,0xB6FF,0x32E6,0x0000,0xF8FF,0x73E6,0x0000,0x2108,
    0x0000,0x0000,0x0000,0x0000,0x0000,0x0000,0x0000,0x0000,0x0000,0x0100,0x89B4,0xA9B4,
    0x29AC,0x2BCD,0xE220,0x0000,0xEAC4,0x4BD5,0x29A4,0x29A4,0x08A4,0xEAC4,0x4ADD,0x2AD5,
    0xEAC4,0x2BCD,0xC9C4,0x51E6,0xF5FE,0x35FF,0x35FF,0x14FF,0x14FF,0xF4FE,0xF4FE,0x95FF,
    0x2CAC,0x0000,0x0000,0x8218,0x6210,0x6110,0x0000,0x8962,0x6983,0x0000,0xC320,0x0000,
    0x0000,0x0000,0x0000,0x0000,0x0000,0x0000,0x0000,0x0000,0x0000,0x0000,0x0000,0x0000,
    0x0000,0x0000,0x0000,0x0000,0x0000,0x0000,0x0000,0x0000,0x0000,0x0000,0x0000,0x0000,
    0x0000,0x0000,0x0000,0x0000,0x0000,0x0000,0x0000,0x0000,0x0000,0x0000,0x0000,0x0000,
    0x0000,0x0000,0x0000,0x0000,0x0000,0x0000,0x0000,0x6110,0x4110,0x6110,0x0000,0x0000,
    0x4110,0x4110,0x6110,0x0000,0x0000,0x0000,0x0000,0x0000,0x0000,0x0000,0x0000,0x0000,
    0x0000,0x0000,0x0000,0x0000,0x0000,0x0000,0x0000,0x0000,0x0000,0x0000,0x0000,0x0000,
    0x0000,0x0000,0x0000,0x0000,0x0000,0x6339,0x866A,0xF8FF,0x14FF,0xD4FE,0xD7FF,0xD1CD,
    0x0000,0x15FF,0xF7FF,0xFAFF,0xAEB4,0x0000,0xF8FF,0xF1CD,0x0000,0x0000,0x0000,0x0000,
    0x0000,0x0000,0xE649,0xF9FF,0x93F6,0xF9FF,0x0652,0x0000,0xD7FF,0xF4FE,0xF9FF,0x4973,
    0x0000,0xFAFF,0xAB83,0x0000,0x0000,0x0000,0x0000,0x0000,0x0000,0x0000,0x0000,0x0000,
    0x0000,0x0000,0x0552,0x6BD5,0x29AC,0x49AC,0x6BDD,0xE228,0x0000,0x277B,0x4BD5,0x2ACD,
    0xEAC4,0x0AC5,0x49AC,0x29A4,0x2ACD,0x8BE5,0x0CF6,0x4AD5,0xC9C4,0x4BD5,0x36FF,0x36FF,
    0x35FF,0x15FF,0xF4FE,0x15FF,0x95FF,0x886A,0x0000,0x0000,0x0000,0x0000,0xC449,0x2DF6,
    0x888B,0x0000,0x0000,0x0000,0x0000,0x0000,0x0000,0x0000,0x0000,0x0000,0x0000,0x0000,
    0x0000,0x0000,0x0000,0x0000,0x0000,0x0000,0x0000,0x0000,0x0000,0x0000,0x0000,0x0000,
    0x0000,0x0000,0x0000,0x0000,0x0000,0x0000,0x0000,0x0000,0x0000,0x0000,0x0000,0x0000,
    0x0000,0x0000,0x0000,0x0000,0x0000,0x0000,0x0000,0x6110,0x4110,0x0000,0x0000,0x0000,
    0x4110,0x4110,0x6110,0x4110,0x4110,0x4110,0x0000,0x6110,0x4110,0x0000,0x0000,0x0000,
    0x0000,0x0000,0x0000,0x0000,0x0000,0x0000,0x0000,0x0000,0x0000,0x0000,0x0000,0x0000,
    0x0000,0x0000,0x0000,0x0000,0x0000,0x0000,0x0000,0x0000,0x0000,0x077B,0x2008,0xAEAC,
    0xF7FF,0xD4FE,0xD4FE,0xF8FF,0x2FBD,0x8218,0xF8FF,0x93FE,0xFAFF,0x0C9C,0x675A,0xFCFF,
    0x6110,0x0000,0x0000,0x0000,0x0000,0x0000,0xE649,0xF9FF,0xB4FE,0x55FF,0xB6FF,0x0000,
    0x2973,0xFAFF,0xF4FE,0xB7FF,0x0000,0x0000,0xF9FF,0x0000,0x0000,0x0000,0x0000,0x0000,
    0x0000,0x0000,0x0000,0x0000,0x0000,0x0000,0x0100,0x49AC,0xA9BC,0xE89B,0x69AC,0x2BD5,
    0xE449,0x0000,0x6339,0xA66A,0xE672,0xA66A,0x69B4,0xEAC4,0x2BCD,0x4108,0xC672,0x8BDD,
    0xCBE5,0xA9BC,0x89B4,0x68B4,0x91F6,0x77FF,0x35FF,0x36FF,0xB7FF,0xB4FF,0x8ED5,0x0652,
    0x6762,0x0229,0x89B4,0x0ACD,0x6110,0x0100,0x0000,0x0000,0x0000,0x0000,0x0000,0x0000,
    0x0000,0x0000,0x0000,0x0000,0x0000,0x0000,0x0000,0x0000,0x0000,0x0000,0x0000,0x0000,
    0x0000,0x0000,0x0000,0x0000,0x0000,0x0000,0x0000,0x0000,0x0000,0x0000,0x0000,0x0000,
    0x0000,0x0000,0x0000,0x0000,0x0000,0x0000,0x0000,0x0000,0x0000,0x0000,0x0000,0x6110,
    0x4110,0x4110,0x6110,0x0000,0x4110,0x4110,0x4110,0x4110,0x4110,0x4110,0x4110,0x4110,
    0x4110,0x0000,0x0000,0x0000,0x0000,0x0000,0x0000,0x0000,0x0000,0x0000,0x0000,0x0000,
    0x0000,0x0000,0x0000,0x0000,0x0000,0x0000,0x0000,0x0000,0x0000,0x0000,0x0000,0x0000,
    0x0000,0xCAC4,0xA120,0xEFAC,0xF8FF,0xD4FE,0x15FF,0xB4FE,0xFAFF,0xA539,0x0FB5,0xF7FF,
    0xD4FE,0xF8FF,0x0000,0xD7FF,0xA862,0x0000,0x0000,0x0000,0x0000,0x0000,0xE649,0xF9FF,
    0xD4FE,0xB4FE,0xFAFF,0x6A73,0x0000,0x32E6,0x76FF,0xF8FF,0xAB83,0x0000,0x53DE,0xEC8B,
    0x0000,0x0000,0x0000,0x0000,0x0000,0x0000,0x0000,0x0000,0x0000,0x0000,0x0000,0x067B,
    0x2ACD,0x089C,0x09A4,0x49AC,0x4BD5,0xAABC,0x4331,0x8210,0x0000,0x0000,0xC220,0x6110,
    0x8662,0xCABC,0x255A,0x2108,0x455A,0xEAC4,0xAABC,0x48AC,0x69B4,0xAABC,0x11DE,0xD1D5,
    0xF0DD,0xAEDD,0x4FF6,0xF6FF,0xECBC,0x4339,0x4DFE,0x8AB4,0x0000,0x0000,0x0000,0x0000,
    0x0000,0x0000,0x0000,0x0000,0x0000,0x0000,0x0000,0x0000,0x0000,0x0000,0x0000,0x0000,
    0x0000,0x0000,0x0000,0x0000,0x0000,0x0000,0x0000,0x0000,0x0000,0x0000,0x0000,0x0000,
    0x0000,0x0000,0x0000,0x0000,0x0000,0x0000,0x0000,0x0000,0x0000,0x0000,0x0000,0x0000,
    0x0000,0x6110,0x0000,0x0000,0x6110,0x4110,0x4110,0x4110,0x4110,0x4110,0x4110,0x4110,
    0x4110,0x4110,0x4110,0x4110,0x4110,0x4110,0x0000,0x0000,0x0000,0x0000,0x0000,0x0000,
    0x0000,0x0000,0x0000,0x0000,0x0000,0x0000,0x0000,0x0000,0x0000,0x0000,0x0000,0x0000,
    0x0000,0x0000,0x0000,0x0000,0x0000,0x8AB4,0x28AC,0xC318,0xF8FF,0xB3FE,0xD4FE,0x93F6,
    0xB6FF,0x2FB5,0x0973,0xF7FF,0xB3F6,0x96FF,0x0000,0xD4FE,0xD4EE,0x0000,0x0000,0x0000,
    0x0000,0x0000,0x6752,0xFBFF,0xB4FE,0xB3FE,0x35FF,0xB4FE,0x0000,0x8539,0xF8FF,0xD4FE,
    0x76FF,0x0000,0xC862,0xFAFF,0x0008,0x0000,0x0000,0x0000,0x0000,0x0000,0x0000,0x0000,
    0x0000,0x0000,0x0000,0x0329,0xACE5,0xAAB4,0x69B4,0xAABC,0x29A4,0xAABC,0x8BDD,0xEAC4,
    0x0108,0x0000,0x0000,0x0000,0x0000,0x6210,0x4783,0xCABC,0xC449,0x4331,0x08A4,0x08A4,
    0x4BD5,0xE9C4,0xA8BC,0x88BC,0x88BC,0x89BC,0x48B4,0xC672,0xE328,0x2108,0xE220,0x4110,
    0x0000,0x0000,0x0000,0x0000,0x0000,0x0000,0x0000,0x0000,0x0000,0x0000,0x0000,0x0000,
    0x0000,0x0000,0x0000,0x0000,0x0000,0x0000,0x0000,0x0000,0x0000,0x0000,0x0000,0x0000,
    0x0000,0x0000,0x0000,0x0000,0x0000,0x0000,0x0000,0x0000,0x0000,0x0000,0x0000,0x0000,
    0x0000,0x0000,0x0000,0x0000,0x6210,0x4110,0x4110,0x6110,0x4110,0x4110,0x4110,0x4110,
    0x4110,0x4110,0x4110,0x4110,0x4110,0x4110,0x4110,0x4110,0x4110,0x4110,0x4110,0x6110,
    0x4110,0x6210,0x0000,0x0000,0x0000,0x0000,0x0000,0x0000,0x0000,0x0000,0x0000,0x0000,
    0x0000,0x0000,0x0000,0x0000,0x0000,0x0000,0x0000,0x0000,0x0000,0xE89B,0x878B,0x0000,
    0xF9FF,0xF9FF,0xF8FF,0xF8FF,0xFBFF,0x73DE,0x0000,0xFCFF,0xF8FF,0xFCFF,0xCE9C,0x96FF,
    0xF2D5,0x0000,0x0000,0x0000,0x0000,0x0000,0x6210,0xF1DD,0xF8FF,0xF9FF,0xF8FF,0xFCFF,
    0x4108,0x875A,0xFDFF,0xF7FF,0xFEFF,0x0963,0xE328,0xF9FF,0x8218,0x0000,0x0000,0x0000,
    0x0000,0x0000,0x0000,0x0000,0x0000,0x0000,0x0000,0x0100,0x6339,0x09A4,0x08A4,0x08A4,
    0x4BD5,0x69B4,0xAABC,0x2329,0x0000,0x0000,0x0000,0x0000,0x0000,0x0000,0x0000,0x4110,
    0xE89B,0xE449,0x0000,0x0100,0x8441,0x4331,0x4331,0x4331,0x4331,0x6439,0x0329,0x0000,
    0xC449,0x6339,0x0000,0x2000,0x0000,0x0000,0x0000,0x0000,0x0000,0x0000,0x0000,0x0000,
    0x0000,0x0000,0x0000,0x0000,0x0000,0x0000,0x0000,0x0000,0x0000,0x0000,0x0000,0x0000,
    0x0000,0x0000,0x0000,0x0000,0x0000,0x0000,0x0000,0x0000,0x0000,0x0000,0x0000,0x0000,
    0x0000,0x0000,0x0000,0x0000,0x0000,0x0000,0x0000,0x0000,0x0000,0x6110,0x4110,0x4110,
    0x4110,0x4110,0x4110,0x4110,0x4110,0x4110,0x4110,0x4110,0x4110,0x4110,0x4110,0x4110,
    0x4110,0x4110,0x4110,0x4110,0x4110,0x6110,0x0000,0x0000,0x4110,0x4110,0x4110,0x4110,
    0x6110,0x4110,0x6110,0x6210,0x6210,0x6210,0x6210,0x6210,0x6110,0x4110,0x4110,0x4110,
    0x4108,0x0000,0x0100,0x0000,0x6439,0xE972,0x6762,0x6862,0xE972,0x0652,0x0000,0x0973,
    0x6762,0x0973,0x2431,0x675A,0x6210,0x0000,0x6210,0x4110,0x4110,0x6210,0x0000,0x0000,
    0xC649,0xC96A,0x675A,0x2A7B,0xA541,0x8218,0x2A7B,0x675A,0x097B,0xE328,0x0000,0x0000,
    0x0000,0x6110,0x6110,0x4110,0x6110,0x6210,0x6210,0x6110,0x4108,0x2108,0x4110,0x4108,
    0x0000,0x0000,0x0000,0x0000,0xA441,0x4108,0x0000,0x2108,0x4110,0x6110,0x4110,0x6110,
    0x6110,0x6210,0x8218,0x0100,0x0000,0x4110,0x6110,0x4108,0x0000,0x0000,0x0000,0x0000,
    0x0000,0x0000,0x0000,0x8210,0x0000,0x0100,0x8218,0x4110,0x2108,0x4110,0x4110,0x6110,
    0x6210,0x6210,0x6210,0x6210,0x6210,0x6210,0x6210,0x6210,0x6210,0x6210,0x6210,0x6210,
    0x6210,0x6210,0x6210,0x6210,0x6210,0x6210,0x6210,0x6210,0x6210,0x6210,0x6210,0x6210,
    0x6210,0x6210,0x6210,0x6210,0x6210,0x6210,0x6210,0x6210,0x6210,0x6110,0x4110,0x4110,
    0x6110,0x4110,0x4110,0x4110,0x4110,0x4110,0x4110,0x4110,0x4110,0x4110,0x4110,0x4110,
    0x4110,0x4110,0x4110,0x4110,0x4110,0x4110,0x4110,0x4110,0x4110,0x4110,0x6110,0x4110,
    0x6210,0x6210,0x6210,0x6210,0x6210,0x6210,0x6210,0x6210,0x6210,0x6210,0x6210,0x6210,
    0x6210,0x6210,0x6210,0x6210,0x6210,0x6210,0x6210,0x6210,0x0000,0x0000,0x0000,0x0000,
    0x0000,0x0000,0x2108,0x0000,0x0000,0x0000,0x0000,0x0000,0x2108,0x6210,0x6210,0x6210,
    0x6210,0x6110,0x6210,0x6218,0x0000,0x0000,0x0000,0x0000,0x0000,0x0100,0x0000,0x0000,
    0x0000,0x0000,0x4210,0x6210,0x6210,0x6210,0x6210,0x6210,0x6210,0x6210,0x6210,0x6210,
    0x6210,0x6210,0x6210,0x6210,0x8210,0x6210,0x6210,0x6210,0x0000,0x2108,0x6210,0x6210,
    0x6210,0x6210,0x6210,0x6210,0x6210,0x6210,0x6110,0x6210,0x6210,0x4110,0x6210,0x6210,
    0x8218,0x8218,0x8218,0x8210,0x8210,0x8218,0x6210,0x6110,0x6210,0x6210,0x6110,0x6210,
    0x6210,0x6210,0x6210,0x6210,0x6210,0x6210,0x6210,0x6210,0x6210,0x6210,0x6210,0x6210,
    0x6210,0x6210,0x6210,0x6210,0x6210,0x6210,0x6210,0x6210,0x6210,0x6210,0x6210,0x6210,
    0x6210,0x6210,0x6210,0x6210,0x6210,0x6210,0x6210,0x6210,0x6210,0x6210,0x6210,0x6210,
    0x6210,0x6210,0x6210,0x6210,0x6210,0x6210,0x6210,0x6210,0x6210,0x6210,0x6210,0x6210,
    0x6210,0x6210,0x6210,0x6210,0x6210,0x6210,0x6210,0x6210,0x6210,0x6210,0x6210,0x6210,
    0x6210,0x6210,0x6210,0x6210,0x0000,0x0000,0x0000,0x0000,0x0000,0x0000,0x0000,0x0000,
    0x0000,0x0000,0x0000,0x0000,0x0000,0x0000,0x0000,0x0000,0x0000,0x0000,0x0000,0x0000,
    0x0000,0x0000,0x0000,0x0000,0x0000,0x0000,0x0000,0x0000,0x0000,0x0000,0x0000,0x0000,
    0x0000,0x0000,0x0000,0x0000,0x0000,0x0000,0x0000,0x0000,0x0000,0x0000,0x0000,0x0000,
    0x0000,0x0000,0x0000,0x0000,0x0000,0x0000,0x0000,0x0000,0x0000,0x0000,0x0000,0x0000,
    0x0000,0x0000,0x0000,0x0000,0x0000,0x0000,0x0000,0x0000,0x0000,0x0000,0x0000,0x0000,
    0x0000,0x0000,0x0000,0x0000,0x0000,0x0000,0x0000,0x0000,0x0000,0x0000,0x0000,0x0000,
    0x0000,0x0000,0x0000,0x0000,0x0000,0x0000,0x0000,0x0000,0x0000,0x0000,0x0000,0x0000,
    0x0000,0x0000,0x0000,0x0000,0x0000,0x0000,0x0000,0x0000,0x0000,0x0000,0x0000,0x0000,
    0x0000,0x0000,0x0000,0x0000,0x0000,0x0000,0x0000,0x0000,0x0000,0x0000,0x0000,0x0000,
    0x0000,0x0000,0x0000,0x0000,0x0000,0x0000,0x0000,0x0000,0x0000,0x0000,0x0000,0x0000,
    0x0000,0x0000,0x0000,0x0000,0x0000,0x0000,0x0000,0x0000,0x0000,0x0000,0x0000,0x0000,
    0x0000,0x0000,0x0000,0x0000,0x0000,0x0000,0x0000,0x0000,0x0000,0x0000,0x0000,0x0000,
    0x0000,0x0000,0x0000,0x0000,0x0000,0x0000,0x0000,0x0000,
};

static const uint8_t sniffcheck_logo_3_mask[1600] = {
    0x00,0x00,0x00,0x00,0x00,0x00,0x00,0x00,0x00,0x00,0x00,0x00,0x00,0x00,0x00,0x00,
    0x00,0x00,0x00,0x00,0x00,0x00,0x00,0x00,0x00,0x00,0x00,0x00,0x00,0x00,0x00,0x00,
    0x00,0x00,0x00,0x00,0x07,0xFE,0x00,0x00,0x00,0x00,0x00,0x00,0x00,0x00,0x00,0x00,
    0x00,0x00,0x00,0x00,0x00,0x00,0x00,0x00,0xFF,0xFF,0xC0,0x00,0x00,0x00,0x00,0x00,
    0x00,0x00,0x00,0x00,0x00,0x00,0x00,0x00,0x00,0x00,0x00,0x01,0xFF,0xFF,0xF8,0x00,
    0x00,0x00,0x00,0x00,0x00,0x00,0x00,0x00,0x00,0x00,0x00,0x00,0x00,0x00,0x00,0x07,
    0xFF,0xFF,0xFC,0x00,0x00,0x00,0x00,0x00,0x00,0x00,0x00,0x00,0x00,0x00,0x00,0x00,
    0x00,0x00,0x00,0x1F,0xFF,0xFF,0xFF,0x00,0x00,0x00,0x00,0x00,0x00,0x00,0x00,0x00,
    0x00,0x00,0x00,0x00,0x00,0x00,0x00,0x3F,0xFF,0xFF,0xFF,0x80,0x0C,0x00,0x00,0x00,
    0x00,0x00,0x00,0x00,0x00,0x00,0x00,0x00,0x00,0x00,0x00,0xFF,0xFF,0xFF,0xFF,0xC0,
    0x1C,0x00,0x00,0x00,0x00,0x00,0x00,0x00,0x00,0x00,0x00,0x00,0x00,0x00,0x01,0xFF,
    0xFF,0xFF,0xFF,0xE0,0x3C,0x00,0x00,0x00,0x00,0x00,0x00,0x00,0x00,0x00,0x00,0x00,
    0x00,0x00,0x03,0xFF,0xFF,0xFF,0xFF,0xF8,0x3C,0x00,0x00,0x00,0x00,0x00,0x00,0x00,
    0x00,0x00,0x00,0x00,0x00,0x00,0x07,0xFF,0xF8,0x01,0xFF,0xFC,0x7C,0x00,0x00,0x00,
    0x00,0x00,0x00,0x00,0x00,0x00,0x00,0x00,0x00,0x00,0x07,0xFF,0xC0,0x00,0x7F,0xFC,
    0x7C,0x00,0x00,0x00,0x00,0x00,0x00,0x00,0x00,0x00,0x00,0x00,0x00,0x00,0x0F,0xFF,
    0x80,0x00,0x1F,0xFC,0x7C,0x00,0x00,0x00,0x00,0x00,0x00,0x00,0x00,0x00,0x00,0x00,
    0x00,0x00,0x07,0xFE,0x03,0xE0,0x0F,0xFC,0x7C,0x00,0x00,0x00,0x00,0x00,0x00,0x00,
    0x00,0x00,0x00,0x00,0x00,0x00,0x07,0xFC,0x1F,0xFE,0x07,0xF8,0xFC,0x00,0x00,0x00,
    0x00,0x00,0x00,0x00,0x00,0x00,0x00,0x00,0x00,0x00,0x03,0xF8,0x7F,0xFF,0x81,0xF8,
    0xFE,0x00,0x00,0x00,0x00,0x00,0x00,0x00,0x00,0x00,0x00,0x00,0x00,0x00,0x03,0xF0,
    0xFF,0xFF,0xF0,0xE0,0xFE,0x00,0x00,0x00,0x00,0x00,0x00,0x00,0x00,0x00,0x00,0x00,
    0x00,0x00,0x00,0x01,0xFF,0xFF,0xF8,0x00,0xFE,0x00,0x00,0x00,0x00,0x00,0x00,0x00,
    0x00,0x00,0x00,0x00,0x00,0x00,0x00,0x03,0xFF,0xFF,0xFC,0x00,0xFF,0x00,0x00,0x00,
    0x00,0x00,0x00,0x00,0x00,0x00,0x00,0x00,0x00,0x00,0x00,0x07,0xFF,0xFF,0xFE,0x00,
    0xFF,0x80,0x00,0x00,0x00,0x00,0x00,0x00,0x00,0x00,0x00,0x00,0x00,0x00,0x00,0x0F,
    0xFF,0xFF,0xFE,0x00,0xFF,0xC0,0x00,0x00,0x00,0x00,0x00,0x00,0x00,0x00,0x00,0x00,
    0x00,0x00,0x00,0x0F,0xFE,0x07,0xFE,0x00,0xFF,0xE0,0x00,0x1F,0xF8,0x00,0x00,0x00,
    0x00,0x00,0x00,0x00,0x00,0x00,0x00,0x07,0xF8,0x01,0xFE,0x00,0x7F,0xF0,0x00,0xFF,
    0xFF,0xF0,0x00,0x00,0x00,0x00,0x00,0x00,0x00,0x00,0x00,0x03,0xE3,0xFC,0xFC,0x00,
    0x7F,0xFC,0x07,0xFF,0xFF,0xFE,0x00,0x00,0x00,0x00,0x00,0x00,0x00,0x00,0x00,0x01,
    0xCF,0xFE,0x38,0x00,0x3F,0xFF,0x9F,0xFF,0xFF,0xFF,0x80,0x00,0x00,0x00,0x00,0x00,
    0x00,0x00,0x00,0x00,0x1F,0xFF,0x00,0x00,0x3F,0xFF,0xFF,0xFF,0xFF,0xFF,0xE0,0x00,
    0x00,0x00,0x00,0x00,0x00,0x00,0x00,0x00,0x3F,0xFF,0x00,0x00,0x1F,0xFF,0xFF,0xFF,
    0xFF,0xFF,0xFE,0x00,0x00,0x00,0x00,0x00,0x00,0x00,0x00,0x00,0x3F,0xFF,0x00,0x00,
    0x0F,0xFF,0xFF,0xFF,0xFF,0xFF,0xFF,0x80,0x00,0x00,0x00,0x00,0x00,0x00,0x00,0x00,
    0x3F,0xFF,0x00,0x00,0x07,0xFF,0xFF,0xFF,0xFF,0xFF,0xFF,0xE0,0x00,0x00,0x00,0x00,
    0x00,0x00,0x00,0x00,0x1E,0x1E,0x00,0x00,0x03,0xFF,0xFF,0xFF,0xFF,0xFF,0xFF,0xF0,
    0x00,0x00,0x00,0x00,0x00,0x00,0x00,0x00,0x04,0x00,0x00,0x00,0x01,0xFF,0xFF,0xFF,
    0xFF,0xFF,0xFF,0xFC,0x00,0x00,0x00,0x00,0x00,0x00,0x00,0x00,0x01,0xF0,0x00,0x00,
    0x00,0xFF,0xFF,0xFF,0xFF,0xFF,0xFF,0xFE,0x00,0x00,0x00,0x00,0x00,0x00,0x00,0x00,
    0x07,0xF8,0x00,0x00,0x00,0x3F,0xFF,0xFF,0xFF,0xFF,0xFF,0xFF,0x80,0x00,0x00,0x00,
    0x00,0x00,0x00,0x00,0x07,0xFC,0x00,0x00,0x00,0x1F,0xFF,0xFF,0xFF,0xFF,0xFF,0xFF,
    0xC0,0x00,0x00,0x00,0x00,0x00,0x00,0x00,0x0F,0xFC,0x00,0x00,0x00,0x1F,0xFF,0xFF,
    0xFF,0xFF,0xFF,0xFF,0xE0,0x00,0x00,0x00,0x00,0x00,0x00,0x00,0x0F,0xFE,0x00,0x00,
    0x00,0x3F,0xFF,0xFF,0xFF,0xFF,0xFF,0xFF,0xF0,0x00,0x00,0x00,0x00,0x00,0x00,0x00,
    0x0F,0xFE,0x00,0x00,0x00,0x3F,0xFF,0xFF,0xFF,0xFF,0xFF,0xFF,0xF8,0x00,0x00,0x00,
    0x00,0x00,0x00,0x00,0x07,0xFC,0x00,0x00,0x00,0x7F,0xFF,0xFF,0xFF,0xFF,0xFF,0xFF,
    0xFC,0x00,0x00,0x00,0x00,0x00,0x00,0x00,0x07,0xF8,0x00,0x00,0x00,0x7F,0xFF,0xFF,
    0xFF,0xFF,0xFF,0xFF,0xFE,0x00,0x00,0x00,0x00,0x00,0x00,0x00,0x03,0xF0,0x00,0x00,
    0x00,0x7F,0xFF,0xFF,0xFF,0xFF,0xFF,0xFF,0xFF,0xFC,0x00,0x00,0x00,0x00,0x00,0x00,
    0x00,0xE0,0x00,0x00,0x00,0x7F,0xFF,0xFF,0xFF,0xFF,0xFF,0xFF,0xFF,0xFF,0x80,0x00,
    0x00,0x00,0x00,0x00,0x00,0x00,0x00,0x00,0x00,0x7F,0xFF,0xFF,0xFF,0xFF,0xFF,0xFF,
    0xFF,0xFF,0xFF,0x00,0x00,0x00,0x00,0x00,0x00,0x00,0x00,0x00,0x00,0x7F,0xFF,0xFF,
    0xFF,0xFF,0xFF,0xFF,0xFF,0xFF,0xFF,0x80,0x00,0x00,0x00,0x00,0x00,0x00,0x00,0x00,
    0x00,0x7F,0xFF,0xFF,0xFF,0xFF,0xFF,0xFF,0xFF,0xFF,0xFF,0xC0,0x00,0x00,0x00,0x00,
    0x00,0x00,0x00,0x00,0x00,0x7F,0xFF,0xFF,0xFF,0xFF,0xFF,0xFF,0xFF,0xFF,0xFF,0xE0,
    0x00,0x00,0x00,0x00,0x00,0x00,0x00,0x00,0x00,0x7F,0xFF,0xFF,0xFF,0xFF,0xFF,0xFF,
    0xFF,0xFF,0xFF,0xF0,0x00,0x00,0x00,0x00,0x00,0x00,0x00,0x00,0x00,0x7F,0xFF,0xFF,
    0xFF,0xFF,0xFF,0xFF,0xFF,0xFF,0xFF,0xF8,0x00,0x00,0x00,0x00,0x00,0x00,0x00,0x00,
    0x00,0x7F,0xFF,0xFF,0xFF,0xFF,0xFF,0xFF,0xFF,0xFF,0xFF,0xF8,0x00,0x00,0x00,0x00,
    0x00,0x00,0x00,0x00,0x00,0x7F,0xFF,0xFF,0xFF,0xFF,0xFF,0xFF,0xFF,0xFF,0xFF,0xFC,
    0x00,0x00,0x00,0x00,0x00,0x00,0x00,0x00,0x00,0x3F,0xFF,0xFF,0xFF,0xFF,0xFF,0xFF,
    0xFF,0xFF,0xFF,0xFC,0x00,0x00,0x00,0x00,0x00,0x00,0x00,0x00,0x00,0x3F,0xFF,0xFF,
    0xFF,0xFF,0xFF,0xFF,0xFF,0xFF,0xFF,0xFE,0x00,0x00,0x00,0x00,0x00,0x00,0x00,0x00,
    0x00,0x1F,0xFF,0xFF,0xFF,0xFF,0xFF,0xFF,0xFF,0xFF,0xFF,0xFE,0x00,0x00,0x00,0x00,
    0x00,0x00,0x00,0x00,0x00,0x1F,0xFF,0xFF,0xFF,0xFF,0xFF,0xFF,0xFF,0xFF,0xFF,0xFE,
    0x00,0x00,0x00,0x00,0x00,0x00,0x00,0x00,0x00,0x0F,0xFF,0xFF,0xFF,0xFF,0xFF,0xFF,
    0xFF,0xFF,0xFF,0xFE,0x00,0x00,0x00,0x00,0x00,0x00,0x00,0x00,0x00,0x0F,0xFF,0xFF,
    0xFF,0xFF,0xFF,0xFF,0xFF,0xFF,0xFF,0xFF,0x00,0x00,0x00,0x00,0x00,0x00,0x00,0x00,
    0x00,0x07,0xFF,0xFF,0xFF,0xFF,0xFF,0xFF,0xFF,0xFF,0xFF,0xFF,0x00,0x00,0x00,0x00,
    0x00,0x00,0x00,0x00,0x00,0x07,0xFF,0xFF,0xBF,0xFF,0xFF,0xFF,0xFF,0xFF,0xFF,0xFF,
    0x00,0x00,0x00,0x00,0x00,0x00,0x00,0x00,0x00,0x07,0xFF,0xFF,0x8F,0xFF,0xFF,0xFF,
    0xFF,0xFF,0xFF,0xFF,0x00,0x00,0x00,0x00,0x00,0x00,0x00,0x00,0x00,0x07,0xFF,0xFF,
    0x0F,0xFF,0xFF,0xFF,0xFF,0xFF,0xFF,0xFF,0x00,0x00,0x00,0x00,0x00,0x00,0x00,0x00,
    0x00,0x07,0xFF,0xFC,0x0F,0xFF,0xFF,0xFF,0xFF,0xFF,0xFF,0xFF,0x00,0x00,0x00,0x00,
    0x00,0x00,0x00,0x00,0x00,0x07,0xFF,0xF8,0x0F,0xFF,0xFF,0xFF,0xFF,0xFF,0xFF,0xFE,
    0x00,0x00,0x00,0x00,0x00,0x00,0x00,0x00,0x00,0x03,0xFF,0xF8,0x0F,0xFF,0x3F,0xFF,
    0xFF,0xFF,0xFF,0xFC,0x00,0x00,0x00,0x00,0x00,0x00,0x00,0x00,0x00,0x03,0xFF,0xF8,
    0x0F,0xFF,0x0F,0xFF,0xFF,0xFF,0xFF,0xFC,0x00,0x00,0x00,0x00,0x00,0x00,0x00,0x00,
    0x00,0x01,0xFF,0xF0,0x07,0xFF,0x01,0xFF,0xFF,0xFF,0xFF,0xFC,0x00,0x00,0x00,0x00,
    0x00,0x00,0x00,0x00,0x00,0x01,0xFF,0xF0,0x07,0xFF,0x00,0x7F,0xFF,0xFF,0xFF,0xFE,
    0x00,0x00,0x00,0x00,0x00,0x00,0x00,0x00,0x00,0x00,0xFF,0xF0,0x07,0xFF,0x00,0x7F,
    0xFF,0xFF,0xFF,0xFF,0x80,0x00,0x00,0x00,0x00,0x00,0x00,0x00,0x00,0x00,0xFF,0xF0,
    0x07,0xFF,0x00,0x3F,0xFF,0xFF,0xFF,0xFF,0x80,0x00,0x00,0x00,0x00,0x00,0x00,0x00,
    0x00,0x00,0xFF,0xFC,0x07,0xFF,0x80,0x1F,0xFF,0xFF,0xFF,0xFF,0xC0,0x00,0x00,0x00,
    0x00,0x00,0x00,0x00,0x00,0x00,0x7F,0xFE,0x07,0xFF,0xC0,0x0F,0xFF,0xFF,0xFF,0xFF,
    0xC0,0x00,0x00,0x00,0x00,0x01,0x87,0x00,0x00,0x00,0x7F,0xFF,0x07,0xFF,0xE0,0x0F,
    0xFF,0xFF,0xFF,0xFF,0xC0,0x00,0x00,0x00,0x00,0x01,0x86,0x00,0x00,0x00,0x7F,0xFF,
    0x87,0xFF,0xF0,0x07,0xFF,0xFF,0xFF,0xFF,0xE0,0x00,0x00,0x00,0x00,0x01,0xCE,0x00,
    0x00,0x00,0x7F,0xFF,0x87,0xFF,0xF0,0x07,0xFF,0xFF,0xFF,0xFF,0xC0,0x00,0x00,0x00,
    0x00,0x18,0xFD,0x80,0x00,0x00,0xFF,0xFF,0xC7,0xFF,0xF8,0x03,0xFF,0xFF,0xFF,0xFF,
    0xC0,0x00,0x00,0x00,0x00,0x1E,0xFF,0x80,0x00,0x00,0xFF,0xFF,0xC7,0xFF,0xF8,0x03,
    0xFF,0xFF,0xFF,0xFF,0xC0,0x00,0x00,0x00,0x00,0x4F,0xFF,0xC0,0x00,0x00,0xFF,0xFF,
    0xC7,0xFF,0xF8,0x01,0xFF,0x8F,0xFF,0xFF,0x80,0x00,0x00,0x00,0x00,0xFF,0xFF,0xFC,
    0x00,0x00,0xFF,0xFF,0xC3,0xFF,0xF8,0x01,0xFF,0x83,0xFF,0xFF,0x00,0x00,0x00,0x00,
    0x00,0x7F,0xFF,0xFC,0xFF,0xFF,0xFF,0xFF,0xFF,0xFF,0xFF,0xFF,0xFF,0xFF,0xFF,0xFF,
    0xFF,0xFF,0xFF,0xFF,0xFF,0xFF,0xFF,0xFF,0xFF,0xFF,0xFF,0xFF,0xFF,0xFF,0xFF,0xFF,
    0xFF,0xFF,0xFF,0xFF,0xFF,0xFF,0xFF,0xFF,0xFF,0xFF,0xFF,0xFF,0x00,0x00,0x00,0x00,
    0x00,0x00,0x00,0x00,0x00,0x00,0x00,0x00,0x00,0x00,0x00,0x00,0x00,0x00,0x00,0x00,
};
