
#pragma once
#include <stdint.h>

#define SNIFFCHECK_LOGO_6_W 160
#define SNIFFCHECK_LOGO_6_H 80

static const uint16_t sniffcheck_logo_6[12800] = {
    0x0000,0x0000,0x0000,0x0000,0x0000,0x0000,0x0000,0x0000,0x0000,0x0000,0x0000,0x0000,
    0x0000,0x0000,0x0000,0x0000,0x0000,0x0000,0x0000,0x0000,0x0000,0x0000,0x0000,0x0000,
    0x0000,0x0000,0x0000,0x0000,0x0000,0x0000,0x0000,0x0000,0x0000,0x0000,0x0000,0x0000,
    0x0000,0x0000,0x0000,0x0000,0x0000,0x0000,0x0000,0x0000,0x0000,0x0000,0x0000,0x0000,
    0x0000,0x0000,0x0000,0x0000,0x0000,0x0000,0x0000,0x0000,0x0000,0x0000,0x0000,0x0000,
    0x0000,0x0000,0x0000,0x0000,0x0000,0x0000,0x0000,0x0000,0x0000,0x0000,0x0000,0x0000,
    0x0000,0x0000,0x0000,0x0000,0x0000,0x0000,0x0000,0x0000,0x0000,0x0000,0x0000,0x0000,
    0x0000,0x0000,0x0000,0x0000,0x0000,0x0000,0x0000,0x0000,0x0000,0x0000,0x0000,0x0000,
    0x0000,0x0000,0x0000,0x0000,0x0000,0x0000,0x0000,0x0000,0x0000,0x0000,0x0000,0x0000,
    0x0000,0x0000,0x0000,0x0000,0x0000,0x0000,0x0000,0x0000,0x0000,0x0000,0x0000,0x0000,
    0x0000,0x0000,0x0000,0x0000,0x0000,0x0000,0x0100,0x0000,0x0000,0x0100,0x0000,0x0000,
    0x0000,0x0000,0x0000,0x0000,0x0000,0x0000,0x0000,0x0000,0x0000,0x0000,0x0000,0x0000,
    0x0000,0x0000,0x0000,0x0000,0x0000,0x0000,0x0000,0x0000,0x0000,0x0000,0x0000,0x0000,
    0x0000,0x0000,0x0000,0x0000,0x0000,0x0000,0x0000,0x0000,0x0000,0x0000,0x0000,0x0000,
    0x0000,0x0000,0x0000,0x0000,0x0000,0x0000,0x0000,0x0000,0x0000,0x0000,0x0000,0x0000,
    0x0000,0x0000,0x0000,0x0000,0x0000,0x0000,0x0000,0x0000,0x0000,0x0000,0x0000,0x0000,
    0x0000,0x0000,0x0000,0x0000,0x0000,0x0000,0x0000,0x0000,0x0000,0x0000,0x0000,0x0000,
    0x0000,0x0000,0x0000,0x0000,0x0000,0x0000,0x0000,0x0000,0x0000,0x0000,0x0000,0x0000,
    0x0000,0x0000,0x0000,0x0000,0x0000,0x0000,0x0000,0x0000,0x0000,0x0000,0x0000,0x0000,
    0x0000,0x0000,0x0000,0x0000,0x0000,0x0000,0x0000,0x0000,0x0000,0x0000,0x0000,0x0000,
    0x0000,0x0000,0x0000,0x0000,0x0000,0x0000,0x0000,0x0000,0x0000,0x0000,0x0000,0x0000,
    0x0000,0x0000,0x0000,0x0000,0x0000,0x0000,0x0000,0x0000,0x0000,0x0000,0x0000,0x0000,
    0x0000,0x0000,0x0000,0x0000,0x0000,0x0000,0x0000,0x0000,0x0000,0x0000,0x0000,0x0000,
    0x0000,0x0000,0x0000,0x0000,0x0000,0x0000,0xA410,0xA531,0x879C,0xA6BD,0x65BD,0xC4C5,
    0x85BD,0x26AD,0xE583,0x8431,0x4308,0x0100,0x0000,0x0000,0x0000,0x0000,0x0000,0x0000,
    0x0000,0x0000,0x0000,0x0000,0x0000,0x0000,0x0000,0x0000,0x0000,0x0000,0x0000,0x0000,
    0x0000,0x0000,0x0000,0x0000,0x0000,0x0000,0x0000,0x0000,0x0000,0x0000,0x0000,0x0000,
    0x0000,0x0000,0x0000,0x0000,0x0000,0x0000,0x0000,0x0000,0x0000,0x0000,0x0000,0x0000,
    0x0000,0x0000,0x0000,0x0000,0x0000,0x0000,0x0000,0x0000,0x0000,0x0000,0x0000,0x0000,
    0x0000,0x0000,0x0000,0x0000,0x0000,0x0000,0x0000,0x0000,0x0000,0x0000,0x0000,0x0000,
    0x0000,0x0000,0x0000,0x0000,0x0000,0x0000,0x0000,0x0000,0x0000,0x0000,0x0000,0x0000,
    0x0000,0x0000,0x0000,0x0000,0x0000,0x0000,0x0000,0x0000,0x0000,0x0000,0x0000,0x0000,
    0x0000,0x0000,0x0000,0x0000,0x0000,0x0000,0x0000,0x0000,0x0000,0x0000,0x0000,0x0000,
    0x0000,0x0000,0x0000,0x0000,0x0000,0x0000,0x0000,0x0000,0x0000,0x0000,0x0000,0x0000,
    0x0000,0x0000,0x0000,0x0000,0x0000,0x0000,0x0000,0x0000,0x0000,0x0000,0x0000,0x0000,
    0x0000,0x0000,0x0000,0x0000,0x0000,0x0000,0x0000,0x0000,0x0000,0x0000,0x0000,0x0000,
    0x0000,0x0000,0x0000,0x0000,0x0000,0x0000,0x0000,0x2300,0xE662,0xE7CD,0xC6FF,0xE4FF,
    0xC2FF,0xA1FF,0x81FF,0x60FF,0x40FF,0x60FF,0xE1FF,0xE4FF,0x64FF,0x45AD,0xC439,0x0100,
    0x0000,0x0000,0x0000,0x0000,0x0000,0x0000,0x0000,0x0000,0x0000,0x0000,0x0000,0x0000,
    0x0000,0x0000,0x0000,0x0000,0x0000,0x0000,0x0000,0x0000,0x0000,0x0000,0x0000,0x0000,
    0x0000,0x0000,0x0000,0x0000,0x0000,0x0000,0x0000,0x0000,0x0000,0x0000,0x0000,0x0000,
    0x0000,0x0000,0x0000,0x0000,0x0000,0x0000,0x0000,0x0000,0x0000,0x0000,0x0000,0x0000,
    0x0000,0x0000,0x0000,0x0000,0x0000,0x0000,0x0000,0x0000,0x0000,0x0000,0x0000,0x0000,
    0x0000,0x0000,0x0000,0x0000,0x0000,0x0000,0x0000,0x0000,0x0000,0x0000,0x0000,0x0000,
    0x0000,0x0000,0x0000,0x0000,0x0000,0x0000,0x0000,0x0000,0x0000,0x0000,0x0000,0x0000,
    0x0000,0x0000,0x0000,0x0000,0x0000,0x0000,0x0000,0x0000,0x0000,0x0000,0x0000,0x0000,
    0x0000,0x0000,0x0000,0x0000,0x0000,0x0000,0x0000,0x0000,0x0000,0x0000,0x0000,0x0000,
    0x0000,0x0000,0x0000,0x0000,0x0000,0x0000,0x0000,0x0000,0x0000,0x0000,0x0000,0x0000,
    0x0000,0x0000,0x0000,0x0000,0x0000,0x0000,0x0000,0x0000,0x0000,0x0000,0x0000,0x0000,
    0x0000,0x0000,0x0000,0x0000,0x0000,0x0000,0x0000,0x4008,0x0000,0x0300,0xE683,0xA6FF,
    0xE2FF,0x00FF,0xA0FE,0x40FE,0x40FE,0x40F6,0x40F6,0x40F6,0x20F6,0x00F6,0xE0ED,0xE0F5,
    0x80FE,0xC0FF,0xE5FF,0x89D6,0xC439,0x0000,0x0000,0x0000,0x0000,0x0000,0x0000,0x0000,
    0x0000,0x0000,0x0000,0x0000,0x0000,0x0000,0x0000,0x0000,0x0000,0x0000,0x0000,0x0000,
    0x0000,0x0000,0x0000,0x0000,0x0000,0x0000,0x0000,0x0000,0x0000,0x0000,0x0000,0x0000,
    0x0000,0x0000,0x0000,0x0000,0x0000,0x0000,0x0000,0x0000,0x0000,0x0000,0x0000,0x0000,
    0x0000,0x0000,0x0000,0x0000,0x0000,0x0000,0x0000,0x0000,0x0000,0x0000,0x0000,0x0000,
    0x0000,0x0000,0x0000,0x0000,0x0000,0x0000,0x0000,0x0000,0x0000,0x4108,0x0000,0x0000,
    0x0000,0x0000,0x0000,0x0000,0x0000,0x0000,0x0000,0x0000,0x0000,0x0000,0x0000,0x0000,
    0x0000,0x0000,0x0000,0x0000,0x0000,0x0000,0x0000,0x0000,0x0000,0x0000,0x0000,0x0000,
    0x0000,0x0000,0x0000,0x0000,0x0000,0x0000,0x0000,0x0000,0x0000,0x0000,0x0000,0x0000,
    0x0000,0x0000,0x0000,0x0000,0x0000,0x0000,0x0000,0x0000,0x0000,0x0000,0x0000,0x0000,
    0x0000,0x0000,0x0000,0x0000,0x0000,0x0000,0x0000,0x0000,0x0000,0x0000,0x0000,0x0000,
    0x0000,0x0000,0x0000,0x0000,0x0000,0x0000,0x0000,0x0000,0x0000,0x0000,0x0100,0x0100,
    0xC439,0xA6FF,0xE1FF,0x80FE,0x00EE,0x20EE,0xA0FE,0xE0FE,0x40FF,0x80FF,0x80FF,0x80FF,
    0x60FF,0xE0FE,0xA0FE,0x40F6,0x20F6,0x20F6,0x40FE,0x41FF,0xE7FF,0x048C,0x0100,0x0200,
    0x0000,0x0000,0x0000,0x0000,0x0000,0x0000,0x0000,0x0000,0x0000,0x0000,0x0000,0x0000,
    0x0000,0x0000,0x0000,0x0000,0x0000,0x0000,0x0000,0x0000,0x0000,0x0000,0x0000,0x0000,
    0x0000,0x0000,0x0000,0x0000,0x0000,0x0000,0x0000,0x0000,0x0000,0x0000,0x0000,0x0000,
    0x0000,0x0000,0x0000,0x0000,0x0000,0x0000,0x0000,0x0000,0x0000,0x0000,0x0000,0x0000,
    0x0000,0x0000,0x0000,0x0000,0x0000,0x0000,0x0000,0x0000,0x0000,0x0000,0x0000,0x0000,
    0x0000,0x2108,0x0000,0x0000,0x0000,0x0000,0x0000,0x0000,0x0000,0x0000,0x0000,0x0000,
    0x0000,0x0000,0x0000,0x0000,0x0000,0x0000,0x0000,0x0000,0x0000,0x0000,0x0000,0x0000,
    0x0000,0x0000,0x0000,0x0000,0x0000,0x0000,0x0000,0x0000,0x0000,0x0000,0x0000,0x0000,
    0x0000,0x0000,0x0000,0x0000,0x0000,0x0000,0x0000,0x0000,0x0000,0x0000,0x0000,0x0000,
    0x0000,0x0000,0x0000,0x0000,0x0000,0x0000,0x0000,0x0000,0x0000,0x0000,0x0000,0x0000,
    0x0000,0x0000,0x0000,0x0000,0x0000,0x0000,0x0000,0x0000,0x0000,0x0000,0x0000,0x0000,
    0x0000,0x0000,0x0200,0x42A4,0xE3FF,0xE0FE,0x60FE,0x80FE,0xE0FE,0x60FF,0x00FF,0x40FE,
    0x00F5,0x80A3,0x60AB,0x80AB,0x60AB,0x00FD,0xE0FD,0x40FF,0x60FF,0xE0FE,0x81FE,0x41FE,
    0x80FE,0xC2FF,0xE2EE,0x6210,0x0100,0x0000,0x0000,0x0000,0x0000,0x0000,0x0000,0x0000,
    0x0000,0x0000,0x0000,0x0000,0x0000,0x0000,0x0000,0x0000,0x0000,0x0000,0x0000,0x0000,
    0x0000,0x0000,0x0000,0x0000,0x0000,0x0000,0x0000,0x0000,0x0000,0x0000,0x0000,0x0000,
    0x0000,0x0000,0x0000,0x0000,0x0000,0x0000,0x0000,0x0000,0x0000,0x0000,0x0000,0x0000,
    0x0000,0x0000,0x0000,0x0000,0x0000,0x0000,0x0000,0x0000,0x0000,0x0000,0x0000,0x0000,
    0x0000,0x0000,0x0000,0x0000,0x0A9C,0xE549,0x0000,0x0000,0x0000,0x0000,0x0000,0x0000,
    0x0000,0x0000,0x0000,0x0000,0x0000,0x0000,0x0000,0x0000,0x0000,0x0000,0x0000,0x0000,
    0x0000,0x0000,0x0000,0x0000,0x0000,0x0000,0x0000,0x0000,0x0000,0x0000,0x0000,0x0000,
    0x0000,0x0000,0x0000,0x0000,0x0000,0x0000,0x0000,0x0000,0x0000,0x0000,0x0000,0x0000,
    0x0000,0x0000,0x0000,0x0000,0x0000,0x0000,0x0000,0x0000,0x0000,0x0000,0x0000,0x0000,
    0x0000,0x0000,0x0000,0x0000,0x0000,0x0000,0x0000,0x0000,0x0000,0x0000,0x0000,0x0000,
    0x0000,0x0000,0x0000,0x0000,0x0000,0x0100,0xC0FE,0xE0FF,0x60FE,0x81FE,0xE1FE,0x80FF,
    0x20FE,0xE192,0xA130,0x0100,0x0100,0x0100,0x0100,0x0100,0x0100,0x0100,0x0100,0x2159,
    0xC0C3,0xE1FE,0x81FF,0xE1FE,0xA1FE,0xA0FE,0x60FF,0x40FF,0x6210,0x0100,0x0000,0x0000,
    0x0000,0x0000,0x0000,0x0000,0x0000,0x0000,0x0000,0x0000,0x0000,0x0000,0x0000,0x0000,
    0x0000,0x0000,0x0000,0x0000,0x0000,0x0000,0x0000,0x0000,0x0000,0x0000,0x0000,0x0000,
    0x0000,0x0000,0x0000,0x0000,0x0000,0x0000,0x0000,0x0000,0x0000,0x0000,0x0000,0x0000,
    0x0000,0x0000,0x0000,0x0000,0x0000,0x0000,0x0000,0x0000,0x0000,0x0000,0x0000,0x0000,
    0x0000,0x0000,0x0000,0x0000,0x0000,0x0000,0x0000,0x8441,0x0CF6,0x0000,0x0000,0x0000,
    0x0000,0x0000,0x0000,0x0000,0x0000,0x0000,0x0000,0x0000,0x0000,0x0000,0x0000,0x0000,
    0x0000,0x0000,0x0000,0x0000,0x0000,0x0000,0x0000,0x0000,0x0000,0x0000,0x0000,0x0000,
    0x0000,0x0000,0x0000,0x0000,0x0000,0x0000,0x0000,0x0000,0x0000,0x0000,0x0000,0x0000,
    0x0000,0x0000,0x0000,0x0000,0x0000,0x0000,0x0000,0x0000,0x0000,0x0000,0x0000,0x0000,
    0x0000,0x0000,0x0000,0x0000,0x0000,0x0000,0x0000,0x0000,0x0000,0x0000,0x0000,0x0000,
    0x0000,0x0000,0x0000,0x0000,0x0000,0x0000,0x0000,0x0000,0x0200,0xA0FE,0x20FF,0x00F6,
    0x61FE,0x01FF,0x81FE,0xC192,0x0100,0x0100,0x0000,0x0000,0x2000,0x6331,0x0000,0x8539,
    0x0000,0x0000,0x0000,0x0100,0x0100,0x6128,0xC1C3,0x41FF,0x81FF,0xA0FE,0x60F6,0x20FF,
    0x80FF,0xA118,0x0000,0x0000,0x0000,0x0000,0x0000,0x0000,0x0000,0x0000,0x0000,0x0000,
    0x0000,0x0000,0x0000,0x0000,0x0000,0x0000,0x0000,0x0000,0x0000,0x0000,0x0000,0x0000,
    0x0000,0x0000,0x0000,0x0000,0x0000,0x0000,0x0000,0x0000,0x0000,0x0000,0x0000,0x0000,
    0x0000,0x0000,0x0000,0x0000,0x0000,0x0000,0x0000,0x0000,0x0000,0x0000,0x0000,0x0000,
    0x0000,0x0000,0x0000,0x0000,0x0000,0x0000,0x0000,0x0000,0x0000,0x0000,0x0000,0xEAC4,
    0x6BDD,0x0000,0x0000,0x0000,0x0000,0x0000,0x0000,0x0000,0x0000,0x0000,0x0000,0x0000,
    0x0000,0x0000,0x0000,0x0000,0x0000,0x0000,0x0000,0x0000,0x0000,0x0000,0x0000,0x0000,
    0x0000,0x0000,0x0000,0x0000,0x0000,0x0000,0x0000,0x0000,0x0000,0x0000,0x0000,0x0000,
    0x0000,0x0000,0x0000,0x0000,0x0000,0x0000,0x0000,0x0000,0x0000,0x0000,0x0000,0x0000,
    0x0000,0x0000,0x0000,0x0000,0x0000,0x0000,0x0000,0x0000,0x0000,0x0000,0x0000,0x0000,
    0x0000,0x0000,0x0000,0x0000,0x0000,0x0000,0x0000,0x0000,0x0000,0x0000,0x0100,0x4208,
    0x80FE,0x00FF,0xE0F5,0x40F6,0x00FF,0xE0FD,0x0110,0x0100,0x0000,0x0000,0x0000,0x0000,
    0x0000,0x0000,0x0000,0x0000,0x0000,0x0000,0x0000,0x0000,0x0000,0x0100,0x0100,0x2159,
    0xE0FD,0x60FF,0xC0FE,0x41F6,0xE0FF,0xA162,0x0200,0x0000,0x0000,0x0000,0x0000,0x0000,
    0x0000,0x0000,0x0000,0x0000,0x0000,0x0000,0x0000,0x0000,0x0000,0x0000,0x0000,0x0000,
    0x0000,0x0000,0x0000,0x0000,0x0000,0x0000,0x0000,0x0000,0x0000,0x0000,0x0000,0x0000,
    0x0000,0x0000,0x0000,0x0000,0x0000,0x0000,0x0000,0x0000,0x0000,0x0000,0x0000,0x0000,
    0x0000,0x0000,0x0000,0x0000,0x0000,0x0000,0x0000,0x0000,0x0000,0x0000,0x0000,0x0000,
    0x0000,0x0000,0x0000,0xECF5,0x0ACD,0x0000,0x0000,0x0000,0x0000,0x0000,0x0000,0x0000,
    0x0000,0x0000,0x0000,0x0000,0x0000,0x0000,0x0000,0x0000,0x0000,0x0000,0x0000,0x0000,
    0x0000,0x0000,0x0000,0x0000,0x0000,0x0000,0x0000,0x0000,0x0000,0x0000,0x0000,0x0000,
    0x0000,0x0000,0x0000,0x0000,0x0000,0x0000,0x0000,0x0000,0x0000,0x0000,0x0000,0x0000,
    0x0000,0x0000,0x0000,0x0000,0x0000,0x0000,0x0000,0x0000,0x0000,0x0000,0x0000,0x0000,
    0x0000,0x0000,0x0000,0x0000,0x0000,0x0000,0x0000,0x0000,0x0000,0x0000,0x0000,0x0000,
    0x0000,0x0000,0x0100,0xC1BC,0xE1FF,0x00EE,0x60F6,0x00FF,0x40DC,0x0108,0x0100,0x2229,
    0x0000,0x0000,0x0000,0x0000,0x0000,0x0000,0x0000,0x0000,0x0000,0x0000,0x0000,0x0000,
    0x0000,0x0000,0x0000,0x0100,0x0100,0x40FD,0xA0FF,0x61EE,0xE1FF,0xC0A3,0x0100,0x0000,
    0x0000,0x0000,0x0000,0x0000,0x0000,0x0000,0x0000,0x0000,0x0000,0x0000,0x0000,0x0000,
    0x0000,0x0000,0x0000,0x0000,0x0000,0x0000,0x0000,0x0000,0x0000,0x0000,0x0000,0x0000,
    0x0000,0x0000,0x0000,0x0000,0x0000,0x0000,0x0000,0x0000,0x0000,0x0000,0x0000,0x0000,
    0x0000,0x0000,0x0000,0x0000,0x0000,0x0000,0x0000,0x0000,0x0000,0x0000,0x0000,0x0000,
    0x0000,0x0000,0x0000,0x0000,0x0000,0x0000,0x0108,0xEDFE,0x0FFF,0x6210,0x0000,0x0000,
    0x0000,0x0000,0x0000,0x0000,0x0000,0x0000,0x0000,0x0000,0x0000,0x0000,0x0000,0x0000,
    0x0000,0x0000,0x0000,0x0000,0x0000,0x0000,0x0000,0x0000,0x0000,0x0000,0x0000,0x0000,
    0x0000,0x0000,0x0000,0x0000,0x0000,0x0000,0x0000,0x0000,0x0000,0x0000,0x0000,0x0000,
    0x0000,0x0000,0x0000,0x0000,0x0000,0x0000,0x0000,0x0000,0x0000,0x0000,0x0000,0x0000,
    0x0000,0x0000,0x0000,0x0000,0x0000,0x0000,0x0000,0x0000,0x0000,0x0000,0x0000,0x0000,
    0x0000,0x0000,0x0000,0x0000,0x0000,0x0000,0x0100,0x2041,0x40FF,0x01FF,0xE1FE,0x80F4,
    0x0100,0x0000,0x0000,0x0000,0x0000,0x0000,0x0000,0x0100,0x0200,0x2329,0x6431,0x0200,
    0x0100,0x0200,0x0000,0x0000,0x0000,0x0000,0x0000,0xC341,0x0200,0x0100,0xC0FD,0x00FF,
    0x01FF,0xE169,0x0100,0x0000,0x0000,0x0000,0x0000,0x0000,0x0000,0x0000,0x0000,0x0000,
    0x0000,0x0000,0x0000,0x0000,0x0000,0x0000,0x0000,0x0000,0x0000,0x0000,0x0000,0x0000,
    0x0000,0x0000,0x0000,0x0000,0x0000,0x0000,0x0000,0x0000,0x0000,0x0000,0x0000,0x0000,
    0x0000,0x0000,0x0000,0x0000,0x0000,0x0000,0x0000,0x0000,0x0000,0x0000,0x0000,0x0000,
    0x0000,0x0000,0x0000,0x0000,0x0000,0x0000,0x0000,0x0000,0x0000,0x0000,0x0331,0xADFE,
    0x30FF,0x6531,0x0000,0x0000,0x0000,0x0000,0x0000,0x0000,0x0000,0x0000,0x0000,0x0000,
    0x0000,0x0000,0x0000,0x0000,0x0000,0x0000,0x0000,0x0000,0x0000,0x0000,0x0000,0x0000,
    0x0000,0x0000,0x0000,0x0000,0x0000,0x0000,0x0000,0x0000,0x0000,0x0000,0x0000,0x0000,
    0x0000,0x0000,0x0000,0x0000,0x0000,0x0000,0x0000,0x0000,0x0000,0x0000,0x0000,0x0000,
    0x0000,0x0000,0x0000,0x0000,0x0000,0x0000,0x0000,0x0000,0x0000,0x0000,0x0000,0x0000,
    0x0000,0x0000,0x0000,0x0000,0x0000,0x0000,0x0000,0x0000,0x0000,0x0000,0x0000,0x0100,
    0x4159,0x80BB,0xC0A2,0x0100,0x0200,0x0000,0x0000,0x0000,0x0000,0x0200,0x0442,0xE5A4,
    0x63E6,0xE2FF,0xE2FF,0xE1DD,0xA3C5,0xC383,0x6229,0x0200,0x0100,0x0000,0x0000,0x0000,
    0x0000,0x0100,0x0100,0xA092,0x007A,0x0200,0x6108,0x0000,0x0000,0x0000,0x0000,0x0000,
    0x0000,0x0000,0x0000,0x0000,0x0000,0x0000,0x0000,0x0000,0x0000,0x0000,0x0000,0x0000,
    0x0000,0x0000,0x0000,0x0000,0x0000,0x0000,0x0000,0x0000,0x0000,0x0000,0x0000,0x0000,
    0x0000,0x0000,0x0000,0x0000,0x0000,0x0000,0x0000,0x0000,0x0000,0x0000,0x0000,0x0000,
    0x0000,0x0000,0x0000,0x0000,0x0000,0x0000,0x0000,0x0000,0x0000,0x0000,0x0000,0x0000,
    0x0000,0x0000,0x2783,0x4EFF,0x50FF,0x0652,0x0000,0x0000,0x0000,0x0000,0x0000,0x0000,
    0x0000,0x0000,0x0000,0x0000,0x0000,0x0000,0x0000,0x0000,0x0000,0x0000,0x0000,0x0000,
    0x0000,0x0000,0x0000,0x0000,0x0000,0x0000,0x0000,0x0000,0x0000,0x0000,0x0000,0x0000,
    0x0000,0x0000,0x0000,0x0000,0x0000,0x0000,0x0000,0x0000,0x0000,0x0000,0x0000,0x0000,
    0x0000,0x0000,0x0000,0x0000,0x0000,0x0000,0x0000,0x0000,0x0000,0x0000,0x0000,0x0000,
    0x0000,0x0000,0x0000,0x0000,0x0000,0x0000,0x0000,0x0000,0x0000,0x0000,0x0000,0x0000,
    0x0000,0x0000,0x0000,0x0000,0x0200,0x0200,0x0200,0x0000,0x0000,0x0000,0x0000,0x0100,
    0x8431,0x85D6,0xE2FF,0x40FF,0x40FE,0xE0FD,0xE0FD,0x80FE,0xE0FE,0x40FF,0xA0FF,0xE0BC,
    0x2129,0x0200,0x0000,0x0000,0x0000,0x0000,0x0200,0x0200,0x0100,0x0000,0x0000,0x0000,
    0x0000,0x0000,0x0000,0x0000,0x0000,0x0000,0x0000,0x0000,0x0000,0x0000,0x0000,0x0000,
    0x0000,0x0000,0x0000,0x0000,0x0000,0x0000,0x0000,0x0000,0x0000,0x0000,0x0000,0x0000,
    0x0000,0x0000,0x0000,0x0000,0x0000,0x0000,0x0000,0x0000,0x0000,0x0000,0x0000,0x0000,
    0x0000,0x0000,0x0000,0x0000,0x0000,0x0000,0x0000,0x0000,0x0000,0x0000,0x0000,0x0000,
    0x0000,0x0000,0x0000,0x0000,0x0000,0x0000,0xC672,0x2EFF,0xCFFE,0xAFDD,0x0000,0x0000,
    0x0000,0x0000,0x0000,0x0000,0x0000,0x0000,0x0000,0x0000,0x0000,0x0000,0x0000,0x0000,
    0x0000,0x0000,0x0000,0x0000,0x0000,0x0000,0x0000,0x0000,0x0000,0x0000,0x0000,0x0000,
    0x0000,0x0000,0x0000,0x0000,0x0000,0x0000,0x0000,0x0000,0x0000,0x0000,0x0000,0x0000,
    0x0000,0x0000,0x0000,0x0000,0x0000,0x0000,0x0000,0x0000,0x0000,0x0000,0x0000,0x0000,
    0x0000,0x0000,0x0000,0x0000,0x0000,0x0000,0x0000,0x0000,0x0000,0x0000,0x0000,0x0000,
    0x0000,0x0000,0x0000,0x0000,0x0000,0x0000,0x0000,0x0000,0x0000,0x0000,0x0000,0x0000,
    0x0000,0x0000,0x0100,0xC35A,0xE4FF,0xE0FE,0xC0FD,0x00F6,0x80FE,0xC1FE,0xE2FE,0xC1FE,
    0xA1FE,0x40FE,0xE0F5,0xE0FE,0xC0FF,0x209C,0x0100,0x0100,0x0000,0x0000,0x0000,0x0000,
    0x0000,0x0000,0x0000,0x0000,0x0000,0x0000,0x0000,0x0000,0x0000,0x0000,0x0000,0x0000,
    0x0000,0x0000,0x0000,0x0000,0x0000,0x0000,0x0000,0x0000,0x0000,0x0000,0x0000,0x0000,
    0x0000,0x0000,0x0000,0x0000,0x0000,0x0000,0x0000,0x0000,0x0000,0x0000,0x0000,0x0000,
    0x0000,0x0000,0x0000,0x0000,0x0000,0x0000,0x0000,0x0000,0x0000,0x0000,0x0000,0x0000,
    0x0000,0x0000,0x0000,0x0000,0x0000,0x0000,0x0000,0x0000,0x0000,0x0000,0xE67A,0x6FFF,
    0xAAED,0xF3FF,0xC649,0x0000,0x0000,0x0000,0x0000,0x0000,0x0000,0x0000,0x0000,0x0000,
    0x0000,0x0000,0x0000,0x0000,0x0000,0x0000,0x0000,0x0000,0x0000,0x0000,0x0000,0x0000,
    0x0000,0x0000,0x0000,0x0000,0x0000,0x0000,0x0000,0x0000,0x0000,0x0000,0x0000,0x0000,
    0x0000,0x0000,0x0000,0x0000,0x0000,0x0000,0x0000,0x0000,0x0000,0x0000,0x0000,0x0000,
    0x0000,0x0000,0x0000,0x0000,0x0000,0x0000,0x0000,0x0000,0x0000,0x0000,0x0000,0x0000,
    0x0000,0x0000,0x0000,0x0000,0x0000,0x0000,0x0000,0x0000,0x0000,0x0000,0x0000,0x0000,
    0x0000,0x0000,0x0000,0x0000,0x0000,0x0200,0xC262,0xE1FF,0xE0FD,0xC0F5,0x80FE,0x80FE,
    0x00FD,0xE0D3,0x60C3,0x80CB,0x80EC,0xE0FD,0x00FF,0x40FE,0x20F6,0xA0FF,0xA0FF,0x4108,
    0x0100,0x0000,0x0000,0x0000,0x0000,0x0000,0x0000,0x0000,0x0000,0x0000,0x0000,0x0000,
    0x0000,0x0000,0x0000,0x0000,0x0000,0x0000,0x0000,0x0000,0x0000,0x0000,0x0000,0x0000,
    0x0000,0x0000,0x0000,0x0000,0x0000,0x0000,0x0000,0x0000,0x0000,0x0000,0x0000,0x0000,
    0x0000,0x0000,0x0000,0x0000,0x0000,0x0000,0x0000,0x0000,0x0000,0x0000,0x0000,0x0000,
    0x0000,0x0000,0x0000,0x0000,0x0000,0x0000,0x0000,0x0000,0x0000,0x0000,0x0000,0x0000,
    0x0000,0x0000,0xA672,0x4EFF,0xABED,0xEEFE,0xCFDD,0x0000,0x0000,0x0000,0x0000,0x0000,
    0x0000,0x0000,0x0000,0x0000,0x0000,0x0000,0x0000,0x0000,0x0000,0x0000,0x0000,0x0000,
    0x0000,0x0000,0x0000,0x0000,0x0000,0x0000,0x0000,0x0000,0x0000,0x0000,0x0000,0x0000,
    0x0000,0x0000,0x0000,0x0000,0x0000,0x0000,0x0000,0x0000,0x0000,0x0000,0x0000,0x0000,
    0x0000,0x0000,0x0000,0x0000,0x0000,0x0000,0x0000,0x0000,0x0000,0x0000,0x0000,0x0000,
    0x0000,0x0000,0x0000,0x0000,0x0000,0x0000,0x0000,0x0000,0x0000,0x0000,0x0000,0x0000,
    0x0000,0x0000,0x0000,0x0000,0x0000,0x0000,0x0000,0x0000,0x0100,0xA241,0xE0FF,0x00F6,
    0xC0F5,0x40FE,0x60EC,0x0061,0x0100,0x0100,0x0100,0x0000,0x0000,0x0110,0xE079,0x81FD,
    0xC1FE,0x01F6,0x21FF,0xE1FF,0xA218,0x0100,0x0000,0x0000,0x0000,0x0000,0x0000,0x0000,
    0x0000,0x0000,0x0000,0x0000,0x0000,0x0000,0x0000,0x0000,0x0000,0x0000,0x0000,0x0000,
    0x0000,0x0000,0x0000,0x0000,0x0000,0x0000,0x0000,0x0000,0x0000,0x0000,0x0000,0x0000,
    0x0000,0x0000,0x0000,0x0000,0x0000,0x0000,0x0000,0x0000,0x0000,0x0000,0x0000,0x0000,
    0x0000,0x0000,0x0000,0x0000,0x0000,0x0000,0x0000,0x0000,0x0000,0x0000,0x0000,0x0000,
    0x0000,0x0000,0x0000,0x0000,0x0000,0x0000,0x077B,0x8FFF,0x2CFE,0xEBF5,0x70FF,0xCB93,
    0x0000,0x0000,0x0000,0x0000,0x0000,0x0000,0x0000,0x0000,0x0000,0x0000,0x0000,0x0000,
    0x0000,0x0000,0x0000,0x0000,0x0000,0x0000,0x0000,0x0000,0x0000,0x0000,0x0000,0x0000,
    0x0000,0x0000,0x0000,0x0000,0x0000,0x0000,0x0000,0x0000,0x0000,0x0000,0x0000,0x0000,
    0x0000,0x0000,0x0000,0x0000,0x0000,0x0000,0x0000,0x0000,0x0000,0x0000,0x0000,0x0000,
    0x0000,0x0000,0x0000,0x0000,0x0000,0x0000,0x0000,0x0000,0x0000,0x0000,0x0000,0x0000,
    0x0000,0x0000,0x0000,0x0000,0x0000,0x0000,0x0000,0x0000,0x0000,0x0000,0x0000,0x0000,
    0x0200,0x6093,0x40FF,0x60FD,0x80FD,0x207A,0x0100,0x0200,0x4200,0x0000,0x0000,0x0000,
    0x0000,0x0000,0x0200,0x0100,0x21AB,0x20FF,0x63F6,0xE2FF,0x617A,0x0100,0x0000,0x0000,
    0x0000,0x0000,0x0000,0x0000,0x0000,0x0000,0x0000,0x0000,0x0000,0x0000,0x0000,0x0000,
    0x0000,0x0000,0x0000,0x0000,0x0000,0x0000,0x0000,0x0000,0x0000,0x0000,0x0000,0x0000,
    0x0000,0x0000,0x0000,0x0000,0x0000,0x0000,0x0000,0x0000,0x0000,0x0000,0x0000,0x0000,
    0x0000,0x0000,0x0000,0x0000,0x0000,0x0000,0x0000,0x0000,0x0000,0x0000,0x0000,0x0000,
    0x0000,0x0000,0x0000,0x0000,0x0000,0x0000,0x0000,0x0000,0x0000,0x0000,0x2429,0xEAC4,
    0xABE5,0x4DFE,0xEBF5,0xF2FF,0xCA93,0x0000,0x0000,0x0000,0x0000,0x0000,0x0000,0x0000,
    0x0000,0x0000,0x0000,0x0000,0x0000,0x0000,0x0000,0x0000,0x0000,0x4431,0x2652,0x0000,
    0x0000,0x0000,0x0000,0x0000,0x0000,0x0000,0x0000,0x0000,0x0000,0x0000,0x0000,0x0000,
    0x0000,0x0000,0x0000,0x0000,0x0000,0x0000,0x0000,0x0000,0x0000,0x0000,0x0000,0x0000,
    0x0000,0x0000,0x0000,0x0000,0x0000,0x0000,0x0000,0x0000,0x0000,0x0000,0x0000,0x0000,
    0x0000,0x0000,0x0000,0x0000,0x0000,0x0000,0x0000,0x0000,0x0000,0x0000,0x0000,0x0000,
    0x0000,0x0000,0x0000,0x0000,0x0000,0x0100,0x00D4,0xA0FC,0x0139,0x0100,0x6108,0x0000,
    0x0000,0x0000,0x0100,0x0000,0x0000,0x0000,0x0000,0x0100,0x0100,0xA051,0xC0FD,0x61DB,
    0x0108,0x0000,0x0000,0x0000,0x0000,0x0000,0x0000,0x0000,0x0000,0x0000,0x0000,0x0000,
    0x0000,0x0000,0x0000,0x0000,0x0000,0x0000,0x0000,0x0000,0x0000,0x0000,0x0000,0x0000,
    0x0000,0x0000,0x0000,0x0000,0x0000,0x0000,0x0000,0x0000,0x0000,0x0000,0x0000,0x0000,
    0x0000,0x0000,0x0000,0x0000,0x0000,0x0000,0x0000,0x0000,0x0000,0x0000,0x0000,0x0000,
    0x0000,0x0000,0x0000,0x0000,0x0000,0x0000,0x0000,0x0000,0x0000,0x0000,0x0000,0x0000,
    0x0000,0x0000,0x0000,0xE89B,0x49AC,0x2CFE,0x2CFE,0xEBF5,0xD3FF,0x10DE,0x6210,0x0000,
    0x0000,0x0000,0x0000,0x0000,0x0000,0x0000,0x0000,0x0000,0x0000,0x0100,0xE772,0x30EE,
    0xAED5,0xD2FE,0x32FF,0x8ED5,0xCFDD,0xEFDD,0x4983,0xCA93,0x475A,0xA86A,0x675A,0x0100,
    0x0000,0x0000,0x0000,0x0000,0x0000,0x0000,0x0000,0x0000,0x0000,0x0000,0x0000,0x0000,
    0x0000,0x0000,0x0000,0x0000,0x0000,0x0000,0x0000,0x0000,0x0000,0x0000,0x0000,0x0000,
    0x0000,0x0000,0x0000,0x0000,0x0000,0x0000,0x0000,0x0000,0x0000,0x0000,0x0000,0x0000,
    0x0000,0x0000,0x0000,0x0000,0x0000,0x0000,0x0000,0x0000,0x0000,0x0000,0x0100,0x0100,
    0x0200,0x0000,0x0000,0x0200,0x0200,0x0100,0xE162,0xC162,0xC26A,0xA218,0x0100,0x0000,
    0x0000,0x0200,0x4118,0x0100,0x0200,0x0000,0x0000,0x0000,0x0000,0x0000,0x0000,0x0000,
    0x0000,0x0000,0x0000,0x0000,0x0000,0x0000,0x0000,0x0000,0x0000,0x0000,0x0000,0x0000,
    0x0000,0x0000,0x0000,0x0000,0x0000,0x0000,0x0000,0x0000,0x0000,0x0000,0x0000,0x0000,
    0x0000,0x0000,0x0000,0x0000,0x0000,0x0000,0x0000,0x0000,0x0000,0x0000,0x0000,0x0000,
    0x0000,0x0000,0x0000,0x0000,0x0000,0x0000,0x0000,0x0000,0x0000,0x0000,0x0000,0x0000,
    0x0000,0x0000,0x0000,0x0000,0x0000,0x0000,0x0000,0x2331,0xCABC,0x8DD5,0xADFE,0x0CF6,
    0xEBF5,0x30FF,0xB4FF,0x0B9C,0x8318,0x0000,0x0000,0x0000,0x0000,0x0000,0x4208,0x255A,
    0x69AC,0x6DFE,0x4FFF,0xCEFE,0xCEFE,0x6DFE,0x4CFE,0xCEFE,0xCEFE,0xEEFE,0x4FFF,0x4FFF,
    0xD2FF,0xD1FF,0xD3FF,0xF2FE,0xAEDD,0xEB93,0xE420,0x0000,0x0000,0x0000,0x0000,0x0000,
    0x0000,0x0000,0x0000,0x0000,0x0000,0x0000,0x0000,0x0000,0x0000,0x0000,0x0000,0x0000,
    0x0000,0x0000,0x0000,0x0000,0x0000,0x0000,0x0000,0x0000,0x0000,0x0000,0x0000,0x0000,
    0x0000,0x0000,0x0000,0x0000,0x0000,0x0000,0x0000,0x0000,0x0000,0x0000,0x0000,0x0000,
    0x0000,0x0000,0x0000,0x0000,0x0000,0x4210,0x0100,0xA27B,0x61FF,0xC0F5,0x60FF,0x20FF,
    0x40FF,0x61FF,0xE172,0x0100,0x0000,0x0000,0x0000,0x0000,0x0000,0x0000,0x0000,0x0000,
    0x0000,0x0000,0x0000,0x0000,0x0000,0x0000,0x0000,0x0000,0x0000,0x0000,0x0000,0x0000,
    0x0000,0x0000,0x0000,0x0000,0x0000,0x0000,0x0000,0x0000,0x0000,0x0000,0x0000,0x0000,
    0x0000,0x0000,0x0000,0x0000,0x0000,0x0000,0x0000,0x0000,0x0000,0x0000,0x0000,0x0000,
    0x0000,0x0000,0x0000,0x0000,0x0000,0x0000,0x0000,0x0000,0x0000,0x0000,0x0000,0x0000,
    0x0000,0x0000,0x0000,0x0000,0x0000,0x0000,0x0000,0x0000,0x0000,0x0000,0x0000,0x0000,
    0xC672,0xCABC,0x6BDD,0x6CFE,0x0CF6,0xEBF5,0x4CFE,0x90FF,0x31FF,0xCA93,0x4431,0x0000,
    0x0000,0xC89B,0xCEFE,0x2EFF,0x0EFF,0x4DFE,0xECF5,0xECF5,0xECF5,0x0CF6,0x0CF6,0xECF5,
    0xECF5,0xECF5,0xEBF5,0xEBF5,0xCBED,0xCBED,0xEBF5,0x4CFE,0xADFE,0x90FF,0xB0FE,0xACB4,
    0x4752,0x6210,0x0000,0x0000,0x0000,0x0000,0x0000,0x0000,0x0000,0x0000,0x0000,0x0000,
    0x0000,0x0000,0x0000,0x0000,0x0000,0x0000,0x0000,0x0000,0x0000,0x0000,0x0000,0x0000,
    0x0000,0x0000,0x0000,0x0000,0x0000,0x0000,0x0000,0x0000,0x0000,0x0000,0x0000,0x0000,
    0x0000,0x0000,0x0000,0x0000,0x0000,0x0000,0x0000,0x0000,0x0000,0x0100,0xC183,0xE2FF,
    0xA1FE,0x00FF,0x00FE,0x00FE,0xE0FD,0xA0FD,0x80FF,0xE128,0x0000,0x0000,0x0000,0x0000,
    0x0000,0x0000,0x0000,0x0000,0x0000,0x0000,0x0000,0x0000,0x0000,0x0000,0x0000,0x0000,
    0x0000,0x0000,0x0000,0x0000,0x0000,0x0000,0x0000,0x0000,0x0000,0x0000,0x0000,0x0000,
    0x0000,0x0000,0x0000,0x0000,0x0000,0x0000,0x0000,0x0000,0x0000,0x0000,0x0000,0x0000,
    0x0000,0x0000,0x0000,0x0000,0x0000,0x0000,0x0000,0x0000,0x0000,0x0000,0x0000,0x0000,
    0x0000,0x0000,0x0000,0x0000,0x0000,0x0000,0x0000,0x0000,0x0000,0x0000,0x0000,0x0000,
    0x0000,0x0000,0x0000,0x0000,0x0000,0x878B,0x89B4,0xCCE5,0x8DFE,0x0CF6,0xEBF5,0xEBF5,
    0x2BFE,0x4FFF,0xF1FF,0xC672,0x09A4,0xF0FF,0x2CFE,0x0CF6,0xECF5,0x0CF6,0x2CF6,0x2CF6,
    0x2CF6,0x2CF6,0x2CF6,0x2CF6,0x2CF6,0x2CF6,0x2CF6,0x2CF6,0x2CF6,0x2CF6,0x2CF6,0x0CF6,
    0x0CF6,0xCBF5,0x4CFE,0x0EFF,0x90FF,0xB0FE,0x2EBD,0x6539,0x0000,0x0000,0x0000,0x0000,
    0x0000,0x0000,0x0000,0x0000,0x0000,0x0000,0x0000,0x0000,0x0000,0x0000,0x0000,0x0000,
    0x0000,0x0000,0x0000,0x0000,0x0000,0x0000,0x0000,0x0000,0x0000,0x0000,0x0000,0x0000,
    0x0000,0x0000,0x0000,0x0000,0x0000,0x0000,0x0000,0x0000,0x0000,0x0000,0x0000,0x0000,
    0x0000,0x0100,0xC1E5,0xE0FF,0x80E4,0xC159,0xA120,0x2139,0x40CC,0x40FE,0x80FD,0x4110,
    0x0000,0x0000,0x0000,0x0000,0x0000,0x0000,0x0000,0x0000,0x0000,0x0000,0x0000,0x0000,
    0x0000,0x0000,0x0000,0x0000,0x0000,0x0000,0x0000,0x0000,0x0000,0x0000,0x0000,0x0000,
    0x0000,0x0000,0x0000,0x0000,0x0000,0x0000,0x0000,0x0000,0x0000,0x0000,0x0000,0x0000,
    0x0000,0x0000,0x0000,0x0000,0x0000,0x0000,0x0000,0x0000,0x0000,0x0000,0x0000,0x0000,
    0x0000,0x0000,0x0000,0x0000,0x0000,0x0000,0x0000,0x0000,0x0000,0x0000,0x0000,0x0000,
    0x0000,0x0000,0x0000,0x0000,0x0000,0x0000,0x0000,0x0000,0x0000,0x0000,0xA893,0x0AC5,
    0x6DD5,0xAFFE,0x8EFE,0xCCED,0xAEFE,0x8BE5,0xEBF5,0xCDFE,0xCDFE,0xECF5,0x0CF6,0x2CF6,
    0x2CF6,0x2CF6,0x2CF6,0x2CF6,0x0CF6,0x0CF6,0x0CF6,0x0CF6,0x0CF6,0x2CF6,0x2CF6,0x0CF6,
    0x0CF6,0x0CF6,0x2CF6,0x2CF6,0x2CF6,0x2CF6,0x0CF6,0xECF5,0xEBF5,0x4CFE,0x2FFF,0x30FF,
    0x4FEE,0x0973,0x0000,0x0000,0x0000,0x0000,0x0000,0x0000,0x0000,0x0000,0x0000,0x0000,
    0x0000,0x0000,0x0000,0x0000,0x0000,0x0000,0x0000,0x0000,0x0000,0x0000,0x0000,0x0000,
    0x0000,0x0000,0x0000,0x0000,0x0000,0x0000,0x0000,0x0000,0x0000,0x0000,0x0000,0x0000,
    0x0000,0x0000,0x0000,0x0000,0x0000,0x0000,0x2108,0x4072,0x0100,0x0200,0x0000,0x0200,
    0x0200,0x6110,0x0100,0x0100,0x0000,0x0000,0x0000,0x0000,0x0000,0x0000,0x0000,0x0000,
    0x0000,0x0000,0x0000,0x0000,0x0000,0x0000,0x0000,0x0000,0x0000,0x0000,0x0000,0x0000,
    0x0000,0x0000,0x0000,0x0000,0x0000,0x0000,0x0000,0x0000,0x0000,0x0000,0x0000,0x0000,
    0x0000,0x0000,0x0000,0x0000,0x0000,0x0000,0x0000,0x0000,0x0000,0x0000,0x0000,0x0000,
    0x0000,0x0000,0x0000,0x0000,0x0000,0x0000,0x0000,0x0000,0x0000,0x0000,0x0000,0x0000,
    0x0000,0x0000,0x0000,0x0000,0x0000,0x0000,0x0000,0x0000,0x0000,0x0000,0x0000,0x0000,
    0x0000,0x0000,0x0000,0x678B,0x0ACD,0x4CCD,0xECBC,0xAABC,0x888B,0x077B,0xADFE,0xECF5,
    0x0CF6,0x2CF6,0x2CF6,0x2CF6,0x2CF6,0x2CF6,0x2CF6,0x2CF6,0x2CF6,0x2CF6,0x2CF6,0x2CF6,
    0x2CF6,0x0CF6,0x2CF6,0x2CF6,0x2CF6,0x2CF6,0x2CF6,0x2CF6,0x2CF6,0x2CF6,0x2CF6,0x2CF6,
    0x2CF6,0x0CF6,0xEBF5,0x0BF6,0x8DFE,0xB0FF,0xD0FE,0xE862,0x0000,0x0000,0x0000,0x0000,
    0x0000,0x0000,0x0000,0x0000,0x0000,0x0000,0x0000,0x0000,0x0000,0x0000,0x0000,0x0000,
    0x0000,0x0000,0x0000,0x0000,0x0000,0x0000,0x0000,0x0000,0x0000,0x0000,0x0000,0x0000,
    0x0000,0x0000,0x0000,0x0000,0x0000,0x0000,0x0000,0x0000,0x0000,0x0000,0x0000,0x0100,
    0x0000,0x0000,0x0000,0x0000,0x0000,0x0000,0x0100,0x0000,0x0000,0x0000,0x0000,0x0000,
    0x0000,0x0000,0x0000,0x0000,0x0000,0x0000,0x0000,0x0000,0x0000,0x0000,0x0000,0x0000,
    0x0000,0x0000,0x0000,0x0000,0x0000,0x0000,0x0000,0x0000,0x0000,0x0000,0x0000,0x0000,
    0x0000,0x0000,0x0000,0x0000,0x0000,0x0000,0x0000,0x0000,0x0000,0x0000,0x0000,0x0000,
    0x0000,0x0000,0x0000,0x0000,0x0000,0x0000,0x0000,0x0000,0x0000,0x0000,0x0000,0x0000,
    0x0000,0x0000,0x0000,0x0000,0x0000,0x0000,0x0000,0x0000,0x0000,0x0000,0x0000,0x0000,
    0x0000,0x0000,0x0000,0x0000,0x0000,0x0000,0x0000,0x0100,0xE672,0xC9C4,0x4AD5,0x6783,
    0x2108,0x2CF6,0x6DFE,0x0CF6,0x2CF6,0x2CF6,0x0CF6,0x2CF6,0x2CF6,0x2CF6,0x2CF6,0x2CF6,
    0x2CF6,0x2CF6,0x2CF6,0x2CF6,0x2CF6,0x2CF6,0x2CF6,0x2CF6,0x2CF6,0x2CF6,0x2CF6,0x2CF6,
    0x2CF6,0x2CF6,0x2CF6,0x2CF6,0x0CF6,0x2CF6,0x2CF6,0x2CF6,0x0CF6,0xCBF5,0x4CFE,0xF1FF,
    0x0FEE,0x4431,0x0000,0x0000,0x0000,0x0000,0x0000,0x0000,0x0000,0x0000,0x0000,0x0000,
    0x0000,0x0000,0x0000,0x0000,0x0000,0x0000,0x0000,0x0000,0x0000,0x0000,0x0000,0x0000,
    0x0000,0x0000,0x0000,0x0000,0x0000,0x0000,0x0000,0x0000,0x0000,0x0000,0x0000,0x0000,
    0x0000,0x0000,0x0000,0x0000,0x0000,0x0100,0x0200,0x0200,0x0200,0x0000,0x0000,0x0000,
    0x0000,0x0000,0x0000,0x0000,0x0000,0x0000,0x0000,0x0000,0x0000,0x0000,0x0000,0x0000,
    0x0000,0x0000,0x0000,0x0000,0x0000,0x0000,0x0000,0x0000,0x0000,0x0000,0x0000,0x0000,
    0x0000,0x0000,0x0000,0x0000,0x0000,0x0000,0x0000,0x0000,0x0000,0x0000,0x0000,0x0000,
    0x0000,0x0000,0x0000,0x0000,0x0000,0x0000,0x0000,0x0000,0x0000,0x0000,0x0000,0x0000,
    0x0000,0x0000,0x0000,0x0000,0x0000,0x0000,0x0000,0x0000,0x0000,0x0000,0x0000,0x0000,
    0x0000,0x0000,0x0000,0x0000,0x0000,0x0000,0x0000,0x0000,0x0000,0x0000,0x0000,0x0000,
    0x0000,0xA441,0x6562,0x4110,0xADFE,0xADFE,0x0CF6,0x2CF6,0x2CF6,0x2CF6,0x2CF6,0x2CF6,
    0x2CF6,0x2CF6,0x2CF6,0x2CF6,0x2CF6,0x2CF6,0x2CF6,0x2CF6,0x2CF6,0x2CF6,0x2CF6,0x2CF6,
    0x2CF6,0x2CF6,0x2CF6,0x2CF6,0x2CF6,0x2CF6,0x2CF6,0x2CF6,0x2CF6,0x2CF6,0x0CF6,0x2CF6,
    0x2CF6,0x2CF6,0x0CF6,0xCBF5,0xADFE,0x91FF,0x697B,0x0000,0x0000,0x0000,0x0000,0x0000,
    0x0000,0x0000,0x0000,0x0000,0x0000,0x0000,0x0000,0x0000,0x0000,0x0000,0x0000,0x0000,
    0x0000,0x0000,0x0000,0x0000,0x0000,0x0000,0x0000,0x0000,0x0000,0x0000,0x0000,0x0000,
    0x0000,0x0000,0x0000,0x0000,0x0000,0x0000,0x0000,0x0100,0xA218,0x22B5,0xC1F6,0xC0CD,
    0x4131,0x0200,0x0000,0x0000,0x0000,0x0000,0x0000,0x0000,0x0000,0x0000,0x0000,0x0000,
    0x0000,0x0000,0x0000,0x0000,0x0000,0x0000,0x0000,0x0000,0x0000,0x0000,0x0000,0x0000,
    0x0000,0x0000,0x0000,0x0000,0x0000,0x0000,0x0000,0x0000,0x0000,0x0000,0x0000,0x0000,
    0x0000,0x0000,0x0000,0x0000,0x0000,0x0000,0x0000,0x0000,0x0000,0x0000,0x0000,0x0000,
    0x0000,0x0000,0x0000,0x0000,0x0000,0x0000,0x0000,0x0000,0x0000,0x0000,0x0000,0x0000,
    0x0000,0x0000,0x0000,0x0000,0x0000,0x0000,0x0000,0x0000,0x0000,0x0000,0x0000,0x0000,
    0x0000,0x0000,0x0000,0x0000,0x0000,0x0000,0x0000,0xA9BC,0x2EFF,0xECED,0x2CF6,0x0CF6,
    0x2CF6,0x2CF6,0x2CF6,0x2CF6,0x2CF6,0x2CF6,0x2CF6,0x2CF6,0x2CF6,0x2CF6,0x2CF6,0x2CF6,
    0x0CF6,0x2CF6,0x2CF6,0x2CF6,0x2CF6,0x2CF6,0x2CF6,0x2CF6,0x2CF6,0x2CF6,0x2CF6,0x2CF6,
    0x2CF6,0x2CF6,0x2CF6,0x2CF6,0x2CF6,0x2CF6,0x2CF6,0x2CF6,0x0CF6,0x0BFE,0xB0FF,0xEEDD,
    0x4531,0x0000,0x0000,0x0000,0x0000,0x0000,0x0000,0x0000,0x0000,0x0000,0x0000,0x0000,
    0x0000,0x0000,0x0000,0x0000,0x0000,0x0000,0x0000,0x0000,0x0000,0x0000,0x0000,0x0000,
    0x0000,0x0000,0x0000,0x0000,0x0000,0x0000,0x0000,0x0000,0x0000,0x0000,0x0000,0x0100,
    0xA2F6,0xE0FF,0x80FE,0x21FF,0xE1FF,0xE128,0x0200,0x0000,0x0000,0x0000,0x0000,0x0000,
    0x0000,0x0000,0x0000,0x0000,0x0000,0x0000,0x0000,0x0000,0x0000,0x0000,0x0000,0x0000,
    0x0000,0x0000,0x0000,0x0000,0x0000,0x0000,0x0000,0x0000,0x0000,0x0000,0x0000,0x0000,
    0x0000,0x0000,0x0000,0x0000,0x0000,0x0000,0x0000,0x0000,0x0000,0x0000,0x0000,0x0000,
    0x0000,0x0000,0x0000,0x0000,0x0000,0x0000,0x0000,0x0000,0x0000,0x0000,0x0000,0x0000,
    0x0000,0x0000,0x0000,0x0000,0x0000,0x0000,0x0000,0x0000,0x0000,0x0000,0x0000,0x0000,
    0x0000,0x0000,0x0000,0x0000,0x0000,0x0000,0x0000,0x0000,0x0000,0x0000,0x4562,0xCFFF,
    0xECF5,0x2CFE,0x2CF6,0x2CF6,0x2CF6,0x2CF6,0x2CF6,0x2CF6,0x2CF6,0x2CF6,0x2CF6,0x0CF6,
    0x2CF6,0x0CF6,0x0CF6,0x2CF6,0x2CF6,0x2CF6,0x2CF6,0x2CF6,0x2CF6,0x2CF6,0x2CF6,0x2CF6,
    0x2CF6,0x2CF6,0x2CF6,0x2CF6,0x2CF6,0x2CF6,0x2CF6,0x2CF6,0x2CF6,0x2CF6,0x0CF6,0x0CF6,
    0x2CF6,0x2CF6,0xCBF5,0x0DFF,0x30FF,0x2752,0x0000,0x0000,0x0000,0x0000,0x0000,0x0000,
    0x0000,0x0000,0x0000,0x0000,0x0000,0x0000,0x0000,0x0000,0x0000,0x0000,0x0000,0x0000,
    0x0000,0x0000,0x0000,0x0000,0x0000,0x0000,0x0000,0x0000,0x0000,0x0000,0x0000,0x0000,
    0x0000,0x0000,0x0000,0xA239,0xE1FF,0x01F6,0x60FE,0x01EE,0xC0FF,0xE082,0x0200,0x0000,
    0x0000,0x0000,0x0000,0x0000,0x0000,0x0000,0x0000,0x0000,0x0000,0x0000,0x0000,0x0000,
    0x0000,0x0000,0x0000,0x0000,0x0000,0x0000,0x0000,0x0000,0x0000,0x0000,0x0000,0x0000,
    0x0000,0x0000,0x0000,0x0000,0x0000,0x0000,0x0000,0x0000,0x0000,0x0000,0x0000,0x0000,
    0x0000,0x0000,0x0000,0x0000,0x0000,0x0000,0x0000,0x0000,0x0000,0x0000,0x0000,0x0000,
    0x0000,0x0000,0x0000,0x0000,0x0000,0x0000,0x0000,0x0000,0x0000,0x0000,0x0000,0x0000,
    0x0000,0x0000,0x0000,0x0000,0x0000,0x0000,0x0000,0x0000,0x0000,0x0000,0x0000,0x0000,
    0x0000,0x0000,0xCCED,0x8DFE,0x0CF6,0x2CF6,0x2CF6,0x2CF6,0x2CF6,0x2CF6,0x2CF6,0x2CF6,
    0x2CF6,0x2CF6,0x2CF6,0x2CF6,0x2CF6,0x2CF6,0x2CF6,0x0CF6,0x0CF6,0x0CF6,0x2CF6,0x2CF6,
    0x2CF6,0x2CF6,0x2CF6,0x2CF6,0x2CF6,0x2CF6,0x2CF6,0x2CF6,0x2CF6,0x2CF6,0x2CF6,0x2CF6,
    0x2CF6,0x2CF6,0x2CF6,0x2CF6,0x2CF6,0x0CF6,0x2CFE,0xECF5,0x2CFE,0xF2FF,0xEDBC,0x0000,
    0x0000,0x0000,0x0000,0x0000,0x0000,0x0000,0x0000,0x0000,0x0000,0x0000,0x0000,0x0000,
    0x0000,0x0000,0x0000,0x0000,0x0000,0x0000,0x0000,0x0000,0x0000,0x0000,0x0000,0x0000,
    0x0000,0x0000,0x0000,0x0000,0x0000,0x0000,0x0000,0x0129,0xE1FF,0xA1FE,0x80FE,0x81F6,
    0x00FF,0xE079,0x0200,0x0000,0x0000,0x0000,0x0000,0x0000,0x0000,0x0000,0x0000,0x0000,
    0x0000,0x0000,0x0000,0x0000,0x0000,0x0000,0x0000,0x0000,0x0000,0x0000,0x0000,0x0000,
    0x0000,0x0000,0x0000,0x0000,0x0000,0x0000,0x0000,0x0000,0x0000,0x0000,0x0000,0x0000,
    0x0000,0x0000,0x0000,0x0000,0x0000,0x0000,0x0000,0x0000,0x0000,0x0000,0x0000,0x0000,
    0x0000,0x0000,0x0000,0x0000,0x0000,0x0000,0x0000,0x0000,0x0000,0x0000,0x0000,0x0000,
    0x0000,0x0000,0x0000,0x0000,0x0000,0x0000,0x0000,0x0000,0x0000,0x0000,0x0000,0x0000,
    0x0000,0x0000,0x0000,0x0000,0x0000,0x0552,0x8FFF,0xECF5,0x2CF6,0x2CF6,0x2CF6,0x2CF6,
    0x2CF6,0x2CF6,0x2CF6,0x2CF6,0x0CF6,0x2CF6,0x2CF6,0x2CF6,0x2CF6,0x2CF6,0x0CF6,0x2CF6,
    0x2CF6,0x2CF6,0x0CF6,0x2CF6,0x0CF6,0x2CF6,0x2CF6,0x2CF6,0x2CF6,0x2CF6,0x2CF6,0x2CF6,
    0x2CF6,0x2CF6,0x2CF6,0x2CF6,0x2CF6,0x2CF6,0x2CF6,0x2CF6,0x2CF6,0x2CF6,0x0CF6,0x2CF6,
    0x0CF6,0xCBF5,0xB0FF,0x2AA4,0x0000,0x0000,0x0000,0x0000,0x0000,0x0000,0x0000,0x0000,
    0x0000,0x0000,0x0000,0x0000,0x0000,0x0000,0x0000,0x0000,0x0000,0x0000,0x0000,0x0000,
    0x0000,0x0000,0x0000,0x0000,0x0000,0x0000,0x0000,0x0000,0x0000,0x0000,0x0000,0x0100,
    0xC17A,0xC0FF,0x40FF,0xE0FE,0x60FC,0x0208,0x0000,0x0000,0x0000,0x0000,0x0000,0x0000,
    0x0000,0x0000,0x0000,0x0000,0x0000,0x0000,0x0000,0x0000,0x0000,0x0000,0x0000,0x0000,
    0x0000,0x0000,0x0000,0x0000,0x0000,0x0000,0x0000,0x0000,0x0000,0x0000,0x0000,0x0000,
    0x0000,0x0000,0x0000,0x0000,0x0000,0x0000,0x0000,0x0000,0x0000,0x0000,0x0000,0x0000,
    0x0000,0x0000,0x0000,0x0000,0x0000,0x0000,0x0000,0x0000,0x0000,0x0000,0x0000,0x0000,
    0x0000,0x0000,0x0000,0x0000,0x0000,0x0000,0x0000,0x0000,0x0000,0x0000,0x0000,0x0000,
    0x0000,0x0000,0x0000,0x0000,0x0000,0x0000,0x0000,0x0000,0x0000,0xABE5,0xADFE,0x0CF6,
    0x2CF6,0x2CF6,0x2CF6,0x2CF6,0x2CF6,0x2CF6,0x2CF6,0x2CF6,0x0CF6,0x2CF6,0x0CF6,0x0CF6,
    0x2CF6,0x0CF6,0x2CF6,0x2CF6,0x2CF6,0x2CF6,0x0CF6,0x2CF6,0x2CF6,0x2CF6,0x2CF6,0x2CF6,
    0x2CF6,0x2CF6,0x2CF6,0x2CF6,0x2CF6,0x2CF6,0x2CF6,0x2CF6,0x2CF6,0x2CF6,0x2CF6,0x2CF6,
    0x2CF6,0x2CF6,0x2CF6,0x0CF6,0x2CF6,0x2CF6,0xEBF5,0xCFFF,0x09A4,0x0000,0x0000,0x0000,
    0x0000,0x0000,0x0000,0x0000,0x0000,0x0000,0x0000,0x0000,0x0000,0x0000,0x0000,0x0000,
    0x0000,0x0000,0x0000,0x0000,0x0000,0x0000,0x0000,0x0000,0x0000,0x0000,0x0000,0x0000,
    0x0000,0x0000,0x0000,0x0000,0x0100,0x0139,0x20B3,0x0082,0x0100,0x0200,0x0000,0x0000,
    0x0000,0x0000,0x0000,0x0000,0x0000,0x0000,0x0000,0x0000,0x0000,0x0000,0x0000,0x0000,
    0x0000,0x0000,0x0000,0x0000,0x0000,0x0000,0x0000,0x0000,0x0000,0x0000,0x0000,0x0000,
    0x0000,0x0000,0x0000,0x0000,0x0000,0x0000,0x0000,0x0000,0x0000,0x0000,0x0000,0x0000,
    0x0000,0x0000,0x0000,0x0000,0x0000,0x0000,0x0000,0x0000,0x0000,0x0000,0x0000,0x0000,
    0x0000,0x0000,0x0000,0x0000,0x0000,0x0000,0x0000,0x0000,0x0000,0x0000,0x0000,0x0000,
    0x0000,0x0000,0x0000,0x0000,0x0000,0x0000,0x0000,0x0000,0x0000,0x0000,0x0000,0x0000,
    0x255A,0x6FFF,0xECF5,0x2CF6,0x2CF6,0x2CF6,0x2CF6,0x2CF6,0x2CF6,0x2CF6,0x2CF6,0x2CF6,
    0x2CF6,0x0CF6,0x6DFE,0x6DFE,0x0CF6,0x2CF6,0x2CF6,0x2CF6,0x2CF6,0x2CF6,0x2CF6,0x0CF6,
    0x2CF6,0x2CF6,0x2CF6,0x2CF6,0x2CF6,0x2CF6,0x2CF6,0x2CF6,0x2CF6,0x2CF6,0x2CF6,0x2CF6,
    0x2CF6,0x2CF6,0x2CF6,0x2CF6,0x2CF6,0x2CF6,0x2CF6,0x0CF6,0x2CF6,0x0CF6,0xECF5,0xCBED,
    0x2EFF,0xB0FE,0x8218,0x0000,0x0000,0x0000,0x0000,0x0000,0x0000,0x0000,0x0000,0x0000,
    0x0000,0x0000,0x0000,0x0000,0x0000,0x0000,0x0000,0x0000,0x0000,0x0000,0x0000,0x0000,
    0x0000,0x0000,0x0000,0x0000,0x0000,0x0000,0x0000,0x0000,0x0000,0x0100,0x0200,0x0200,
    0x0000,0x0000,0x0000,0x0000,0x0000,0x0000,0x0000,0x0000,0x0000,0x0000,0x0000,0x0000,
    0x0000,0x0000,0x0000,0x0000,0x0000,0x0000,0x0000,0x0000,0x0000,0x0000,0x0000,0x0000,
    0x0000,0x0000,0x0000,0x0000,0x0000,0x0000,0x0000,0x0000,0x0000,0x0000,0x0000,0x0000,
    0x0000,0x0000,0x0000,0x0000,0x0000,0x0000,0x0000,0x0000,0x0000,0x0000,0x0000,0x0000,
    0x0000,0x0000,0x0000,0x0000,0x0000,0x0000,0x0000,0x0000,0x0000,0x0000,0x0000,0x0000,
    0x0000,0x0000,0x0000,0x0000,0x0000,0x0000,0x0000,0x0000,0x0000,0x0000,0x0000,0x0000,
    0x0000,0x0000,0x0000,0x0000,0x255A,0x6FFF,0xECED,0x2CF6,0x2CF6,0x2CF6,0x2CF6,0x2CF6,
    0x2CF6,0x2CF6,0x2CF6,0x2CF6,0x0CF6,0x6DFE,0x2AD5,0xCAC4,0x8DFE,0x0CF6,0x2CF6,0x2CF6,
    0x0CF6,0x2CF6,0x2CF6,0x0CF6,0x2CF6,0x2CF6,0x2CF6,0x2CF6,0x2CF6,0x2CF6,0x2CF6,0x2CF6,
    0x2CF6,0x2CF6,0x2CF6,0x2CF6,0x2CF6,0x2CF6,0x2CF6,0x2CF6,0x2CF6,0x2CF6,0x2CF6,0x2CF6,
    0xECF5,0x6DFE,0x4EFF,0x2EFF,0xEDFE,0x29A4,0x0429,0xCA93,0xAA93,0xA98B,0x2B94,0x8762,
    0x2108,0x0000,0x2108,0x0000,0x0000,0x0000,0x0000,0x0000,0x0000,0x0000,0x0000,0x0000,
    0x0000,0x0000,0x0000,0x0000,0x0000,0x0000,0x0000,0x0000,0x0000,0x0000,0x0000,0x0000,
    0x0000,0x0000,0x0000,0x0000,0x0000,0x0000,0x0000,0x0000,0x0000,0x0000,0x0000,0x0000,
    0x0000,0x0000,0x0000,0x0000,0x0000,0x0000,0x0000,0x0000,0x0000,0x0000,0x0000,0x0000,
    0x0000,0x0000,0x0000,0x0000,0x0000,0x0000,0x0000,0x0000,0x0000,0x0000,0x0000,0x0000,
    0x0000,0x0000,0x0000,0x0000,0x0000,0x0000,0x0000,0x0000,0x0000,0x0000,0x0000,0x0000,
    0x0000,0x0000,0x0000,0x0000,0x0000,0x0000,0x0000,0x0000,0x0000,0x0000,0x0000,0x0000,
    0x0000,0x0000,0x0000,0x0000,0x0000,0x0000,0x0000,0x0000,0x0000,0x0000,0x0000,0x0000,
    0x0000,0x0000,0x0000,0x0000,0x0000,0x0000,0x0000,0x0000,0xA9BC,0xEEFE,0xECF5,0x2CF6,
    0x2CF6,0x2CF6,0x2CF6,0x2CF6,0x2CF6,0x2CF6,0x2CF6,0x2CF6,0x0CF6,0xCEFE,0xE8A3,0xA793,
    0x0EFF,0xECF5,0x2CF6,0x2CF6,0x0CF6,0x2CF6,0x2CF6,0x0CF6,0x2CF6,0x0CF6,0x2CF6,0x0CF6,
    0x0CF6,0x2CF6,0x0CF6,0x2CF6,0x2CF6,0x2CF6,0x2CF6,0x2CF6,0x2CF6,0x2CF6,0x2CF6,0x2CF6,
    0x2CF6,0x2CF6,0x2CF6,0xECF5,0x2EFF,0xADFE,0x8341,0x2231,0x49AC,0x4BAC,0xF6FF,0xAFFF,
    0x2EFF,0x4FFF,0x90FF,0x2EFF,0xEEFE,0xC89B,0x0000,0x0000,0x0000,0x0873,0x0873,0x0000,
    0x0000,0x0000,0x0000,0x0000,0x0000,0x0000,0x0000,0x0000,0x0000,0x0000,0x0000,0x0000,
    0x0000,0x0000,0x0000,0x0000,0x0000,0x0000,0x0000,0x0000,0x0000,0x0000,0x0000,0x0000,
    0x0000,0x0000,0x0000,0x0000,0x0000,0x0000,0x0000,0x0000,0x0000,0x0000,0x0000,0x0000,
    0x0000,0x0000,0x0000,0x0000,0x0000,0x0000,0x0000,0x0000,0x0000,0x0000,0x0000,0x0000,
    0x0000,0x0000,0x0000,0x0000,0x0000,0x0000,0x0000,0x0000,0x0000,0x0000,0x0000,0x0000,
    0x0000,0x0000,0x0000,0x0000,0x0000,0x0000,0x0000,0x0000,0x0000,0x0000,0x0000,0x0000,
    0x0000,0x0000,0x0000,0x0000,0x0000,0x0000,0x0000,0x0000,0x0000,0x0000,0x0000,0x0000,
    0x0000,0x0000,0x0000,0x0000,0x0000,0x0000,0x0000,0x0000,0x0000,0x0000,0x0000,0x0000,
    0xABE5,0xADFE,0x0CF6,0x2CF6,0x2CF6,0x2CF6,0x2CF6,0x2CF6,0x2CF6,0x2CF6,0x2CF6,0x2CF6,
    0x0CF6,0x6CFE,0xCEE5,0xC99B,0xADFE,0x0CF6,0x2CF6,0x2CF6,0x2CF6,0x2CF6,0x0CF6,0x2CF6,
    0x0CF6,0x2CF6,0x0CF6,0x2CFE,0x4CFE,0x0CF6,0x2CF6,0x2CF6,0x2CF6,0x2CF6,0x2CF6,0x2CF6,
    0x2CF6,0x2CF6,0x0CF6,0x0CF6,0x2CF6,0x0CF6,0xECF5,0x6FFF,0x69B4,0x0000,0xA639,0xCFDD,
    0x4C94,0x0000,0x8762,0x30FF,0x4CFE,0xCCED,0xEBF5,0xECF5,0x4CFE,0x4EFF,0x2CF6,0xE228,
    0x0000,0xE649,0xD4FF,0xB1F6,0x0329,0x0000,0x0000,0x0000,0x0000,0x0000,0x0000,0x0000,
    0x0000,0x0000,0x0000,0x0000,0x0000,0x0000,0x0000,0x0000,0x0000,0x0000,0x0000,0x0000,
    0x0000,0x0000,0x0000,0x0000,0x0000,0x0000,0x0000,0x0000,0x0000,0x0000,0x0000,0x0000,
    0x0000,0x0000,0x0000,0x0000,0x0000,0x0000,0x0000,0x0000,0x0000,0x0000,0x0000,0x0000,
    0x0000,0x0000,0x0000,0x0000,0x0000,0x0000,0x0000,0x0000,0x0000,0x0000,0x0000,0x0000,
    0x0000,0x0000,0x0000,0x0000,0x0000,0x0000,0x0000,0x0000,0x0000,0x0000,0x0000,0x0000,
    0x0000,0x0000,0x0000,0x0000,0x0000,0x0000,0x0000,0x0000,0x0000,0x0000,0x0000,0x0000,
    0x0000,0x0000,0x0000,0x0000,0x0000,0x0000,0x0000,0x0000,0x0000,0x0000,0x0000,0x0000,
    0x0000,0x0000,0x0000,0x0000,0x8BDD,0xADFE,0x0CF6,0x2CF6,0x2CF6,0x2CF6,0x2CF6,0x2CF6,
    0x2CF6,0x2CF6,0x2CF6,0x2CF6,0x0CF6,0x4CFE,0x4FF6,0x2552,0xADFE,0x2CF6,0x0CF6,0x2CF6,
    0x2CF6,0x0CF6,0x2CF6,0x2CF6,0x2CF6,0x0CF6,0x2CFE,0x4DFE,0xCCED,0x4CFE,0x0CF6,0x2CF6,
    0x2CF6,0x2CF6,0x2CF6,0x2CF6,0x2CF6,0x0CF6,0x0CF6,0x2CF6,0x0CF6,0x4CFE,0xF0FF,0xA66A,
    0x0000,0xCABC,0xD0FF,0xCDFE,0x70FF,0xF4FF,0x2973,0x0100,0x8BDD,0x6DFE,0x0CF6,0x2CF6,
    0x0CF6,0xECF5,0xADFE,0xEEFE,0x2CF6,0x6018,0x8A8B,0x93FF,0x6CAC,0x0329,0x0000,0x0000,
    0x0000,0x0000,0x0000,0x0000,0x0000,0x0000,0x0000,0x0000,0x0000,0x0000,0x0000,0x0000,
    0x0000,0x0000,0x0000,0x0000,0x0000,0x0000,0x0000,0x0000,0x0000,0x0000,0x0000,0x0000,
    0x0000,0x0000,0x0000,0x0000,0x0000,0x0000,0x0000,0x0000,0x0000,0x0000,0x0000,0x0000,
    0x0000,0x0000,0x0000,0x0000,0x0000,0x0000,0x0000,0x0000,0x0000,0x0000,0x0000,0x0000,
    0x0000,0x0000,0x0000,0x0000,0x0000,0x0000,0x0000,0x0000,0x0000,0x0000,0x0000,0x0000,
    0x0000,0x0000,0x0000,0x0000,0x0000,0x0000,0x0000,0x0000,0x0000,0x0000,0x0000,0x0000,
    0x0000,0x0000,0x0000,0x0000,0x0000,0x0000,0x0000,0x0000,0x0000,0x0000,0x0000,0x0000,
    0x0000,0x0000,0x0000,0x0000,0x0000,0x0000,0x0000,0xA441,0x6EFF,0x0CF6,0x0CF6,0x2CF6,
    0x2CF6,0x2CF6,0x2CF6,0x2CF6,0x2CF6,0x2CF6,0x2CF6,0x0CF6,0x2CFE,0x8DFE,0xE89B,0x4339,
    0xCEFE,0x0CF6,0x2CFE,0x2CF6,0x2CF6,0x0CF6,0x2CF6,0x2CF6,0x2CF6,0x0BFE,0x51FF,0x064A,
    0x48B4,0xADFE,0x0CF6,0x2CF6,0x2CF6,0x2CF6,0x2CF6,0x2CF6,0x2CF6,0x0CF6,0x2CF6,0xECF5,
    0xADFE,0xADFE,0x8218,0x0452,0xADFE,0x0EFF,0x4ADD,0xECF5,0xEBF5,0xEBFD,0xF2FF,0x4CA4,
    0xE7A3,0xCDFE,0x0CF6,0x2CF6,0x2CF6,0x2CF6,0x0CF6,0x2CFE,0xADFE,0x0EFF,0x4DFE,0x6CFE,
    0xE89B,0xCDB4,0x6210,0x0000,0x0000,0x0000,0x0000,0x0000,0x0000,0x0000,0x0000,0x0000,
    0x0000,0x0000,0x0000,0x0000,0x0000,0x0000,0x0000,0x0000,0x0000,0x0000,0x0000,0x0000,
    0x0000,0x0000,0x0000,0x0000,0x0000,0x0000,0x0000,0x0000,0x0000,0x0000,0x0000,0x0000,
    0x0000,0x0000,0x0000,0x0000,0x0000,0x0000,0x0000,0x0000,0x0000,0x0000,0x0000,0x0000,
    0x0000,0x0000,0x0000,0x0000,0x0000,0x0000,0x0000,0x0000,0x0000,0x0000,0x0000,0x0000,
    0x0000,0x0000,0x0000,0x0000,0x0000,0x0000,0x0000,0x0000,0x0000,0x0000,0x0000,0x0000,
    0x0000,0x0000,0x0000,0x0000,0x0000,0x0000,0x0000,0x0000,0x0000,0x0000,0x0000,0x0000,
    0x0000,0x0000,0x0000,0x0000,0x0000,0x0000,0x0000,0x0000,0x0000,0x0000,0x0000,0xA541,
    0x4FFF,0xECF5,0x2CF6,0x2CF6,0x2CF6,0x2CF6,0x2CF6,0x2CF6,0x2CF6,0x2CF6,0x2CF6,0x0CF6,
    0x0CF6,0x2DF6,0xC449,0x678B,0xCBE5,0x6BDD,0x4CFE,0x0CF6,0x0CF6,0x2CF6,0x2CF6,0x2CF6,
    0xEBF5,0xEFFE,0x0EBD,0x0000,0x2EFF,0x0CF6,0x0CF6,0x2CF6,0x2CF6,0x2CF6,0x2CF6,0x2CF6,
    0x2CF6,0x2CF6,0x0CF6,0xADFE,0xCDFE,0x4110,0xA66A,0x0EFF,0x6BD5,0x2ACD,0x2ACD,0x8BE5,
    0x2CFE,0x0BF6,0x0CF6,0x53FF,0x8DFE,0x0CF6,0x2CF6,0x2CF6,0x2CF6,0x2CF6,0x2CF6,0x0CF6,
    0x0CF6,0x0CF6,0xECF5,0x4EFF,0xC57A,0xC86A,0x6FFF,0x0000,0x0000,0x0000,0x0000,0x0000,
    0x0000,0x0000,0x0000,0x0000,0x0000,0x0000,0x0000,0x0000,0x0000,0x0000,0x0000,0x0000,
    0x0000,0x0000,0x0000,0x0000,0x0000,0x0000,0x0000,0x0000,0x0000,0x0000,0x0000,0x0000,
    0x0000,0x0000,0x0000,0x0000,0x0000,0x0000,0x0000,0x0000,0x0000,0x0000,0x0000,0x0000,
    0x0000,0x0000,0x0000,0x0000,0x0000,0x0000,0x0000,0x0000,0x0000,0x0000,0x0000,0x0000,
    0x0000,0x0000,0x0000,0x0000,0x0000,0x0000,0x0000,0x0000,0x0000,0x0000,0x0000,0x0000,
    0x0000,0x0000,0x0000,0x0000,0x0000,0x0000,0x0000,0x0000,0x0000,0x0000,0x0000,0x0000,
    0x0000,0x0000,0x0000,0x0000,0x0000,0x0000,0x0000,0x0000,0x0000,0x0000,0x0000,0x0000,
    0x0000,0x0000,0x0000,0x8539,0x70FF,0xEBF5,0x2CF6,0x2CF6,0x2CF6,0x2CF6,0x2CF6,0x2CF6,
    0x2CF6,0x2CF6,0x0CF6,0x4DFE,0x6EFE,0x6BD5,0x0000,0xC893,0xABE5,0xE9C4,0xEEE5,0x6DFE,
    0x0BF6,0x0CF6,0x0CF6,0x0BF6,0x2CFE,0x94FF,0x0000,0x468B,0x2EFF,0xECF5,0x2CF6,0x2CF6,
    0x2CF6,0x2CF6,0x2CF6,0x0CF6,0x2CF6,0x0CF6,0x4CFE,0xCDFE,0x0000,0x0873,0x2EFF,0xEAC4,
    0x2AD5,0x4BD5,0x2AD5,0xADDD,0x2DF6,0x0CF6,0x4CFE,0xD4FF,0x6DFE,0x0CF6,0x2CF6,0x2CF6,
    0x2CF6,0x2CF6,0x2CF6,0x2CF6,0x2CF6,0x2CF6,0x0CF6,0x4CFE,0x8DFE,0x0000,0x4CFE,0x077B,
    0x0000,0x0000,0x0000,0x0000,0x0000,0x0000,0x0000,0x0000,0x0000,0x0000,0x0000,0x0000,
    0x0000,0x0000,0x0000,0x0000,0x0000,0x0000,0x0000,0x0000,0x0000,0x0000,0x0000,0x0000,
    0x0000,0x0000,0x0000,0x0000,0x0000,0x0000,0x0000,0x0000,0x0000,0x0000,0x0000,0x0000,
    0x0000,0x0000,0x0000,0x0000,0x0000,0x0000,0x0000,0x0000,0x0000,0x0000,0x0000,0x0000,
    0x0000,0x0000,0x0000,0x0000,0x0000,0x0000,0x0000,0x0000,0x0000,0x0000,0x0000,0x0000,
    0x0000,0x0000,0x0000,0x0000,0x0000,0x0000,0x0000,0x0000,0x0000,0x0000,0x0000,0x0000,
    0x0000,0x0000,0x0000,0x0000,0x0000,0x0000,0x0000,0x0000,0x0000,0x0000,0x0000,0x0000,
    0x0000,0x0000,0x0000,0x0000,0x0000,0x0000,0x0000,0xC449,0x2EFF,0xECF5,0x2CF6,0x2CF6,
    0x2CF6,0x2CF6,0x0CF6,0x2CF6,0x0CF6,0x0CF6,0x4CFE,0x0CF6,0xCCE5,0xA218,0x0552,0x0AC5,
    0x0ACD,0x8BDD,0x4BD5,0x0FE6,0x4DFE,0x4CFE,0x4CFE,0x8FFE,0x2EEE,0x70F6,0x8218,0xADFE,
    0x4DFE,0x0CF6,0x2CF6,0x2CF6,0x2CF6,0x2CF6,0x2CF6,0x2CF6,0x0CF6,0x0CFE,0x91FF,0x8218,
    0xAA8B,0xAEFE,0x0ACD,0x4BD5,0x4BD5,0x4BD5,0x2AD5,0xCEDD,0x2DF6,0x2CFE,0xCDFE,0x4431,
    0x08A4,0xADFE,0x0CF6,0x2CF6,0x2CF6,0x2CF6,0x2CF6,0x2CF6,0x2CF6,0x0CF6,0x2CF6,0xECF5,
    0x0EFF,0x29AC,0xA218,0x4BD5,0x0000,0x0000,0x0000,0x0000,0x0000,0x0000,0x0000,0x0000,
    0x0000,0x0000,0x0000,0x0000,0x0000,0x0000,0x0000,0x0000,0x0000,0x0000,0x0000,0x0000,
    0x0000,0x0000,0x0000,0x0000,0x0000,0x0000,0x0000,0x0000,0x0000,0x0000,0x0000,0x0000,
    0x0000,0x0000,0x0000,0x0000,0x0000,0x0000,0x0000,0x0000,0x0000,0x0000,0x0000,0x0000,
    0x0000,0x0000,0x0000,0x0000,0x0000,0x0000,0x0000,0x0000,0x0000,0x0000,0x0000,0x0000,
    0x0000,0x0000,0x0000,0x0000,0x0000,0x0000,0x0000,0x0000,0x0000,0x0000,0x0000,0x0000,
    0x0000,0x0000,0x0000,0x0000,0x0000,0x0000,0x0000,0x0000,0x0000,0x0000,0x0000,0x0000,
    0x0000,0x0000,0x0000,0x0000,0x0000,0x0000,0x0000,0x0000,0x0000,0x0000,0x0000,0x4BDD,
    0xADFE,0x0CF6,0x2CF6,0x2CF6,0x2CF6,0x2CF6,0x2CF6,0x0CF6,0x2CF6,0x4CFE,0xCCE5,0x6DFE,
    0x4339,0x0000,0xAABC,0x2BCD,0x29A4,0x69B4,0x4ADD,0x2AD5,0x4CD5,0xACE5,0xACE5,0xEFE5,
    0xEBF5,0x2008,0x455A,0x6FFF,0xECF5,0x2CF6,0x2CF6,0x2CF6,0x2CF6,0x2CF6,0x2CF6,0x2CF6,
    0x0CF6,0x2EFF,0xE872,0xE549,0xCEFE,0x09CD,0x4BD5,0x4BD5,0x4BD5,0x4BD5,0x2AD5,0x4BCD,
    0x2DF6,0x4EFF,0x678B,0x6110,0xEDFE,0x2CFE,0x0CF6,0x2CF6,0x2CF6,0x2CF6,0x2CF6,0x2CF6,
    0x0CF6,0x2CF6,0x2CF6,0x0CF6,0x0CFE,0x4FFF,0xC449,0x4BD5,0xE672,0x0000,0x0000,0x0000,
    0x0000,0x0000,0x0000,0x0000,0x0000,0x0000,0x0000,0x0000,0x0000,0x0000,0x0000,0x0000,
    0x0000,0x0000,0x0000,0x0000,0x0000,0x0000,0x0000,0x0000,0x0000,0x0000,0x0000,0x0000,
    0x0000,0x0000,0x0000,0x0000,0x0000,0x0000,0x0000,0x0000,0x0000,0x0000,0x0000,0x0000,
    0x0000,0x0000,0x0000,0x0000,0x0000,0x0000,0x0000,0x0000,0x0000,0x0000,0x0000,0x0000,
    0x0000,0x0000,0x0000,0x0000,0x0000,0x0000,0x0000,0x0000,0x0000,0x0000,0x0000,0x0000,
    0x0000,0x0000,0x0000,0x0000,0x0000,0x0000,0x0000,0x0000,0x0000,0x0000,0x0000,0x0000,
    0x0000,0x0000,0x0000,0x0000,0x0000,0x0000,0x0000,0x0000,0x0000,0x0000,0x0000,0x0000,
    0x0000,0x0000,0x478B,0x6FFF,0xECF5,0x2CF6,0x2CF6,0x2CF6,0x2CF6,0x2CF6,0x0CF6,0x2CFE,
    0x4CFE,0xEDED,0x4CFE,0x678B,0x0000,0x455A,0x0000,0x6783,0xCABC,0x49AC,0x29A4,0x69B4,
    0x0ACD,0x4BD5,0x0ACD,0x6ADD,0x0ACD,0x0000,0x8BE5,0xADFE,0x0CF6,0x2CF6,0x2CF6,0x2CF6,
    0x2CF6,0x2CF6,0x2CF6,0x0CF6,0xCDFE,0xEACC,0x0000,0xEAC4,0x6BDD,0x4BD5,0x4BD5,0x4BD5,
    0x4BD5,0x4BD5,0x2AD5,0x6CD5,0x6EFE,0x6CFE,0x0100,0x6DFE,0xADFE,0x0CF6,0x2CF6,0x2CF6,
    0x2CF6,0x2CF6,0x2CF6,0x0CF6,0x2CF6,0x0CF6,0x0CF6,0x2DFE,0xCBED,0xADFE,0x4BD5,0xC220,
    0x0CF6,0x0100,0x0000,0x0000,0x0000,0x0000,0x0000,0x0000,0x0000,0x0000,0x0000,0x0000,
    0x0000,0x0000,0x0000,0x0000,0x0000,0x0000,0x0000,0x0000,0x0000,0x0000,0x0000,0x0000,
    0x0000,0x0000,0x0000,0x0000,0x0000,0x0000,0x0000,0x0000,0x0000,0x0000,0x0000,0x0000,
    0x0000,0x0000,0x0000,0x0000,0x0000,0x0000,0x0000,0x0000,0x0000,0x0000,0x0000,0x0000,
    0x0000,0x0000,0x0000,0x0000,0x0000,0x0000,0x0000,0x0000,0x0000,0x0000,0x0000,0x0000,
    0x0000,0x0000,0x0000,0x0000,0x0000,0x0000,0x0000,0x0000,0x0000,0x0000,0x0000,0x0000,
    0x0000,0x0000,0x0000,0x0000,0x0000,0x0000,0x0000,0x0000,0x0000,0x0000,0x0000,0x0000,
    0x0000,0x0000,0x0000,0x0000,0x0000,0xC449,0x4EFF,0x2CF6,0x0CF6,0x2CF6,0x2CF6,0x2CF6,
    0x0CF6,0x0CF6,0x2CFE,0x2DFE,0x8BE5,0xCCE5,0x4783,0x0000,0xE89B,0xECED,0xC89B,0x4108,
    0x0000,0x69B4,0x0AC5,0xCAC4,0x69AC,0xEACC,0x2AD5,0x4DFE,0x455A,0x0000,0x0EFF,0x2CFE,
    0x0CF6,0x2CF6,0x2CF6,0x2CF6,0x2CF6,0x2CF6,0x2CF6,0xECF5,0x4EFF,0x4339,0xE672,0xABE5,
    0x4BD5,0x4BD5,0x4BD5,0x4BD5,0x4BD5,0x4BD5,0x09CD,0x0FE6,0xCFFE,0x4ADD,0xE320,0x2EFF,
    0xECF5,0x2CF6,0x2CF6,0x2CF6,0x2CF6,0x2CF6,0x2CF6,0x0CF6,0x0CFE,0x8AE5,0xAAED,0xEAF5,
    0xACE5,0x0DF6,0x0DFF,0x4339,0x89B4,0x2108,0x0000,0x0000,0x0000,0x0000,0x0000,0x0000,
    0x0000,0x0000,0x0000,0x0000,0x0000,0x0000,0x0000,0x0000,0x0000,0x0000,0x0000,0x0000,
    0x0000,0x0000,0x0000,0x0000,0x0000,0x0000,0x0000,0x0000,0x0000,0x0000,0x0000,0x0000,
    0x0000,0x0000,0x0000,0x0000,0x0000,0x0000,0x0000,0x0000,0x0000,0x0000,0x0000,0x0000,
    0x0000,0x0000,0x0000,0x0000,0x0000,0x0000,0x0000,0x0000,0x0000,0x0000,0x0000,0x0000,
    0x0000,0x0000,0x0000,0x0000,0x0000,0x0000,0x0000,0x0000,0x0000,0x0000,0x0000,0x0000,
    0x0000,0x0000,0x0000,0x0000,0x0000,0x0000,0x0000,0x0000,0x0000,0x0000,0x0000,0x0000,
    0x0000,0x0000,0x0000,0x0000,0x0000,0x0000,0x0000,0x0000,0x055A,0x8FFF,0x4CFE,0x0CF6,
    0x2CF6,0x2CF6,0x2CF6,0x0CF6,0x0CF6,0x4CFE,0xECED,0xEDE5,0x0CEE,0xE228,0x0000,0x0000,
    0xA893,0xAABC,0xCABC,0xEAC4,0x455A,0x4108,0xE220,0x8562,0x89B4,0x0AC5,0x29A4,0x2CF6,
    0xA218,0xA893,0x4EFF,0xECF5,0x2CF6,0x2CF6,0x2CF6,0x2CF6,0x2CF6,0x2CF6,0x2CF6,0xECF5,
    0x4EFF,0x8341,0x0673,0x0CF6,0x4BD5,0x4BD5,0x4BD5,0x4BD5,0x4BD5,0x4AD5,0x4BD5,0x30EE,
    0x0EFF,0xC572,0xCA93,0x2EFF,0xECF5,0x2CF6,0x2CF6,0x2CF6,0x2CF6,0x0CF6,0x2CF6,0x0BF6,
    0x4EFE,0xF5FE,0x93F6,0x0EEE,0xD5F6,0x92F6,0xECFE,0xC89B,0xC672,0x866A,0x0000,0x0000,
    0x0000,0x0000,0x0000,0x0000,0x0000,0x0000,0x0000,0x0000,0x0000,0x0000,0x0000,0x0000,
    0x0000,0x0000,0x0000,0x0000,0x0000,0x0000,0x0000,0x0000,0x0000,0x0000,0x0000,0x0000,
    0x0000,0x0000,0x0000,0x0000,0x0000,0x0000,0x0000,0x0000,0x0000,0x0000,0x0000,0x0000,
    0x0000,0x0000,0x0000,0x0000,0x0000,0x0000,0x0000,0x0000,0x0000,0x0000,0x0000,0x0000,
    0x0000,0x0000,0x0000,0x0000,0x0000,0x0000,0x0000,0x0000,0x0000,0x0000,0x0000,0x0000,
    0x0000,0x0000,0x0000,0x0000,0x0000,0x0000,0x0000,0x0000,0x0000,0x0000,0x0000,0x0000,
    0x0000,0x0000,0x0000,0x0000,0x0000,0x0000,0x0000,0x0000,0x0000,0x0000,0x0000,0xE220,
    0x4EFF,0x4DFE,0x0CF6,0x2CF6,0x2CF6,0x0CF6,0x0CF6,0x2CFE,0x2CFE,0xEDED,0xABE5,0xABE5,
    0x0329,0x0000,0x0000,0x0000,0x077B,0x0ACD,0x29A4,0x69B4,0x2BCD,0x89B4,0x277B,0x2331,
    0x2108,0x455A,0xEAC4,0x0AC5,0x0000,0x0CF6,0x6DFE,0x0CF6,0x2CF6,0x2CF6,0x2CF6,0x2CF6,
    0x2CF6,0x2CF6,0x2CF6,0xECF5,0xF0FF,0x6439,0x8110,0x0CF6,0x4BD5,0x4BD5,0x4BD5,0x4BD5,
    0x4BD5,0x2AD5,0x6BD5,0x50F6,0x0DFF,0xE67A,0x898B,0x0EFF,0xECF5,0x2CF6,0x2CF6,0x0CF6,
    0x0CF6,0x6DFE,0x0CF6,0x0CF6,0x2CFE,0x91FE,0xD5F6,0x57FF,0x93F6,0x0CF6,0x0EFF,0x6BDD,
    0xE672,0xA66A,0x0000,0x0000,0x0000,0x0000,0x0000,0x0000,0x0000,0x0000,0x0000,0x0000,
    0x0000,0x0000,0x0000,0x0000,0x0000,0x0000,0x0000,0x0000,0x0000,0x0000,0x0000,0x0000,
    0x0000,0x0000,0x0000,0x0000,0x0000,0x0000,0x0000,0x0000,0x0000,0x0000,0x0000,0x0000,
    0x0000,0x0000,0x0000,0x0000,0x0000,0x0000,0x0000,0x0000,0x0000,0x0000,0x0000,0x0000,
    0x0000,0x0000,0x0000,0x0000,0x0000,0x0000,0x0000,0x0000,0x0000,0x0000,0x0000,0x0000,
    0x0000,0x0000,0x0000,0x0000,0x0000,0x0000,0x0000,0x0000,0x0000,0x0000,0x0000,0x0000,
    0x0000,0x0000,0x0000,0x0000,0x0000,0x0000,0x0000,0x0000,0x0000,0x0000,0x0000,0x0000,
    0x0000,0x0000,0x0000,0x49B4,0x0EFF,0xECF5,0x2CF6,0x0CF6,0x0CF6,0x2CF6,0x2CFE,0x0CF6,
    0xADDD,0x2CF6,0x29AC,0x0000,0x0000,0x0000,0x0000,0x0000,0x678B,0xEAC4,0x49AC,0x49AC,
    0x29AC,0x89B4,0xEAC4,0x2BCD,0xEAC4,0x8441,0x0000,0xC220,0xE772,0x4EFF,0xECF5,0x2CF6,
    0x2CF6,0x2CF6,0x2CF6,0x2CF6,0x2CF6,0x2CF6,0xECF5,0x4FFF,0x8893,0x0000,0x0000,0xE89B,
    0x2CF6,0x2ACD,0x4BD5,0x4BD5,0x4BD5,0x2AD5,0x6BD5,0x30EE,0x6EFF,0xE451,0x6A7B,0x4FFF,
    0xEBF5,0x2CF6,0x0CF6,0x2CFE,0xCDFE,0xAAED,0x2EFF,0x8DFE,0x0CF6,0xE9F5,0x4FF6,0x16FF,
    0x50F6,0x2AFE,0x0ACD,0x2EFF,0x8218,0x4783,0x0000,0x0000,0x0000,0x0000,0x0000,0x0000,
    0x0000,0x0000,0x0000,0x0000,0x0000,0x0000,0x0000,0x0000,0x0000,0x0000,0x0000,0x0000,
    0x0000,0x0000,0x0000,0x0000,0x0000,0x0000,0x0000,0x0000,0x0000,0x0000,0x0000,0x0000,
    0x0000,0x0000,0x0000,0x0000,0x0000,0x0000,0x0000,0x0000,0x0000,0x0000,0x0000,0x0000,
    0x0000,0x0000,0x0000,0x0000,0x0000,0x0000,0x0000,0x0000,0x0000,0x0000,0x0000,0x0000,
    0x0000,0x0000,0x0000,0x0000,0x0000,0x0000,0x0000,0x0000,0x0000,0x0000,0x0000,0x0000,
    0x0000,0x0000,0x0000,0x0000,0x0000,0x0000,0x0000,0x0000,0x0000,0x0000,0x0000,0x0000,
    0x0000,0x0000,0x0000,0x0000,0x0000,0x0000,0x0000,0xC89B,0x2EFF,0xECF5,0x2CFE,0x2CFE,
    0x4CFE,0x0CF6,0x0DF6,0x6CD5,0x4CFE,0x28A4,0x0000,0x0000,0x0000,0x0000,0x0000,0xA218,
    0x0ACD,0x49AC,0x49AC,0x69AC,0x69AC,0x49AC,0x29A4,0x4BD5,0x49AC,0xA218,0x0100,0x0000,
    0x465A,0x0EFF,0x2CFE,0x0CF6,0x2CF6,0x2CF6,0x2CF6,0x2CF6,0x2CF6,0xECF5,0xEDFE,0xCABC,
    0x0000,0x0AC5,0x89B4,0x0000,0xCABC,0xECED,0x2AD5,0x4BD5,0x4BD5,0x4BD5,0x2AD5,0xCDE5,
    0x0DFF,0xE228,0x8A83,0x2FFF,0xEBF5,0x2CF6,0x2CFE,0xCDFE,0xC672,0xC839,0x0229,0xCCED,
    0x0EFF,0xEBF5,0x2DF6,0xD6EE,0x73FF,0x8BE5,0x0100,0x245A,0x2783,0xCAC4,0x0000,0x0000,
    0x0000,0x0000,0x0000,0x0000,0x0000,0x0000,0x0000,0x0000,0x0000,0x0000,0x0000,0x0000,
    0x0000,0x0000,0x0000,0x0000,0x0000,0x0000,0x0000,0x0000,0x0000,0x0000,0x0000,0x0000,
    0x0000,0x0000,0x0000,0x0000,0x0000,0x0000,0x0000,0x0000,0x0000,0x0000,0x0000,0x0000,
    0x0000,0x0000,0x0000,0x0000,0x0000,0x0000,0x0000,0x0000,0x0000,0x0000,0x0000,0x0000,
    0x0000,0x0000,0x0000,0x0000,0x0000,0x0000,0x0000,0x0000,0x0000,0x0000,0x0000,0x0000,
    0x0000,0x0000,0x0000,0x0000,0x0000,0x0000,0x0000,0x0000,0x0000,0x0000,0x0000,0x0000,
    0x0000,0x0000,0x0000,0x0000,0x0000,0x0000,0x0000,0x0000,0x0000,0x0000,0x0000,0x8893,
    0x4EFF,0xECF5,0x0CF6,0x4EFE,0x4FF6,0x2CF6,0xEDED,0x2CFE,0xE89B,0x0000,0x0000,0x0000,
    0x0000,0x0000,0x0000,0x8562,0x2ACD,0x49AC,0x69AC,0x69AC,0x49AC,0x69B4,0x2BCD,0xC672,
    0x2108,0x0000,0x0000,0x0000,0x0000,0xEACC,0x0EFF,0xECF5,0x2CF6,0x2CF6,0x2CF6,0x2CF6,
    0x2CF6,0x0CF6,0x2EFF,0x6118,0xA66A,0x2BCD,0xEAC4,0x8562,0x0000,0x6BDD,0xABE5,0x4BD5,
    0x4BD5,0x4BD5,0x0ACD,0xEEE5,0xD0FE,0x0000,0x70FE,0x6CFE,0x0CF6,0xECF5,0xEEFE,0xE5AB,
    0xF373,0xFFFF,0x0000,0x0000,0xECED,0x6CFE,0x2FEE,0x77FF,0xAA8B,0x4562,0x0200,0x6339,
    0x08A4,0x4783,0x0000,0x0000,0x0000,0x0000,0x0000,0x0000,0x0000,0x0000,0x0000,0x0000,
    0x0000,0x0000,0x0000,0x0000,0x0000,0x0000,0x0000,0x0000,0x0000,0x0000,0x0000,0x0000,
    0x0000,0x0000,0x0000,0x0000,0x0000,0x0000,0x0000,0x0000,0x0000,0x0000,0x0000,0x0000,
    0x0000,0x0000,0x0000,0x0000,0x0000,0x0000,0x0000,0x0000,0x0000,0x0000,0x0000,0x0000,
    0x0000,0x0000,0x0000,0x0000,0x0000,0x0000,0x0000,0x0000,0x0000,0x0000,0x0000,0x0000,
    0x0000,0x0000,0x0000,0x0000,0x0000,0x0000,0x0000,0x0000,0x0000,0x0000,0x0000,0x0000,
    0x0000,0x0000,0x0000,0x0000,0x0000,0x0000,0x0000,0x0000,0x0000,0x0000,0x0000,0x0000,
    0x0000,0x0000,0x0000,0xA793,0x2EFF,0xECF5,0xECF5,0x6DFE,0x0100,0xE451,0x8BDD,0xC449,
    0x0000,0x0000,0x0000,0x0000,0x0000,0x0000,0x4110,0xAABC,0x89B4,0x49AC,0x69AC,0x49AC,
    0x49AC,0x0AC5,0xE451,0x0000,0x0000,0x0000,0x0000,0x0000,0x0000,0xE451,0x4EFF,0x0CFE,
    0x2CF6,0x2CF6,0x2CF6,0x2CF6,0x2CF6,0x0CF6,0x0EFF,0x2108,0x69AC,0xAABC,0x29A4,0x8BDD,
    0x0552,0xA218,0xECED,0xABE5,0x4BD5,0x4BD5,0x2AD5,0x0CF6,0xCBBC,0x0100,0xEFFE,0x0CFE,
    0x2CF6,0xECF5,0x2EFF,0x4562,0x0000,0x2008,0x2010,0x0000,0x0329,0x0DFF,0x2FEE,0xD8FF,
    0x2C9C,0xA349,0x0000,0x856A,0xA441,0x0000,0x0000,0x0000,0x0000,0x0000,0x0000,0x0000,
    0x0000,0x0000,0x0000,0x0000,0x0000,0x0000,0x0000,0x0000,0x0000,0x0000,0x0000,0x0000,
    0x0000,0x0000,0x0000,0x0000,0x0000,0x0000,0x0000,0x0000,0x0000,0x0000,0x0000,0x0000,
    0x0000,0x0000,0x0000,0x0000,0x0000,0x0000,0x0000,0x0000,0x0000,0x0000,0x0000,0x0000,
    0x0000,0x0000,0x0000,0x0000,0x0000,0x0000,0x0000,0x0000,0x0000,0x0000,0x0000,0x0000,
    0x0000,0x0000,0x0000,0x0000,0x0000,0x0000,0x0000,0x0000,0x0000,0x0000,0x0000,0x0000,
    0x0000,0x0000,0x0000,0x0000,0x0000,0x0000,0x0000,0x0000,0x0000,0x0000,0x0000,0x0000,
    0x0000,0x0000,0x0000,0x0000,0x0000,0x0000,0x0000,0xA893,0x2EFF,0xECF5,0x2CF6,0x8DFE,
    0x4ADD,0xCABC,0xC320,0x0000,0x0000,0x0000,0x0000,0x0000,0x0000,0x0000,0x6210,0xAABC,
    0x89B4,0x49AC,0x69AC,0x49AC,0xAABC,0xC89B,0x0000,0x0000,0x0000,0x0000,0x0000,0x0000,
    0x0000,0x0000,0x6793,0x4EFF,0xECF5,0x2CF6,0x2CF6,0x2CF6,0x2CF6,0x0CF6,0x0EFF,0x6339,
    0x8662,0x6BD5,0xAABC,0x49AC,0xEAC4,0x6110,0x0000,0xC89B,0x6BD5,0xABE5,0x2CF6,0x4BD5,
    0x0000,0xABB4,0xCDFE,0x0CF6,0x0CF6,0x0CF6,0xCDFE,0xE328,0x0000,0x4110,0x6210,0x0000,
    0xE228,0x0DFF,0xCDE5,0xD8FF,0x2EC5,0x0000,0xE320,0xC89B,0x0000,0x0000,0x0000,0x0000,
    0x0000,0x0000,0x0000,0x0000,0x0000,0x0000,0x0000,0x0000,0x0000,0x0000,0x0000,0x0000,
    0x0000,0x0000,0x0000,0x0000,0x0000,0x0000,0x0000,0x0000,0x0000,0x0000,0x0000,0x0000,
    0x0000,0x0000,0x0000,0x0000,0x0000,0x0000,0x0000,0x0000,0x0000,0x0000,0x0000,0x0000,
    0x0000,0x0000,0x0000,0x0000,0x0000,0x0000,0x0000,0x0000,0x0000,0x0000,0x0000,0x0000,
    0x0000,0x0000,0x0000,0x0000,0x0000,0x0000,0x0000,0x0000,0x0000,0x0000,0x0000,0x0000,
    0x0000,0x0000,0x0000,0x0000,0x0000,0x0000,0x0000,0x0000,0x0000,0x0000,0x0000,0x0000,
    0x0000,0x0000,0x0000,0x0000,0x0000,0x0000,0x0000,0x0000,0x0000,0x0000,0x0000,0xE99B,
    0x2EFF,0xECF5,0x2CF6,0x0CF6,0xCDFE,0x4EFF,0xC328,0x0000,0x0000,0x0000,0x0000,0x0000,
    0x0000,0x0000,0x8110,0x09A4,0xCABC,0x49AC,0x69AC,0x49AC,0x49AC,0x0ACD,0xE328,0x0000,
    0x0000,0x0000,0x0000,0x0000,0x0000,0x0000,0x4110,0xADFE,0x4DFE,0x0CF6,0x2CF6,0x2CF6,
    0x2CF6,0xECF5,0x0EFF,0x89BC,0x0000,0x0329,0x49AC,0x0ACD,0x6BD5,0x8BDD,0xC441,0x4108,
    0x4331,0xE449,0x2552,0x0000,0x6339,0xCEFE,0x2CFE,0x0CF6,0x2CF6,0xECF5,0x2EFF,0x8793,
    0x0000,0x4110,0x8218,0x0000,0x8662,0xCCFE,0xCDE5,0x56FF,0xB6FF,0x675A,0x0000,0x48AC,
    0x8439,0x0000,0x0000,0x0000,0x0000,0x0000,0x0000,0x0000,0x0000,0x0000,0x0000,0x0000,
    0x0000,0x0000,0x0000,0x0000,0x0000,0x0000,0x0000,0x0000,0x0000,0x0000,0x0000,0x0000,
    0x0000,0x0000,0x0000,0x0000,0x0000,0x0000,0x0000,0x0000,0x0000,0x0000,0x0000,0x0000,
    0x0000,0x0000,0x0000,0x0000,0x0000,0x0000,0x0000,0x0000,0x0000,0x0000,0x0000,0x0000,
    0x0000,0x0000,0x0000,0x0000,0x0000,0x0000,0x0000,0x0000,0x0000,0x0000,0x0000,0x0000,
    0x0000,0x0000,0x0000,0x0000,0x0000,0x0000,0x0000,0x0000,0x0000,0x0000,0x0000,0x0000,
    0x0000,0x0000,0x0000,0x0000,0x0000,0x0000,0x0000,0x0000,0x0000,0x0000,0x0000,0x0000,
    0x0000,0x0000,0x0000,0xC89B,0x2EFF,0xECF5,0x2CF6,0x0CF6,0xCDFE,0xCAC4,0x0000,0x0000,
    0x0000,0x0000,0x0000,0x0000,0x0000,0x0000,0x0000,0x8441,0x2BCD,0x49AC,0x69AC,0x69AC,
    0x29AC,0x2BCD,0x455A,0x0000,0x0000,0x0000,0x0000,0x0000,0x0000,0x0000,0x0000,0x678B,
    0x6FFF,0xECF5,0x2CF6,0x2CF6,0x2CF6,0xECF5,0x2EFF,0xA893,0x0000,0x0000,0x0100,0x0552,
    0xC449,0x067B,0x4BD5,0x6BD5,0x8562,0x8441,0xA441,0x6562,0x2ACD,0x4CFE,0x2CFE,0x0CF6,
    0x2CF6,0x0CF6,0x2CFE,0xADFE,0x2331,0x8508,0x0000,0x0000,0xE9CC,0x8EFE,0xF5F6,0x15FF,
    0x15FF,0xF8FF,0x0FB5,0x0108,0x0000,0x0000,0x0000,0x0000,0x0000,0x0000,0x0000,0x0000,
    0x0000,0x0000,0x0000,0x0000,0x0000,0x0000,0x0000,0x0000,0x0000,0x0000,0x0000,0x0000,
    0x0000,0x0000,0x0000,0x0000,0x0000,0x0000,0x0000,0x0000,0x0000,0x0000,0x0000,0x0000,
    0x0000,0x0000,0x0000,0x0000,0x0000,0x0000,0x0000,0x0000,0x0000,0x0000,0x0000,0x0000,
    0x0000,0x0000,0x0000,0x0000,0x0000,0x0000,0x0000,0x0000,0x0000,0x0000,0x0000,0x0000,
    0x0000,0x0000,0x0000,0x0000,0x0000,0x0000,0x0000,0x0000,0x0000,0x0000,0x0000,0x0000,
    0x0000,0x0000,0x0000,0x0000,0x0000,0x0000,0x0000,0x0000,0x0000,0x0000,0x0000,0x0000,
    0x0000,0x0000,0x0000,0x0000,0x0000,0x0000,0x0000,0xC89B,0x4EFF,0xECF5,0x2CFE,0xECF5,
    0x8FFF,0x4562,0x0000,0x0000,0x0000,0x0000,0x0000,0x0000,0x0000,0x0000,0x0000,0x0000,
    0x29A4,0xEAC4,0x49AC,0x69AC,0x49AC,0x89B4,0xCAC4,0x2108,0x0000,0x0000,0x0000,0x0000,
    0x0000,0x0000,0x0000,0x4110,0x8DFE,0x4DFE,0x0CF6,0x2CF6,0x2CF6,0xECF5,0xEEFE,0x89BC,
    0x0000,0x0000,0x0000,0x0000,0xC220,0xC220,0xE228,0x455A,0x2BCD,0xECED,0x2BCD,0xAABC,
    0xCAC4,0x6DFE,0x2CFE,0x2CF6,0x0CF6,0x2CF6,0x0CF6,0x8DFE,0x8DFE,0xAABC,0x6339,0x28AC,
    0x4DFE,0x15FF,0x35FF,0xF4FE,0xF4FE,0xF5FE,0xF9FF,0x96FF,0xC86A,0x0000,0x0000,0x0000,
    0x0000,0x0000,0x0000,0x0000,0x0000,0x0000,0x0000,0x0000,0x0000,0x0000,0x0000,0x0000,
    0x0000,0x0000,0x0000,0x0000,0x0000,0x0000,0x0000,0x0000,0x0000,0x0000,0x0000,0x0000,
    0x0000,0x0000,0x0000,0x0000,0x0000,0x0000,0x0000,0x0000,0x0000,0x0000,0x0000,0x0000,
    0x0000,0x0000,0x0000,0x0000,0x0000,0x0000,0x0000,0x0000,0x0000,0x0000,0x0000,0x0000,
    0x0000,0x0000,0x0000,0x0000,0x0000,0x0000,0x0000,0x0000,0x0000,0x0000,0x0000,0x0000,
    0x0000,0x0000,0x0000,0x0000,0x0000,0x0000,0x0000,0x0000,0x0000,0x0000,0x0000,0x0000,
    0x0000,0x0000,0x0000,0x0000,0x0000,0x0000,0x0000,0x0000,0x0000,0x0000,0x0000,0xC89B,
    0x2DFF,0xCAF5,0xEBF5,0x0CFE,0x0DFF,0xE67A,0x0000,0x0000,0x0000,0x0000,0x0000,0x0000,
    0x0000,0x0000,0x0000,0x0000,0x0329,0xEAC4,0x69AC,0x49AC,0x69AC,0x49AC,0x2ACD,0x6339,
    0x0000,0x0000,0x0000,0x0000,0x0000,0x0000,0x0000,0x0000,0x678B,0x4EFF,0xECF5,0x2CF6,
    0x2CF6,0x2CF6,0x0CF6,0x6FFF,0x4339,0x0000,0x0000,0x0000,0x8210,0xA893,0xECED,0x29A4,
    0x0000,0xE672,0x2BCD,0xE89B,0x2AD5,0x0ACD,0x6BDD,0x4CFE,0x2CFE,0x2CF6,0x2CF6,0x0CF6,
    0x4DFE,0xCCFE,0xACFE,0x53FF,0x35FF,0x15FF,0xF4FE,0xF4FE,0x55FF,0x33FF,0xD3FE,0xF8FF,
    0xFBFF,0x74FF,0x255A,0x0000,0x0000,0x0000,0x0000,0x0000,0x0000,0x0000,0x0000,0x0000,
    0x0000,0x0000,0x0000,0x0000,0x0000,0x0000,0x0000,0x0000,0x0000,0x0000,0x0000,0x0000,
    0x0000,0x0000,0x0000,0x0000,0x0000,0x0000,0x0000,0x0000,0x0000,0x0000,0x0000,0x0000,
    0x0000,0x0000,0x0000,0x0000,0x0000,0x0000,0x0000,0x0000,0x0000,0x0000,0x0000,0x0000,
    0x0000,0x0000,0x0000,0x0000,0x0000,0x0000,0x0000,0x0000,0x0000,0x0000,0x0000,0x0000,
    0x0000,0x0000,0x0000,0x0000,0x0000,0x0000,0x0000,0x0000,0x0000,0x0000,0x0000,0x0000,
    0x0000,0x0000,0x0000,0x0000,0x0000,0x0000,0x0000,0x0000,0x0000,0x0000,0x0000,0x0000,
    0x0000,0x0000,0x0000,0xA79B,0xD3FF,0x71F6,0x55FF,0x76FF,0xE320,0x0000,0x0000,0x0000,
    0x0000,0x0000,0x0000,0x0000,0x0000,0x0000,0x0000,0x0000,0x0000,0x067B,0x4BD5,0x29A4,
    0x69AC,0x49AC,0xAABC,0x08A4,0x0100,0x0000,0x0000,0x0000,0x0000,0x0000,0x0000,0x0000,
    0x8310,0x6DFE,0x4CFE,0x0CF6,0x2CF6,0x0CF6,0xAAED,0x6EFF,0x2683,0x0000,0x0000,0x0000,
    0x0000,0x2108,0x69AC,0x2BCD,0xE89B,0x0000,0x277B,0xCAC4,0xCAC4,0x6BDD,0x4CD5,0x0FE6,
    0x0DF6,0x0BF6,0x2CFE,0x2CFE,0xEBF5,0xACE5,0x72EE,0x16FF,0x14FF,0xF4FE,0xF4FE,0x15FF,
    0x74FF,0xE97A,0x2310,0xE328,0xC98B,0x6862,0xCB6A,0x0000,0x0000,0x0000,0x0000,0x0000,
    0x0000,0x0000,0x0000,0x0000,0x0000,0x0000,0x0000,0x0000,0x0000,0x0000,0x0000,0x6210,
    0x0000,0x0000,0x0000,0x0000,0x0000,0x6210,0x0000,0x0000,0x0000,0x0000,0x0000,0x0000,
    0x0000,0x0000,0x0000,0x0000,0x0000,0x0000,0x0000,0x0000,0x0000,0x0000,0x0000,0x0000,
    0x0000,0x0000,0x0000,0x0000,0x0000,0x0000,0x0000,0x0000,0x0000,0x0000,0x0000,0x0000,
    0x0000,0x0000,0x0000,0x0000,0x0000,0x0000,0x0000,0x0000,0x0000,0x0000,0x0000,0x0000,
    0x0000,0x0000,0x0000,0x0000,0x0000,0x0000,0x0000,0x0000,0x0000,0x0000,0x0000,0x0000,
    0x0000,0x0000,0x0000,0x0000,0x0000,0x0000,0x0000,0x6DA4,0xF9FF,0x16FF,0x53E6,0xD7FF,
    0x56FF,0xF7FF,0x4D9C,0x0000,0x0000,0x0000,0x0000,0x0000,0x0000,0x0000,0x0000,0x0000,
    0x0000,0x6210,0xAABC,0x89B4,0x49AC,0x69AC,0x49AC,0xAABC,0x2BCD,0x888B,0x077B,0x6210,
    0x0000,0x0000,0x0000,0x0000,0x0000,0x888B,0x8FFF,0xCBF5,0xEBF5,0x2BFE,0x10FF,0xEFFE,
    0x675A,0xA641,0x0642,0x8218,0x0000,0x0000,0x8441,0x0ACD,0x0AC5,0xE89B,0x0000,0xEAC4,
    0x89B4,0x49AC,0x8BDD,0x4AD5,0x6CD5,0x2FF6,0x2EEE,0x0CF6,0x71F6,0x57FF,0x36FF,0xF4FE,
    0xF4FE,0xF4FE,0xF4FE,0xB6FF,0x6AB4,0x0F63,0xC739,0x0000,0x0000,0x0000,0x0208,0x0000,
    0x0000,0x0000,0x0000,0x0000,0x0000,0x0000,0x0000,0x0000,0x0000,0x0000,0x0000,0x0000,
    0x0000,0x0000,0x0000,0x4110,0x6110,0x0000,0x0000,0x0000,0x6110,0x4110,0x0000,0x0000,
    0x0000,0x0000,0x0000,0x0000,0x0000,0x0000,0x0000,0x0000,0x0000,0x0000,0x0000,0x0000,
    0x0000,0x0000,0x0000,0x0000,0x0000,0x0000,0x0000,0x0000,0x0000,0x0000,0x0000,0x0000,
    0x0000,0x0000,0x0000,0x0000,0x0000,0x0000,0x0000,0x0000,0x0000,0x0000,0x0000,0x0000,
    0x0000,0x0000,0x0000,0x0000,0x0000,0x0000,0x0000,0x0000,0x0000,0x0000,0x0000,0x0000,
    0x0000,0x0000,0x0000,0x0000,0x0000,0x0000,0x0000,0x0000,0x0000,0x0000,0x0000,0x2D9C,
    0xF8FF,0x96FF,0x6DA4,0x4439,0xFCFF,0xCB93,0xB3F6,0xB1CD,0x0000,0x0000,0x0000,0x0000,
    0x0000,0x0000,0x0000,0x0000,0x0000,0x0000,0xA441,0x4BD5,0x29AC,0x69AC,0x69AC,0x49AC,
    0x69AC,0xCABC,0x4BD5,0x8AB4,0x6210,0x0000,0x0000,0x0000,0x0000,0x0200,0xCCE5,0x8CFE,
    0xF3FE,0x93F6,0x8EA4,0xFAFF,0xEC93,0xA541,0xF9FF,0xD7FF,0xE86A,0x0000,0x0100,0xC89B,
    0xAABC,0x4BD5,0x6562,0x0000,0x2BCD,0xEAC4,0x29AC,0x49AC,0xEACC,0x6BDD,0x0ACD,0x6BD5,
    0x6CD5,0xD4F6,0x35FF,0x36FF,0x15FF,0xF4FE,0xD4FE,0xB6FF,0x0BA4,0x0000,0x0000,0xA218,
    0x8218,0x0000,0x8862,0x8218,0x2100,0x0000,0x0000,0x0000,0x0000,0x0000,0x0000,0x0000,
    0x0000,0x0000,0x0000,0x0000,0x0000,0x0000,0x0000,0x0000,0x4110,0x6210,0x0000,0x6210,
    0x4110,0x0000,0x0000,0x0000,0x0000,0x0000,0x0000,0x0000,0x0000,0x0000,0x0000,0x0000,
    0x0000,0x0000,0x0000,0x0000,0x0000,0x0000,0x0000,0x0000,0x0000,0x0000,0x0000,0x0000,
    0x0000,0x0000,0x0000,0x0000,0x0000,0x0000,0x0000,0x0000,0x0000,0x0000,0x0000,0x0000,
    0x0000,0x0000,0x0000,0x0000,0x0000,0x0000,0x0000,0x0000,0x0000,0x0000,0x0000,0x0000,
    0x0000,0x0000,0x0000,0x0000,0x0000,0x0000,0x0000,0x0000,0x0000,0x0000,0x0000,0x0000,
    0x0000,0x0000,0x0000,0x6DAC,0xF7FF,0xD4FE,0xF8FF,0x8541,0x2C9C,0xF7FF,0x0000,0xFBFF,
    0x6A83,0x0000,0x0000,0x0000,0x0000,0x0000,0x0000,0x0000,0x0000,0x0000,0x0100,0x49AC,
    0xCABC,0x49AC,0x69AC,0x29A4,0x29A4,0x69AC,0xC89B,0x8BDD,0xE449,0x0000,0x0000,0x0000,
    0x0000,0x0000,0x6341,0xF6FF,0x16FF,0xB7FF,0x2652,0x8A83,0xFAFF,0x0C94,0x0331,0xF9FF,
    0xF9FF,0x8A83,0x0000,0xA441,0x4BD5,0x08A4,0x2BCD,0xC449,0x0000,0x678B,0x6BDD,0x0AC5,
    0x2BCD,0xA9BC,0x0ACD,0xA9BC,0xAAED,0xCBE5,0x0ACD,0x92F6,0x15FF,0x56FF,0x35FF,0x35FF,
    0x76FF,0x275A,0x0000,0x0000,0x0000,0x6562,0x2DF6,0xA218,0x0000,0x0000,0x0000,0x0000,
    0x0000,0x0000,0x0000,0x0000,0x0000,0x0000,0x0000,0x0000,0x6210,0x6210,0x0000,0x0000,
    0x6110,0x4110,0x6110,0x4110,0x4110,0x0000,0x6110,0x0000,0x0000,0x0000,0x0000,0x0000,
    0x0000,0x0000,0x0000,0x0000,0x0000,0x0000,0x0000,0x0000,0x0000,0x0000,0x0000,0x0000,
    0x0000,0x0000,0x0000,0x0000,0x0000,0x0000,0x0000,0x0000,0x0000,0x0000,0x0000,0x0000,
    0x0000,0x0000,0x0000,0x0000,0x0000,0x0000,0x0000,0x0000,0x0000,0x0000,0x0000,0x0000,
    0x0000,0x0000,0x0000,0x0000,0x0000,0x0000,0x0000,0x0000,0x0000,0x0000,0x0000,0x0000,
    0x0000,0x0000,0x0000,0x0000,0x0000,0x0000,0xC220,0x55FF,0xF7FF,0x73F6,0xF7FF,0x0FBD,
    0x0331,0xFCFF,0xA86A,0x0973,0xF8FF,0x0000,0x0000,0x0000,0x0000,0x0000,0x0000,0x0000,
    0x0000,0x0000,0x0000,0x8441,0x2BCD,0x49AC,0x29AC,0x69AC,0x29A4,0x49AC,0xE89B,0x0BCD,
    0xC449,0x0000,0x0000,0x0000,0x0000,0x0000,0x0000,0x53EE,0x96FF,0xF4FE,0xF9FF,0x0000,
    0x73EE,0xF9FF,0x0000,0xB1D5,0xF7FF,0xB1D5,0x0000,0x0100,0x29A4,0x89B4,0x08A4,0x4BD5,
    0xC672,0x0100,0xE228,0x6339,0xA441,0x4783,0x69B4,0xC66A,0xA441,0xE89B,0x4AD5,0x68B4,
    0x27AC,0x10E6,0xF5FE,0x36FF,0x76FF,0xB4FF,0xAFD5,0xACB4,0xC449,0x2CF6,0x678B,0x0000,
    0x0000,0x0000,0x0000,0x0000,0x0000,0x0000,0x0000,0x0000,0x0000,0x0000,0x0000,0x0000,
    0x0000,0x4110,0x4110,0x6110,0x4110,0x4110,0x4110,0x4110,0x4110,0x4110,0x4110,0x0000,
    0x0000,0x0000,0x0000,0x0000,0x0000,0x0000,0x0000,0x0000,0x0000,0x0000,0x0000,0x0000,
    0x0000,0x0000,0x0000,0x0000,0x0000,0x0000,0x0000,0x0000,0x0000,0x0000,0x0000,0x0000,
    0x0000,0x0000,0x0000,0x0000,0x0000,0x0000,0x0000,0x0000,0x0000,0x0000,0x0000,0x0000,
    0x0000,0x0000,0x0000,0x0000,0x0000,0x0000,0x0000,0x0000,0x0000,0x0000,0x0000,0x0000,
    0x0000,0x0000,0x0000,0x0000,0x0000,0x0000,0x0000,0x0000,0x0000,0x0000,0x0000,0x675A,
    0xF7FF,0xF8FF,0x96FF,0xB6FF,0xCB8B,0xFDFF,0xEEBC,0xC86A,0x70C5,0x0000,0x0000,0x0000,
    0x0000,0x0000,0x0000,0x0000,0x0000,0x0000,0x0000,0x0000,0x077B,0xABDD,0xEAC4,0x89B4,
    0x49AC,0x89B4,0x2ACD,0x4BD5,0x2331,0x0000,0x0000,0x0000,0x0000,0x0000,0x0000,0xC649,
    0xFAFF,0x14FF,0xF8FF,0x8539,0xEEB4,0xFAFF,0x8A83,0x12DE,0xFBFF,0x2FC5,0x0000,0x0000,
    0x866A,0xACE5,0x29A4,0x69B4,0x0ACD,0xCABC,0x888B,0x4110,0x0000,0x0000,0x0100,0x6562,
    0x8893,0xE449,0xA441,0xCABC,0xCABC,0xC9C4,0x0ACD,0x6CD5,0x2BCD,0x0BCD,0x8EFE,0xCBBC,
    0x6110,0xC893,0x2331,0x0000,0x0000,0x0000,0x0000,0x0000,0x0000,0x0000,0x0000,0x0000,
    0x0000,0x0000,0x6210,0x6110,0x4110,0x4110,0x4110,0x4110,0x4110,0x4110,0x4110,0x4110,
    0x4110,0x4110,0x4110,0x4110,0x6110,0x0000,0x6210,0x0000,0x0000,0x0000,0x0000,0x0000,
    0x0000,0x0000,0x0000,0x0000,0x0000,0x0000,0x0000,0x0000,0x0000,0x0000,0x0000,0x0000,
    0x0000,0x0000,0x0000,0x0000,0x0000,0x0000,0x0000,0x0000,0x0000,0x0000,0x0000,0x0000,
    0x0000,0x0000,0x0000,0x0000,0x0000,0x0000,0x0000,0x0000,0x0000,0x0000,0x0000,0x0000,
    0x0000,0x0000,0x0000,0x0000,0x0000,0x0000,0x0000,0x0000,0x0000,0x0000,0x0000,0x0000,
    0x0000,0x0000,0x0000,0x0000,0x4439,0xAEA4,0xF8FF,0x4A7B,0x0652,0xB1B5,0xEC93,0x4431,
    0x2429,0x0000,0x0000,0x0000,0x0000,0x0000,0x0000,0x0000,0x0000,0x0000,0x0000,0x0000,
    0x0000,0x8441,0x4783,0xCABC,0x89B4,0x29AC,0xA66A,0x6339,0x0000,0x0000,0x0000,0x0000,
    0x0000,0x0000,0x0000,0x0000,0xAEAC,0xF7FF,0xF9FF,0x8DAC,0xAB8B,0xFAFF,0x2431,0x93F6,
    0x73DE,0xC220,0x0000,0x0000,0x4110,0xC893,0xAABC,0x89B4,0x0ACD,0x2ACD,0x49AC,0x2108,
    0x0000,0x0000,0x0000,0x0000,0x4110,0xE672,0xE672,0x2100,0xE228,0xE672,0x6562,0x245A,
    0x245A,0x856A,0x8118,0x2108,0x6339,0x0000,0x0000,0x0000,0x0000,0x0000,0x0000,0x0000,
    0x0000,0x0000,0x0000,0x0000,0x0000,0x0000,0x0000,0x4110,0x4110,0x4110,0x4110,0x4110,
    0x4110,0x4110,0x4110,0x4110,0x4110,0x4110,0x4110,0x4110,0x4110,0x4110,0x4110,0x0000,
    0x0000,0x0000,0x0000,0x0000,0x0000,0x0000,0x0000,0x0000,0x0000,0x0000,0x0000,0x0000,
    0x0000,0x0000,0x0000,0x0000,0x0000,0x0000,0x0000,0x0000,0x0000,0x0000,0x0000,0x0000,
    0x0000,0x0000,0x0000,0x0000,0x0000,0x0000,0x0000,0x0000,0x6210,0x4110,0x4110,0x6110,
    0x6210,0x6210,0x6210,0x6210,0x6210,0x6210,0x6210,0x6210,0x6210,0x6210,0x6210,0x6210,
    0x6210,0x6210,0x6210,0x6210,0x6210,0x6210,0x4110,0x8218,0x0000,0x0000,0x0000,0x0000,
    0x0000,0x0000,0x0000,0x0000,0x0000,0x6110,0x6210,0x6210,0x6210,0x6210,0x6210,0x6210,
    0x6210,0x6210,0x4110,0x4108,0x4108,0x0000,0x0000,0x0100,0x0100,0x0000,0x0000,0x0000,
    0x6110,0x6110,0x6210,0x6210,0x6210,0x6210,0x6110,0x2108,0x0000,0x0000,0x0000,0x0000,
    0x4110,0x0000,0x0000,0x0000,0x0000,0x0000,0x4110,0x4110,0x0100,0x0000,0x0100,0x0000,
    0x8439,0x4108,0x0000,0x2108,0x6110,0x6210,0x6210,0x8218,0x0108,0x0000,0x6210,0x2108,
    0x0000,0x0000,0x0000,0x0000,0x0000,0x0000,0x0100,0x2108,0x0100,0x8218,0x6210,0x6110,
    0x6210,0x6210,0x6210,0x6210,0x6210,0x6210,0x6210,0x6210,0x6210,0x6110,0x4110,0x4110,
    0x4110,0x4110,0x4110,0x4110,0x4110,0x4110,0x4110,0x4110,0x4110,0x4110,0x4110,0x4110,
    0x4110,0x4110,0x4110,0x4110,0x6210,0x0000,0x0000,0x0000,0x0000,0x0000,0x0000,0x0000,
    0x0000,0x0000,0x0000,0x0000,0x0000,0x0000,0x0000,0x0000,0x0000,0x0000,0x0000,0x0000,
    0x0000,0x0000,0x0000,0x0000,0x0000,0x0000,0x0000,0x0000,0x0000,0x0000,0x0000,0x0000,
    0x6210,0x6210,0x6210,0x6210,0x6210,0x6210,0x6210,0x6210,0x6210,0x6210,0x6210,0x6210,
    0x6210,0x6210,0x6210,0x6210,0x6210,0x6210,0x6210,0x6210,0x6210,0x6210,0x6210,0x4110,
    0xA218,0x0329,0x0000,0xA218,0x4210,0x0321,0x4110,0x8218,0x8218,0x6110,0x6210,0x6210,
    0x6210,0x6210,0x6210,0x6210,0x6210,0x6210,0x6210,0x6210,0x6210,0xC220,0xA218,0x0100,
    0x0108,0x2108,0xC220,0xA218,0x4110,0x6210,0x6210,0x6210,0x6210,0x6210,0x6210,0x6210,
    0x8218,0x0000,0x0000,0x0100,0x0000,0x0000,0x6210,0x0000,0xA218,0xA320,0x4110,0x4110,
    0x8218,0x8218,0x0100,0x2108,0x0000,0x0100,0x4110,0x6210,0x6210,0x6210,0x6210,0x6110,
    0x6210,0xC220,0x0100,0x6210,0xA218,0xC220,0xC220,0xC220,0xC220,0xC220,0x8218,0x8218,
    0x8218,0x4110,0x6210,0x6210,0x6210,0x6210,0x6210,0x6210,0x6210,0x6210,0x6210,0x6210,
    0x6210,0x6210,0x6210,0x6210,0x6210,0x6210,0x6210,0x6210,0x6210,0x6210,0x6210,0x6210,
    0x6210,0x6210,0x6210,0x6210,0x6210,0x6210,0x6210,0x6210,0x6210,0x0000,0x0000,0x0000,
    0x0000,0x0000,0x0000,0x0000,0x0000,0x0000,0x0000,0x0000,0x0000,0x0000,0x0000,0x0000,
    0x0000,0x0000,0x0000,0x0000,0x0000,0x0000,0x0000,0x0000,0x0000,0x0000,0x0000,0x0000,
    0x0000,0x0000,0x0000,0x0000,0x0000,0x0000,0x0000,0x0000,0x0000,0x0000,0x0000,0x0000,
    0x0000,0x0000,0x0000,0x0000,0x0000,0x0000,0x0000,0x0000,0x0000,0x0000,0x0000,0x0000,
    0x0000,0x0000,0x0000,0x0000,0x0000,0x0000,0x0000,0x0000,0x0000,0x0000,0x0000,0x0000,
    0x0000,0x0000,0x0000,0x0000,0x0000,0x0000,0x0000,0x0000,0x0000,0x0000,0x0000,0x0000,
    0x0000,0x0000,0x0000,0x0000,0x0000,0x0000,0x0000,0x0000,0x0000,0x0000,0x0000,0x0000,
    0x0000,0x0000,0x0000,0x0000,0x0000,0x0000,0x0000,0x0000,0x0000,0x0000,0x0000,0x0000,
    0x0000,0x0000,0x0000,0x0000,0x0000,0x0000,0x0000,0x0000,0x0000,0x0000,0x0000,0x0000,
    0x0000,0x0000,0x0000,0x0000,0x0000,0x0000,0x0000,0x0000,0x0000,0x0000,0x0000,0x0000,
    0x0000,0x0000,0x0000,0x0000,0x0000,0x0000,0x0000,0x0000,0x0000,0x0000,0x0000,0x0000,
    0x0000,0x0000,0x0000,0x0000,0x0000,0x0000,0x0000,0x0000,0x0000,0x0000,0x0000,0x0000,
    0x0000,0x0000,0x0000,0x0000,0x0000,0x0000,0x0000,0x0000,0x0000,0x0000,0x0000,0x0000,
    0x0000,0x0000,0x0000,0x0000,0x0000,0x0000,0x0000,0x0000,0x0000,0x0000,0x0000,0x0000,
    0x0000,0x0000,0x0000,0x0000,0x0000,0x0000,0x0000,0x0000,0x0000,0x0000,0x0000,0x0000,
    0x0000,0x0000,0x0000,0x0000,0x0000,0x0000,0x0000,0x0000,0x0000,0x0000,0x0000,0x0000,
    0x0000,0x0000,0x0000,0x0000,0x0000,0x0000,0x0000,0x0000,0x0000,0x0000,0x0000,0x0000,
    0x0000,0x0000,0x0000,0x0000,0x0000,0x0000,0x0000,0x0000,0x0000,0x0000,0x0000,0x0000,
    0x0000,0x0000,0x0000,0x0000,0x0000,0x0000,0x0000,0x0000,0x0000,0x0000,0x0000,0x0000,
    0x0000,0x0000,0x0000,0x0000,0x0000,0x0000,0x0000,0x0000,0x0000,0x0000,0x0000,0x0000,
    0x0000,0x0000,0x0000,0x0000,0x0000,0x0000,0x0000,0x0000,0x0000,0x0000,0x0000,0x0000,
    0x0000,0x0000,0x0000,0x0000,0x0000,0x0000,0x0000,0x0000,0x0000,0x0000,0x0000,0x0000,
    0x0000,0x0000,0x0000,0x0000,0x0000,0x0000,0x0000,0x0000,0x0000,0x0000,0x0000,0x0000,
    0x0000,0x0000,0x0000,0x0000,0x0000,0x0000,0x0000,0x0000,0x0000,0x0000,0x0000,0x0000,
    0x0000,0x0000,0x0000,0x0000,0x0000,0x0000,0x0000,0x0000,0x0000,0x0000,0x0000,0x0000,
    0x0000,0x0000,0x0000,0x0000,0x0000,0x0000,0x0000,0x0000,0x0000,0x0000,0x0000,0x0000,
    0x0000,0x0000,0x0000,0x0000,0x0000,0x0000,0x0000,0x0000,0x0000,0x0000,0x0000,0x0000,
    0x0000,0x0000,0x0000,0x0000,0x0000,0x0000,0x0000,0x0000,0x0000,0x0000,0x0000,0x0000,
    0x0000,0x0000,0x0000,0x0000,0x0000,0x0000,0x0000,0x0000,0x0000,0x0000,0x0000,0x0000,
    0x0000,0x0000,0x0000,0x0000,0x0000,0x0000,0x0000,0x0000,0x0000,0x0000,0x0000,0x0000,
    0x0000,0x0000,0x0000,0x0000,0x0000,0x0000,0x0000,0x0000,0x0000,0x0000,0x0000,0x0000,
    0x0000,0x0000,0x0000,0x0000,0x0000,0x0000,0x0000,0x0000,0x0000,0x0000,0x0000,0x0000,
    0x0000,0x0000,0x0000,0x0000,0x0000,0x0000,0x0000,0x0000,0x0000,0x0000,0x0000,0x0000,
    0x0000,0x0000,0x0000,0x0000,0x0000,0x0000,0x0000,0x0000,0x0000,0x0000,0x0000,0x0000,
    0x0000,0x0000,0x0000,0x0000,0x0000,0x0000,0x0000,0x0000,0x0000,0x0000,0x0000,0x0000,
    0x0000,0x0000,0x0000,0x0000,0x0000,0x0000,0x0000,0x0000,0x0000,0x0000,0x0000,0x0000,
    0x0000,0x0000,0x0000,0x0000,0x0000,0x0000,0x0000,0x0000,0x0000,0x0000,0x0000,0x0000,
    0x0000,0x0000,0x0000,0x0000,0x0000,0x0000,0x0000,0x0000,0x0000,0x0000,0x0000,0x0000,
    0x0000,0x0000,0x0000,0x0000,0x0000,0x0000,0x0000,0x0000,0x0000,0x0000,0x0000,0x0000,
    0x0000,0x0000,0x0000,0x0000,0x0000,0x0000,0x0000,0x0000,0x0000,0x0000,0x0000,0x0000,
    0x0000,0x0000,0x0000,0x0000,0x0000,0x0000,0x0000,0x0000,0x0000,0x0000,0x0000,0x0000,
    0x0000,0x0000,0x0000,0x0000,0x0000,0x0000,0x0000,0x0000,0x0000,0x0000,0x0000,0x0000,
    0x0000,0x0000,0x0000,0x0000,0x0000,0x0000,0x0000,0x0000,0x0000,0x0000,0x0000,0x0000,
    0x0000,0x0000,0x0000,0x0000,0x0000,0x0000,0x0000,0x0000,0x0000,0x0000,0x0000,0x0000,
    0x0000,0x0000,0x0000,0x0000,0x0000,0x0000,0x0000,0x0000,0x0000,0x0000,0x0000,0x0000,
    0x0000,0x0000,0x0000,0x0000,0x0000,0x0000,0x0000,0x0000,0x0000,0x0000,0x0000,0x0000,
    0x0000,0x0000,0x0000,0x0000,0x2000,0x0000,0x0000,0x0000,0x0000,0x0000,0x0000,0x0000,
    0x0000,0x0000,0x0000,0x0000,0x0000,0x0000,0x0000,0x0000,0x0000,0x0000,0x0000,0x0000,
    0x0000,0x0000,0x0000,0x0000,0x0000,0x0000,0x0000,0x0000,0x0000,0x0000,0x0000,0x0000,
    0x0000,0x0000,0x0000,0x0000,0x0000,0x0000,0x0000,0x0000,0x0000,0x0000,0x0000,0x0000,
    0x0000,0x0000,0x0000,0x0000,0x0000,0x0000,0x0000,0x0000,0x0000,0x0000,0x0000,0x0000,
    0x0000,0x0000,0x0000,0x0000,0x0000,0x0000,0x0000,0x0000,0x0000,0x0000,0x0000,0x0000,
    0x0000,0x0000,0x0000,0x0000,0x0000,0x0000,0x0000,0x0000,0x0000,0x0000,0x0000,0x0000,
    0x0000,0x0000,0x0000,0x0000,0x0000,0x0000,0x0000,0x0000,0x0000,0x0000,0x0000,0x0000,
    0x0000,0x0000,0x0000,0x0000,0x0000,0x0000,0x0000,0x0000,0x0000,0x0000,0x0000,0x0000,
    0x0000,0x0000,0x0000,0x0000,0x0000,0x0000,0x0000,0x0000,0x0000,0x0000,0x0000,0x0000,
    0x0000,0x0000,0x0000,0x0000,0x0000,0x0000,0x0000,0x0000,0x0000,0x0000,0x0000,0x0000,
    0x0000,0x0000,0x0000,0x0000,0x0000,0x0000,0x0000,0x0000,0x0000,0x0000,0x0000,0x0000,
    0x0000,0x0000,0x0000,0x0000,0x0000,0x0000,0x0000,0x0000,0x0000,0x0000,0x0000,0x0000,
    0x0000,0x0000,0x8210,0x0000,0x0000,0x0000,0x0000,0x2108,0x0000,0x0000,0x0000,0x0000,
    0x0000,0x0000,0x0000,0x0000,0x0000,0x8210,0x0000,0x0000,0x0000,0x0000,0x2000,0x6108,
    0x0000,0x0000,0x2000,0x2000,0x0000,0x0000,0x0000,0x0000,0x2108,0x0008,0x0000,0x0000,
    0x4110,0x8120,0x4108,0xC318,0x0000,0x0000,0x0000,0x0000,0x0000,0x0000,0x0000,0x0000,
    0x0000,0x0000,0x0000,0x0000,0x0000,0x4108,0x4110,0x6110,0x2100,0x0000,0x0000,0x0000,
    0x0000,0x0000,0x0000,0x0000,0x0000,0x0000,0x0000,0x0000,0x0000,0x0000,0x0000,0x0000,
    0x0000,0x0000,0x0000,0x0000,0x0000,0x0000,0x0000,0x0000,0x0000,0x0000,0x0000,0x0000,
    0x0000,0x0000,0x0000,0x0000,0x0000,0x0000,0x0000,0x0000,0x0000,0x0000,0x0000,0x0000,
    0x0000,0x0000,0x0000,0x0000,0x0000,0x0000,0x0000,0x0000,0x0000,0x0000,0x0000,0x0000,
    0x0000,0x0000,0x0000,0x0000,0x0000,0x0000,0x0000,0x0000,0x0000,0x0000,0x0000,0x0000,
    0x0000,0x0000,0x0000,0x0000,0x0000,0x0000,0x0000,0x0000,0x0000,0x0000,0x0000,0x0000,
    0x0000,0x0000,0x0000,0x0000,0x0000,0x0000,0x0000,0x0000,0x0000,0x0000,0x0000,0x0000,
    0x0000,0x0000,0x0000,0x0000,0x0000,0x0000,0x0000,0x0000,0x0000,0x0000,0x0000,0x0000,
    0x0000,0x0000,0x0000,0x0000,0x0000,0x0000,0x0000,0xC739,0x1CE7,0xFFFF,0xFFFF,0xFFFF,
    0x9AD6,0x0000,0x0000,0x0000,0x0000,0x0000,0x0000,0x0000,0x6952,0xFFFF,0xD39C,0x0000,
    0x2421,0x5DEF,0xFFFF,0xFFFF,0x0000,0x518C,0xFFFF,0xFFFF,0xEB62,0x0000,0xE159,0x40FE,
    0x60FF,0x80FF,0x40FE,0x6020,0x00FE,0xE0FF,0xC151,0x0000,0x0000,0x0000,0x0000,0x0000,
    0x0000,0x0000,0x0000,0x0000,0x0000,0x0000,0x0000,0x0000,0x0000,0xE082,0xE0FF,0x80FF,
    0x0108,0x0200,0x0000,0x0000,0x0000,0x0000,0x0000,0x0000,0x0000,0x0000,0x0000,0x0000,
    0x0000,0x0000,0x0000,0x0000,0x0000,0x0000,0x0000,0x0000,0x0000,0x0000,0x0000,0x0000,
    0x0000,0x0000,0x0000,0x0000,0x0000,0x0000,0x0000,0x0000,0x0000,0x0000,0x0000,0x0000,
    0x0000,0x0000,0x0000,0x0000,0x0000,0x0000,0x0000,0x0000,0x0000,0x0000,0x0000,0x0000,
    0x0000,0x0000,0x0000,0x0000,0x0000,0x0000,0x0000,0x0000,0x0000,0x0000,0x0000,0x0000,
    0x0000,0x0000,0x0000,0x0000,0x0000,0x0000,0x0000,0x0000,0x0000,0x0000,0x0000,0x0000,
    0x0000,0x0000,0x0000,0x0000,0x0000,0x0000,0x0000,0x0000,0x0000,0x0000,0x0000,0x0000,
    0x0000,0x0000,0x0000,0x0000,0x0000,0x0000,0x0000,0x0000,0x0000,0x0000,0x0000,0x0000,
    0x0000,0x0000,0x0000,0x0000,0x0000,0x0000,0x0000,0x0000,0x0000,0x0000,0x6D73,0xFFFF,
    0xFFFF,0xFFFF,0xFFFF,0xFFFF,0xDFFF,0x0000,0x0000,0x0000,0x0000,0x0000,0x6108,0x0000,
    0x59CE,0xFFFF,0x38C6,0x0000,0xFFFF,0xFFFF,0xFFFF,0xFFFF,0x2D6B,0xFFFF,0xFFFF,0xFFFF,
    0x2400,0xA051,0xE0FF,0xC0FF,0xC0FF,0xE0FF,0x00F6,0xE061,0xE0FF,0xE0FF,0x6041,0x0100,
    0x0221,0x0000,0x0000,0xA210,0x0100,0x0000,0x2008,0x0000,0x0000,0x4100,0x0100,0x0100,
    0x0000,0x416A,0xE0FF,0x60FF,0x4010,0x0000,0x0000,0x0000,0x0000,0x0000,0x0000,0x0000,
    0x0000,0x0000,0x0000,0x0000,0x0000,0x0000,0x0000,0x0000,0x0000,0x0000,0x0000,0x0000,
    0x0000,0x0000,0x0000,0x0000,0x0000,0x0000,0x0000,0x0000,0x0000,0x0000,0x0000,0x0000,
    0x0000,0x0000,0x0000,0x0000,0x0000,0x0000,0x0000,0x0000,0x0000,0x0000,0x0000,0x0000,
    0x0000,0x0000,0x0000,0x0000,0x0000,0x0000,0x0000,0x0000,0x0000,0x0000,0x0000,0x0000,
    0x0000,0x0000,0x0000,0x0000,0x0000,0x0000,0x0000,0x0000,0x0000,0x0000,0x0000,0x0000,
    0x0000,0x0000,0x0000,0x0000,0x0000,0x0000,0x0000,0x0000,0x0000,0x0000,0x0000,0x0000,
    0x0000,0x0000,0x0000,0x0000,0x0000,0x0000,0x0000,0x0000,0x0000,0x0000,0x0000,0x0000,
    0x0000,0x0000,0x0000,0x0000,0x0000,0x0000,0x0000,0x0000,0x0000,0x0000,0x0000,0x0000,
    0x0000,0x0000,0xDFFF,0xFFFF,0xFFFF,0x3084,0xC739,0x59CE,0x8E73,0x0000,0x4108,0x0000,
    0x4108,0x6529,0x0000,0x0000,0xE318,0x1084,0x0000,0x6529,0xFFFF,0x1CE7,0xA639,0x8631,
    0xBADE,0xFFFF,0x8E73,0x6729,0x0008,0xE0FF,0x80FF,0x20FF,0xE092,0x208B,0xA0CC,0xA0A3,
    0xE0FF,0x60E5,0x0000,0x6018,0x0100,0x4000,0x0000,0x0000,0x0008,0x2110,0x0100,0x6100,
    0x2200,0x0200,0x2162,0xA149,0x0100,0xC0CC,0xE0FF,0xC0D4,0x0000,0x0000,0x4110,0x2000,
    0x0000,0x0000,0x0000,0x0000,0x0000,0x0000,0x0000,0x0000,0x0000,0x0000,0x0000,0x0000,
    0x0000,0x0000,0x0000,0x0000,0x0000,0x0000,0x0000,0x0000,0x0000,0x0000,0x0000,0x0000,
    0x0000,0x0000,0x0000,0x0000,0x0000,0x0000,0x0000,0x0000,0x0000,0x0000,0x0000,0x0000,
    0x0000,0x0000,0x0000,0x0000,0x0000,0x0000,0x0000,0x0000,0x0000,0x0000,0x0000,0x0000,
    0x0000,0x0000,0x0000,0x0000,0x0000,0x0000,0x0000,0x0000,0x0000,0x0000,0x0000,0x0000,
    0x0000,0x0000,0x0000,0x0000,0x0000,0x0000,0x0000,0x0000,0x0000,0x0000,0x0000,0x0000,
    0x0000,0x0000,0x0000,0x0000,0x0000,0x0000,0x0000,0x0000,0x0000,0x0000,0x0000,0x0000,
    0x0000,0x0000,0x0000,0x0000,0x0000,0x0000,0x0000,0x0000,0x0000,0x0000,0x0000,0x0000,
    0x0000,0x0000,0x0000,0x0000,0x0000,0x494A,0xFFFF,0xFFFF,0x5DEF,0x0000,0x0000,0x0000,
    0x0000,0x7194,0xFFFF,0x55AD,0x9EF7,0xFFFF,0x8E73,0x0000,0xB6B5,0x7DEF,0x718C,0x3CE7,
    0xFFFF,0xBEF7,0x718C,0xEF83,0x5DEF,0xFFFF,0xD6BD,0x0819,0xC0AB,0xE0FF,0x20FF,0x6172,
    0x0100,0x0100,0x0000,0x00B4,0xE0FF,0xA0ED,0x20E5,0xA0FF,0x20BC,0x0000,0xC028,0x80FE,
    0xE0FF,0xE0FF,0xA09B,0x0100,0x4208,0xC1ED,0xE0FF,0xE0FF,0x0108,0xA0ED,0xE0FF,0xA0A3,
    0x0000,0x20FF,0xE0FF,0x0008,0x0000,0x0000,0x0000,0x0000,0x0000,0x0000,0x0000,0x0000,
    0x0000,0x0000,0x0000,0x0000,0x0000,0x0000,0x0000,0x0000,0x0000,0x0000,0x0000,0x0000,
    0x0000,0x0000,0x0000,0x0000,0x0000,0x0000,0x0000,0x0000,0x0000,0x0000,0x0000,0x0000,
    0x0000,0x0000,0x0000,0x0000,0x0000,0x0000,0x0000,0x0000,0x0000,0x0000,0x0000,0x0000,
    0x0000,0x0000,0x0000,0x0000,0x0000,0x0000,0x0000,0x0000,0x0000,0x0000,0x0000,0x0000,
    0x0000,0x0000,0x0000,0x0000,0x0000,0x0000,0x0000,0x0000,0x0000,0x0000,0x0000,0x0000,
    0x0000,0x0000,0x0000,0x0000,0x0000,0x0000,0x0000,0x0000,0x0000,0x0000,0x0000,0x0000,
    0x0000,0x0000,0x0000,0x0000,0x0000,0x0000,0x0000,0x0000,0x0000,0x0000,0x0000,0x0000,
    0x0000,0x0000,0x0000,0x0000,0x0000,0x0000,0x0000,0x0000,0x0000,0xC739,0xFFFF,0xFFFF,
    0xFFFF,0xFFFF,0xFFFF,0x3084,0x0000,0x38C6,0xFFFF,0xFFFF,0xFFFF,0xFFFF,0xFFFF,0xF39C,
    0xFFFF,0xFFFF,0xFFFF,0xFFFF,0xFFFF,0xFFFF,0xFFFF,0xFFFF,0xFFFF,0xFFFF,0xFFFF,0xED62,
    0x20FE,0xE0FF,0x00B4,0x0000,0x6008,0x0000,0x0000,0xC0FE,0x60FF,0x80FE,0xE0FE,0xE0FF,
    0x80FE,0x8020,0xE0FF,0x80FE,0xE182,0xA0FE,0x80FF,0x0100,0xA0E5,0xE0FF,0x00FF,0x80FF,
    0x8128,0x40F6,0xC0FF,0x6159,0x40FE,0xE0FF,0x408B,0x0000,0x6010,0x0000,0x0000,0x0000,
    0x0000,0x0000,0x0000,0x0000,0x0000,0x0000,0x0000,0x0000,0x0000,0x0000,0x0000,0x0000,
    0x0000,0x0000,0x0000,0x0000,0x0000,0x0000,0x0000,0x0000,0x0000,0x0000,0x0000,0x0000,
    0x0000,0x0000,0x0000,0x0000,0x0000,0x0000,0x0000,0x0000,0x0000,0x0000,0x0000,0x0000,
    0x0000,0x0000,0x0000,0x0000,0x0000,0x0000,0x0000,0x0000,0x0000,0x0000,0x0000,0x0000,
    0x0000,0x0000,0x0000,0x0000,0x0000,0x0000,0x0000,0x0000,0x0000,0x0000,0x0000,0x0000,
    0x0000,0x0000,0x0000,0x0000,0x0000,0x0000,0x0000,0x0000,0x0000,0x0000,0x0000,0x0000,
    0x0000,0x0000,0x0000,0x0000,0x0000,0x0000,0x0000,0x0000,0x0000,0x0000,0x0000,0x0000,
    0x0000,0x0000,0x0000,0x0000,0x0000,0x0000,0x0000,0x0000,0x0000,0x0000,0x0000,0x0000,
    0x4108,0x0000,0x2842,0xBEF7,0xFFFF,0xFFFF,0xFFFF,0xDFFF,0xCB5A,0xFFFF,0xFFFF,0xC739,
    0x2C63,0xFFFF,0xBEF7,0xFFFF,0xFFFF,0xDFFF,0xE318,0x7DEF,0xFFFF,0x8A52,0x0000,0xCF7B,
    0xFFFF,0xFFFF,0xE318,0x0000,0xE0FE,0xA0FF,0x0139,0x0100,0xA010,0x0000,0x0008,0x20FF,
    0xE0FF,0x4041,0xA07A,0xE0FF,0xA0C4,0x80A3,0xE0FF,0xE0AB,0xC159,0xE0FF,0x60FE,0x817A,
    0xE0FF,0xE08A,0x0000,0x0000,0x2062,0xE0FF,0xE0FE,0xE0F5,0xE0FF,0xE061,0x0100,0x0000,
    0x0000,0x0000,0x0000,0x0000,0x0000,0x0000,0x0000,0x0000,0x0000,0x0000,0x0000,0x0000,
    0x0000,0x0000,0x0000,0x0000,0x0000,0x0000,0x0000,0x0000,0x0000,0x0000,0x0000,0x0000,
    0x0000,0x0000,0x0000,0x0000,0x0000,0x0000,0x0000,0x0000,0x0000,0x0000,0x0000,0x0000,
    0x0000,0x0000,0x0000,0x0000,0x0000,0x0000,0x0000,0x0000,0x0000,0x0000,0x0000,0x0000,
    0x0000,0x0000,0x0000,0x0000,0x0000,0x0000,0x0000,0x0000,0x0000,0x0000,0x0000,0x0000,
    0x0000,0x0000,0x0000,0x0000,0x0000,0x0000,0x0000,0x0000,0x0000,0x0000,0x0000,0x0000,
    0x0000,0x0000,0x0000,0x0000,0x0000,0x0000,0x0000,0x0000,0x0000,0x0000,0x0000,0x0000,
    0x0000,0x0000,0x0000,0x0000,0x0000,0x0000,0x0000,0x0000,0x0000,0x0000,0x0000,0x0000,
    0x0000,0x0000,0x0000,0x0000,0x0000,0x8210,0x0000,0x0000,0x0000,0x518C,0xFFFF,0xBEF7,
    0xDFFF,0xFFFF,0xFFFF,0x0000,0xAE73,0xFFFF,0x38C6,0x6952,0xFFFF,0xFBDE,0x0000,0xFFFF,
    0xFFFF,0xEC62,0x0000,0x18C6,0xFFFF,0x58CE,0x0000,0x2210,0xC0FE,0xE0FF,0x0062,0x0100,
    0x0200,0x0200,0xA19B,0xC0FF,0xE0FF,0x6049,0xC07A,0xE0FF,0x407A,0xC0E5,0x80FF,0x60FF,
    0xE0FF,0x60F6,0x2010,0x218B,0xE0FF,0x0000,0x0000,0x0000,0xE0CC,0xC0FF,0x00FF,0xC0FF,
    0xE0FF,0xE159,0x0300,0x0000,0x0000,0x0000,0x0000,0x0000,0x0000,0x0000,0x0000,0x0000,
    0x0000,0x0000,0x0000,0x0000,0x0000,0x0000,0x0000,0x0000,0x0000,0x0000,0x0000,0x0000,
    0x0000,0x0000,0x0000,0x0000,0x0000,0x0000,0x0000,0x0000,0x0000,0x0000,0x0000,0x0000,
    0x0000,0x0000,0x0000,0x0000,0x0000,0x0000,0x0000,0x0000,0x0000,0x0000,0x0000,0x0000,
    0x0000,0x0000,0x0000,0x0000,0x0000,0x0000,0x0000,0x0000,0x0000,0x0000,0x0000,0x0000,
    0x0000,0x0000,0x0000,0x0000,0x0000,0x0000,0x0000,0x0000,0x0000,0x0000,0x0000,0x0000,
    0x0000,0x0000,0x0000,0x0000,0x0000,0x0000,0x0000,0x0000,0x0000,0x0000,0x0000,0x0000,
    0x0000,0x0000,0x0000,0x0000,0x0000,0x0000,0x0000,0x0000,0x0000,0x0000,0x0000,0x0000,
    0x0000,0x0000,0x0000,0x0000,0x0000,0x0000,0x0000,0x0000,0x0421,0xFFFF,0x3CE7,0x96B5,
    0x2421,0xF7BD,0xFFFF,0xFFFF,0xFFFF,0xFFFF,0x3CE7,0x0000,0xD7BD,0xFFFF,0x2C63,0xEF7B,
    0xFFFF,0xBAD6,0x0842,0xFFFF,0xFFFF,0x8210,0x2000,0xFFFF,0xFFFF,0xAE7B,0x0000,0x0108,
    0x40FF,0x80FF,0xE0FE,0xA0CC,0xE1CC,0x00CD,0x40FF,0x20FF,0x60FF,0x0000,0xE082,0xE0FF,
    0xA082,0x00EE,0xE0FF,0x00B4,0xA061,0x0141,0x6093,0xA0FF,0xA0FF,0xE0AB,0xA028,0x409B,
    0xA0FE,0xA0FF,0xE0D4,0x008B,0xE0FF,0x20FE,0x0100,0x0000,0x0000,0x0000,0x0000,0x0000,
    0x0000,0x0000,0x0000,0x0000,0x0000,0x0000,0x0000,0x0000,0x0000,0x0000,0x0000,0x0000,
    0x0000,0x0000,0x0000,0x0000,0x0000,0x0000,0x0000,0x0000,0x0000,0x0000,0x0000,0x0000,
    0x0000,0x0000,0x0000,0x0000,0x0000,0x0000,0x0000,0x0000,0x0000,0x0000,0x0000,0x0000,
    0x0000,0x0000,0x0000,0x0000,0x0000,0x0000,0x0000,0x0000,0x0000,0x0000,0x0000,0x0000,
    0x0000,0x0000,0x0000,0x0000,0x0000,0x0000,0x0000,0x0000,0x0000,0x0000,0x0000,0x0000,
    0x0000,0x0000,0x0000,0x0000,0x0000,0x0000,0x0000,0x0000,0x0000,0x0000,0x0000,0x0000,
    0x0000,0x0000,0x0000,0x0000,0x0000,0x0000,0x0000,0x0000,0x0000,0x0000,0x0000,0x0000,
    0x0000,0x0000,0x0000,0x0000,0x0000,0x0000,0x0000,0x0000,0x0000,0x0000,0x0000,0x0000,
    0xE741,0xFFFF,0xFFFF,0xFFFF,0xFFFF,0xFFFF,0xFFFF,0xD7BD,0x5DEF,0xFFFF,0x3084,0x0000,
    0xFFFF,0xFFFF,0x4D6B,0x9EF7,0xFFFF,0x1084,0x55AD,0xFFFF,0xDFFF,0x0000,0x0421,0xFFFF,
    0xFFFF,0x0842,0x0000,0x0000,0x60DD,0xE0FF,0x60FF,0xC0FF,0xC0FF,0xA0FF,0xE0FE,0xC0FF,
    0x20FE,0x0000,0xE0ED,0xE0FF,0xC028,0x00AC,0xE0FF,0x00FF,0x20FF,0xA0FF,0xE0FF,0xA0FE,
    0xE0FF,0xC0FF,0xE0FF,0xE0FF,0xC0FF,0xE0FF,0x4083,0xE140,0xE0FF,0xE0FF,0xC07A,0x0000,
    0x0000,0x0000,0x0000,0x0000,0x0000,0x0000,0x0000,0x0000,0x0000,0x0000,0x0000,0x0000,
    0x0000,0x0000,0x0000,0x0000,0x0000,0x0000,0x0000,0x0000,0x0000,0x0000,0x0000,0x0000,
    0x0000,0x0000,0x0000,0x0000,0x0000,0x0000,0x0000,0x0000,0x0000,0x0000,0x0000,0x0000,
    0x0000,0x0000,0x0000,0x0000,0x0000,0x0000,0x0000,0x0000,0x0000,0x0000,0x0000,0x0000,
    0x0000,0x0000,0x0000,0x0000,0x0000,0x0000,0x0000,0x0000,0x0000,0x0000,0x0000,0x0000,
    0x0000,0x0000,0x0000,0x0000,0x0000,0x0000,0x0000,0x0000,0x0000,0x0000,0x0000,0x0000,
    0x0000,0x0000,0x0000,0x0000,0x0000,0x0000,0x0000,0x0000,0x0000,0x0000,0x0000,0x0000,
    0x0000,0x0000,0x0000,0x0000,0x0000,0x0000,0x0000,0x0000,0x0000,0x0000,0x0000,0x0000,
    0x0000,0x0000,0x0000,0x0000,0x0421,0xFFFF,0xFFFF,0xFFFF,0xFFFF,0xDFFF,0x96B5,0x0000,
    0x38C6,0xFFFF,0xEB62,0x2842,0xFFFF,0xDBDE,0xC739,0xD7BD,0x5DEF,0x494A,0xD7BD,0x7DEF,
    0x718C,0x0000,0xE318,0xFFFF,0xDFFF,0xA631,0x0000,0x0000,0x0000,0x00FE,0x40FE,0x20FF,
    0xC0FF,0xC0FF,0xE0FF,0xC0FF,0xE182,0x0000,0xC0FF,0xC0FF,0x0000,0x4010,0x40FE,0xE0FF,
    0xC0FF,0xE0FF,0x00AC,0x0000,0xE0D4,0xE0FF,0xA0FE,0x60BC,0xA0CC,0xE0FE,0x8141,0x0100,
    0xE1DC,0xE0FE,0x20B4,0x0000,0x0000,0x0000,0x0000,0x0000,0x0000,0x0000,0x0000,0x0000,
    0x0000,0x0000,0x0000,0x0000,0x0000,0x0000,0x0000,0x0000,0x0000,0x0000,0x0000,0x0000,
    0x0000,0x0000,0x0000,0x0000,0x0000,0x0000,0x0000,0x0000,0x0000,0x0000,0x0000,0x0000,
    0x0000,0x0000,0x0000,0x0000,0x0000,0x0000,0x0000,0x0000,0x0000,0x0000,0x0000,0x0000,
    0x0000,0x0000,0x0000,0x0000,0x0000,0x0000,0x0000,0x0000,0x0000,0x0000,0x0000,0x0000,
    0x0000,0x0000,0x0000,0x0000,0x0000,0x0000,0x0000,0x0000,0x0000,0x0000,0x0000,0x0000,
    0x0000,0x0000,0x0000,0x0000,0x0000,0x0000,0x0000,0x0000,0x0000,0x0000,0x0000,0x0000,
    0x0000,0x0000,0x0000,0x0000,0x0000,0x0000,0x0000,0x0000,0x0000,0x0000,0x0000,0x0000,
    0x0000,0x0000,0x0000,0x0000,0x0000,0x0000,0x0000,0x6108,0x0000,0x0000,0xA639,0xB6B5,
    0xC739,0x0000,0x0000,0x0000,0x0000,0x0000,0x0000,0x0000,0x2000,0x0000,0x0000,0x0000,
    0x0000,0x0000,0x0000,0x0000,0x0000,0x4108,0x0000,0xE318,0x0000,0x0000,0x2000,0x0000,
    0x0000,0x0100,0x0000,0x0039,0xA028,0xA028,0xE030,0x8018,0x0000,0x0100,0x0100,0xE120,
    0x0000,0x0000,0x0000,0x2039,0xA028,0xE030,0x0000,0x0000,0x0000,0xE130,0x0108,0x0000,
    0x0100,0x0100,0x0000,0x0000,0x0000,0x0000,0x0000,0x0000,0x0000,0x0000,0x0000,0x0000,
    0x0000,0x0000,0x0000,0x0000,0x0000,0x0000,0x0000,0x0000,0x0000,0x0000,0x0000,0x0000,
    0x0000,0x0000,0x0000,0x0000,0x0000,0x0000,0x0000,0x0000,0x0000,0x0000,0x0000,0x0000,
    0x0000,0x0000,0x0000,0x0000,0x0000,0x0000,0x0000,0x0000,0x0000,0x0000,0x0000,0x0000,
    0x0000,0x0000,0x0000,0x0000,0x0000,0x0000,0x0000,0x0000,0x0000,0x0000,0x0000,0x0000,
    0x0000,0x0000,0x0000,0x0000,0x0000,0x0000,0x0000,0x0000,0x0000,0x0000,0x0000,0x0000,
    0x0000,0x0000,0x0000,0x0000,0x0000,0x0000,0x0000,0x0000,0x0000,0x0000,0x0000,0x0000,
    0x0000,0x0000,0x0000,0x0000,0x0000,0x0000,0x0000,0x0000,0x0000,0x0000,0x0000,0x0000,
    0x0000,0x0000,0x0000,0x0000,0x0000,0x0000,0x0000,0x0000,0x0000,0x0000,0x0000,0x0000,
    0x0000,0x0000,0x0000,0x0000,0x0000,0x0000,0x4108,0x6108,0x0000,0x0000,0x0000,0x0000,
    0x0000,0x2000,0x0000,0x0000,0x0000,0x0000,0x2000,0x2008,0x2000,0x2000,0x2000,0x0000,
    0x0000,0x0000,0x0000,0x0000,0x0000,0x8110,0x0000,0x0000,0x0000,0x0000,0x0000,0x0000,
    0x2008,0x2008,0x0000,0x0000,0x0000,0x6008,0x0000,0x0000,0x0000,0x0000,0x0000,0x0000,
    0x4008,0x0100,0x0000,0x4008,0x2000,0x2000,0x2000,0x6108,0x0000,0x2000,0x2000,0x0000,
    0x0000,0x0000,0x0000,0x0000,0x0000,0x0000,0x0000,0x0000,0x0000,0x0000,0x0000,0x0000,
    0x0000,0x0000,0x0000,0x0000,0x0000,0x0000,0x0000,0x0000,0x0000,0x0000,0x0000,0x0000,
    0x0000,0x0000,0x0000,0x0000,0x0000,0x0000,0x0000,0x0000,0x0000,0x0000,0x0000,0x0000,
    0x0000,0x0000,0x0000,0x0000,0x0000,0x0000,0x0000,0x0000,
};

static const uint8_t sniffcheck_logo_6_mask[1600] = {
    0x00,0x00,0x00,0x00,0x00,0x00,0x00,0x00,0x00,0x00,0x00,0x00,0x00,0x00,0x00,0x1F,
    0xF0,0x00,0x00,0x00,0x00,0x00,0x00,0x00,0x00,0x00,0x00,0x00,0x00,0x00,0x00,0x00,
    0x00,0x00,0x01,0xFF,0xFE,0x00,0x00,0x00,0x00,0x00,0x00,0x00,0x00,0x00,0x00,0x00,
    0x00,0x00,0x00,0x00,0x00,0x00,0x07,0xFF,0xFF,0x80,0x00,0x00,0x00,0x00,0x00,0x00,
    0x00,0x00,0x00,0x00,0x00,0x00,0x00,0x00,0x00,0x00,0x1F,0xFF,0xFF,0xC0,0x00,0x00,
    0x00,0x00,0x00,0x00,0x00,0x40,0x00,0x00,0x00,0x00,0x00,0x00,0x00,0x00,0x3F,0xFF,
    0xFF,0xF0,0x00,0x00,0x00,0x00,0x00,0x00,0x00,0xC0,0x00,0x00,0x00,0x00,0x00,0x00,
    0x00,0x00,0x7F,0xFF,0xFF,0xF8,0x00,0x00,0x00,0x00,0x00,0x00,0x01,0xC0,0x00,0x00,
    0x00,0x00,0x00,0x00,0x00,0x00,0xFF,0xFF,0xFF,0xFC,0x00,0x00,0x00,0x00,0x00,0x00,
    0x01,0xC0,0x00,0x00,0x00,0x00,0x00,0x00,0x00,0x01,0xFF,0xFD,0x7F,0xFE,0x00,0x00,
    0x00,0x00,0x00,0x00,0x03,0xC0,0x00,0x00,0x00,0x00,0x00,0x00,0x00,0x03,0xFF,0x80,
    0x07,0xFE,0x00,0x00,0x00,0x00,0x00,0x00,0x03,0xC0,0x00,0x00,0x00,0x00,0x00,0x00,
    0x00,0x03,0xFF,0x00,0x01,0xFE,0x00,0x00,0x00,0x00,0x00,0x00,0x03,0xC0,0x00,0x00,
    0x00,0x00,0x00,0x00,0x00,0x03,0xFC,0x3F,0xC1,0xFE,0x00,0x00,0x00,0x00,0x00,0x00,
    0x03,0xC0,0x00,0x00,0x00,0x00,0x00,0x00,0x00,0x01,0xF8,0xFF,0xF8,0x7E,0x00,0x00,
    0x00,0x00,0x00,0x00,0x07,0xE0,0x00,0x00,0x00,0x00,0x00,0x00,0x00,0x00,0xF1,0xFF,
    0xFE,0x38,0x00,0x00,0x00,0x00,0x00,0x00,0x07,0xE0,0x00,0x00,0x00,0x00,0x00,0x00,
    0x00,0x00,0x03,0xFF,0xFF,0x00,0x00,0x00,0x00,0x00,0x00,0x00,0x07,0xF0,0x00,0x00,
    0x00,0x00,0x00,0x00,0x00,0x00,0x07,0xFF,0xFF,0x80,0x00,0x00,0x00,0x00,0x00,0x00,
    0x07,0xF0,0x00,0x00,0x00,0x00,0x00,0x00,0x00,0x00,0x0F,0xFF,0xFF,0xC0,0x00,0x00,
    0x00,0x00,0x00,0x00,0x07,0xF8,0x00,0x00,0x00,0x00,0x00,0x00,0x00,0x00,0x0F,0xF8,
    0x3F,0xC0,0x00,0x00,0x00,0x00,0x00,0x00,0x03,0xFC,0x00,0x3F,0xFE,0x00,0x00,0x00,
    0x00,0x00,0x07,0xE2,0x9F,0x80,0x00,0x00,0x00,0x00,0x00,0x00,0x03,0xFF,0x01,0xFF,
    0xFF,0x80,0x00,0x00,0x00,0x00,0x03,0x9F,0xE7,0x80,0x00,0x00,0x00,0x00,0x00,0x00,
    0x03,0xFF,0xC7,0xFF,0xFF,0xF0,0x00,0x00,0x00,0x00,0x00,0x7F,0xF0,0x00,0x00,0x00,
    0x00,0x00,0x00,0x00,0x01,0xFF,0xFF,0xFF,0xFF,0xFE,0x00,0x00,0x00,0x00,0x00,0x7F,
    0xF0,0x00,0x00,0x00,0x00,0x00,0x00,0x00,0x00,0xFF,0xFF,0xFF,0xFF,0xFF,0xC0,0x00,
    0x00,0x00,0x00,0x7F,0xF0,0x00,0x00,0x00,0x00,0x00,0x00,0x00,0x00,0x7F,0xFF,0xFF,
    0xFF,0xFF,0xF0,0x00,0x00,0x00,0x00,0x3D,0xF0,0x00,0x00,0x00,0x00,0x00,0x00,0x00,
    0x00,0x3F,0xFF,0xFF,0xFF,0xFF,0xF8,0x00,0x00,0x00,0x00,0x10,0x20,0x00,0x00,0x00,
    0x00,0x00,0x00,0x00,0x00,0x1F,0xFF,0xFF,0xFF,0xFF,0xFE,0x00,0x00,0x00,0x00,0x0F,
    0x80,0x00,0x00,0x00,0x00,0x00,0x00,0x00,0x00,0x0F,0xFF,0xFF,0xFF,0xFF,0xFF,0x00,
    0x00,0x00,0x00,0x1F,0xC0,0x00,0x00,0x00,0x00,0x00,0x00,0x00,0x00,0x03,0xFF,0xFF,
    0xFF,0xFF,0xFF,0xC0,0x00,0x00,0x00,0x1F,0xE0,0x00,0x00,0x00,0x00,0x00,0x00,0x00,
    0x00,0x07,0xFF,0xFF,0xFF,0xFF,0xFF,0xC0,0x00,0x00,0x00,0x1F,0xE0,0x00,0x00,0x00,
    0x00,0x00,0x00,0x00,0x00,0x07,0xFF,0xFF,0xFF,0xFF,0xFF,0xF0,0x00,0x00,0x00,0x1F,
    0xE0,0x00,0x00,0x00,0x00,0x00,0x00,0x00,0x00,0x0F,0xFF,0xFF,0xFF,0xFF,0xFF,0xF8,
    0x00,0x00,0x00,0x1F,0xC0,0x00,0x00,0x00,0x00,0x00,0x00,0x00,0x00,0x0F,0xFF,0xFF,
    0xFF,0xFF,0xFF,0xFC,0x00,0x00,0x00,0x0F,0xC0,0x00,0x00,0x00,0x00,0x00,0x00,0x00,
    0x00,0x0F,0xFF,0xFF,0xFF,0xFF,0xFF,0xFF,0xF0,0x00,0x00,0x07,0x00,0x00,0x00,0x00,
    0x00,0x00,0x00,0x00,0x00,0x1F,0xFF,0xFF,0xFF,0xFF,0xFF,0xFF,0xFE,0x00,0x00,0x00,
    0x00,0x00,0x00,0x00,0x00,0x00,0x00,0x00,0x00,0x1F,0xFF,0xFF,0xFF,0xFF,0xFF,0xFF,
    0xFF,0xF8,0x00,0x00,0x00,0x00,0x00,0x00,0x00,0x00,0x00,0x00,0x00,0x1F,0xFF,0xFF,
    0xFF,0xFF,0xFF,0xFF,0xFF,0xF8,0x00,0x00,0x00,0x00,0x00,0x00,0x00,0x00,0x00,0x00,
    0x00,0x1F,0xFF,0xFF,0xFF,0xFF,0xFF,0xFF,0xFF,0xFC,0x00,0x00,0x00,0x00,0x00,0x00,
    0x00,0x00,0x00,0x00,0x00,0x1F,0xFF,0xFF,0xFF,0xFF,0xFF,0xFF,0xFF,0xFE,0x00,0x00,
    0x00,0x00,0x00,0x00,0x00,0x00,0x00,0x00,0x00,0x1F,0xFF,0xFF,0xFF,0xFF,0xFF,0xFF,
    0xFF,0xFF,0x00,0x00,0x00,0x00,0x00,0x00,0x00,0x00,0x00,0x00,0x00,0x1F,0xFF,0xFF,
    0xFF,0xFF,0xFF,0xFF,0xFF,0xFF,0x00,0x00,0x00,0x00,0x00,0x00,0x00,0x00,0x00,0x00,
    0x00,0x1F,0xFF,0xFF,0xFF,0xFF,0xFF,0xFF,0xFF,0xFF,0x80,0x00,0x00,0x00,0x00,0x00,
    0x00,0x00,0x00,0x00,0x00,0x3F,0xFF,0xFF,0xFF,0xFF,0xFF,0xFF,0xFF,0xFF,0xC0,0x00,
    0x00,0x00,0x00,0x00,0x00,0x00,0x00,0x00,0x00,0x7F,0xFF,0xFF,0xFF,0xFF,0xFF,0xFF,
    0xFF,0xFF,0xC0,0x00,0x00,0x00,0x00,0x00,0x00,0x00,0x00,0x00,0x00,0xFF,0xFF,0xFF,
    0xFF,0xFF,0xFF,0xFF,0xFF,0xFF,0xC0,0x00,0x00,0x00,0x00,0x00,0x00,0x00,0x00,0x00,
    0x01,0xFF,0xFF,0xFF,0xFF,0xFF,0xFF,0xFF,0xFF,0xFF,0xC0,0x00,0x00,0x00,0x00,0x00,
    0x00,0x00,0x00,0x00,0x01,0xFF,0xFD,0xFF,0xFF,0xFF,0xFF,0xFF,0xFF,0xFF,0xE0,0x00,
    0x00,0x00,0x00,0x00,0x00,0x00,0x00,0x00,0x01,0xFF,0xF9,0xFF,0xFF,0xFF,0xFF,0xFF,
    0xFF,0xFF,0xE0,0x00,0x00,0x00,0x00,0x00,0x00,0x00,0x00,0x00,0x03,0xFF,0xE1,0xFF,
    0xFF,0xFF,0xFF,0xFF,0xFF,0xFF,0xE0,0x00,0x00,0x00,0x00,0x00,0x00,0x00,0x00,0x00,
    0x03,0xFF,0xC3,0xFF,0x8F,0xFF,0xFF,0xFF,0xFF,0xFF,0xE0,0x00,0x00,0x00,0x00,0x00,
    0x00,0x00,0x00,0x00,0x03,0xFF,0x83,0xFF,0x07,0xFF,0xFF,0xFF,0xFF,0xFF,0xC0,0x00,
    0x00,0x00,0x00,0x00,0x00,0x00,0x00,0x00,0x03,0xFF,0x03,0xFE,0x07,0xFF,0xFF,0xFF,
    0xFF,0xFF,0x80,0x00,0x00,0x00,0x00,0x00,0x00,0x00,0x00,0x00,0x03,0xFE,0x03,0xFF,
    0x03,0xFF,0xFF,0xFF,0xFF,0xFF,0x80,0x00,0x00,0x00,0x00,0x00,0x00,0x00,0x00,0x00,
    0x03,0xFE,0x01,0xFF,0x03,0xFF,0xBF,0xFF,0xFF,0xFF,0x80,0x00,0x00,0x00,0x00,0x00,
    0x00,0x00,0x00,0x00,0x03,0xFE,0x01,0xFF,0x01,0xFF,0x8F,0xFF,0xFF,0xFF,0xE0,0x00,
    0x00,0x00,0x00,0x00,0x00,0x00,0x00,0x00,0x03,0xFC,0x00,0xFF,0x81,0xFF,0xCF,0xFF,
    0xFF,0xFF,0xF0,0x00,0x00,0x00,0x00,0x00,0x00,0x00,0x00,0x00,0x03,0xFE,0x00,0xFF,
    0xE0,0xFF,0xC7,0xFF,0xFF,0xFF,0xF0,0x00,0x10,0x40,0x00,0x00,0x00,0x00,0x00,0x00,
    0x03,0xFF,0x00,0x7F,0xF8,0xFF,0xFB,0xFF,0xFF,0xFF,0xF0,0x00,0x18,0xC0,0x00,0x00,
    0x00,0x00,0x00,0x00,0x03,0xFF,0x80,0x7F,0xF8,0x7F,0xFF,0xFF,0xFF,0xFF,0xF8,0x00,
    0x0D,0x80,0x00,0x00,0x00,0x00,0x00,0x00,0x03,0xFF,0xC0,0x3F,0xFC,0x7F,0xFF,0xFF,
    0xFF,0xFF,0xF0,0x00,0xCF,0xA0,0x00,0x00,0x00,0x00,0x00,0x00,0x03,0xFF,0xC0,0x3F,
    0xFC,0x3F,0xFF,0xFF,0xFF,0xFF,0xF0,0x00,0x7F,0xE0,0x00,0x00,0x00,0x00,0x00,0x00,
    0x03,0xFF,0xC0,0x1F,0xFC,0x3F,0xFF,0xFF,0xFF,0xFF,0xF0,0x03,0xFF,0xFA,0x00,0x00,
    0x00,0x00,0x00,0x00,0x01,0xFF,0x80,0x0F,0xF8,0x1F,0xFE,0xFF,0x1F,0xFF,0xE0,0x01,
    0xFF,0xFE,0x00,0x00,0x00,0x00,0xFF,0xFF,0xFF,0xFF,0xFF,0xFF,0xFF,0xFF,0xFF,0xFF,
    0xFF,0xFF,0xFF,0xFF,0xFF,0xFF,0x80,0x00,0x00,0x00,0xFF,0xFF,0xFF,0xFF,0xFF,0xFF,
    0xFF,0xFF,0xFF,0xFF,0xFF,0xFF,0xFF,0xFF,0xFF,0xFF,0x80,0x00,0x00,0x00,0x00,0x00,
    0x00,0x00,0x00,0x00,0x00,0x00,0x00,0x00,0x00,0x00,0x00,0x00,0x00,0x00,0x00,0x00,
    0x00,0x00,0x00,0x00,0x00,0x00,0x00,0x00,0x00,0x00,0x00,0x00,0x00,0x00,0x00,0x00,
    0x00,0x00,0x00,0x00,0x00,0x00,0x00,0x00,0x00,0x00,0x00,0x00,0x00,0x00,0x00,0x00,
    0x00,0x00,0x00,0x00,0x00,0x00,0x00,0x00,0x00,0x00,0x00,0x00,0x00,0x00,0x00,0x0F,
    0x80,0xE7,0x39,0xEE,0x00,0x07,0x80,0x00,0x00,0x00,0x00,0x00,0x00,0x00,0x00,0x00,
    0x00,0x00,0x00,0x3F,0xC1,0xFF,0xFF,0xFF,0x00,0x0F,0xC0,0x00,0x00,0x00,0x00,0x00,
    0x00,0x00,0x00,0x00,0x00,0x00,0x00,0x7F,0xC1,0xFF,0xFF,0xFE,0x00,0x0F,0xC0,0x00,
    0x00,0x00,0x00,0x00,0x00,0x00,0x00,0x00,0x00,0x00,0x00,0x7F,0xFF,0xFF,0xFF,0xFF,
    0x9E,0x7F,0xF0,0x00,0x00,0x00,0x00,0x00,0x00,0x00,0x00,0x00,0x00,0x00,0x00,0xFF,
    0xFF,0xFF,0xFF,0xFF,0xFF,0xFF,0xF8,0x00,0x00,0x00,0x00,0x00,0x00,0x00,0x00,0x00,
    0x00,0x00,0x00,0xFF,0xFF,0xFF,0xFF,0xFF,0xFF,0xFF,0xF8,0x00,0x00,0x00,0x00,0x00,
    0x00,0x00,0x00,0x00,0x00,0x00,0x00,0xFF,0xFF,0xFF,0xFF,0xFF,0xFF,0xFF,0xF8,0x00,
    0x00,0x00,0x00,0x00,0x00,0x00,0x00,0x00,0x00,0x00,0x00,0xFF,0xFF,0xFF,0xFF,0xFF,
    0xFF,0xFF,0xE0,0x00,0x00,0x00,0x00,0x00,0x00,0x00,0x00,0x00,0x00,0x00,0x00,0xFF,
    0xFF,0xFF,0xFF,0xFF,0xFF,0xFF,0xE0,0x00,0x00,0x00,0x00,0x00,0x00,0x00,0x00,0x00,
    0x00,0x00,0x00,0xFF,0xFF,0xFF,0xFF,0xFF,0xFF,0xFF,0xE0,0x00,0x00,0x00,0x00,0x00,
    0x00,0x00,0x00,0x00,0x00,0x00,0x01,0xFF,0xFF,0xFF,0xFF,0xFF,0xFF,0xFF,0xF0,0x00,
    0x00,0x00,0x00,0x00,0x00,0x00,0x00,0x00,0x00,0x00,0x01,0xFF,0xFF,0xFF,0xFF,0xFF,
    0xFF,0xFF,0xF0,0x00,0x00,0x00,0x00,0x00,0x00,0x00,0x00,0x00,0x00,0x00,0x01,0xFF,
    0xFF,0xFF,0xEF,0xFF,0xFF,0xFF,0xF0,0x00,0x00,0x00,0x00,0x00,0x00,0x00,0x00,0x00,
    0x00,0x00,0x00,0x7F,0xFF,0xFF,0xC7,0xFF,0xFC,0xFF,0xE0,0x00,0x00,0x00,0x00,0x00,
};
