
#pragma once
#include <stdint.h>

#define SNIFFCHECK_LOGO_5_W 160
#define SNIFFCHECK_LOGO_5_H 80

static const uint16_t sniffcheck_logo_5[12800] = {
    0x0000,0x0000,0x0000,0x0000,0x0000,0x0000,0x0000,0x0000,0x0000,0x0000,0x0000,0x0000,
    0x0000,0x0000,0x0000,0x0000,0x0000,0x0000,0x0000,0x0000,0x0000,0x0000,0x0000,0x0000,
    0x0000,0x0000,0x0000,0x0000,0x0000,0x0000,0x0000,0x0000,0x0000,0x0000,0x0000,0x0000,
    0x0000,0x0000,0x0000,0x0000,0x0000,0x0000,0x0000,0x0000,0x0000,0x0000,0x0000,0x0000,
    0x0000,0x0000,0x0000,0x0000,0x0000,0x0000,0x0000,0x0000,0x0000,0x0000,0x0000,0x0000,
    0x0000,0x0000,0x0000,0x0000,0x0000,0x0000,0x0000,0x0000,0x0000,0x0000,0x0000,0x0000,
    0x0000,0x0000,0x0000,0x0000,0x0000,0x0000,0x0000,0x0000,0x0000,0x0000,0x0000,0x0000,
    0x0000,0x0000,0x0000,0x0000,0x0000,0x0000,0x0000,0x0000,0x0000,0x0000,0x0000,0x0000,
    0x0000,0x0000,0x0000,0x0000,0x0000,0x0000,0x0000,0x0000,0x0000,0x0000,0x0000,0x0000,
    0x0000,0x0000,0x0000,0x0000,0x0000,0x0000,0x0000,0x0000,0x0000,0x0000,0x0000,0x0000,
    0x0000,0x0000,0x0000,0x0000,0x0000,0x0000,0x0000,0x0000,0x0000,0x0000,0x0000,0x0000,
    0x0000,0x0000,0x0000,0x0000,0x0000,0x0000,0x0000,0x0000,0x0000,0x0000,0x0000,0x0000,
    0x0000,0x0000,0x0000,0x0000,0x0000,0x0000,0x0000,0x0000,0x0000,0x0000,0x0000,0x0000,
    0x0000,0x0000,0x0000,0x0000,0x0000,0x0000,0x0000,0x0000,0x0000,0x0000,0x0000,0x0000,
    0x0000,0x0000,0x0000,0x0000,0x0000,0x0000,0x0000,0x0000,0x0000,0x0000,0x0000,0x0000,
    0x0000,0x0000,0x0000,0x0000,0x0000,0x0000,0x0000,0x0000,0x0000,0x0000,0x0000,0x0000,
    0x0000,0x0000,0x0000,0x0000,0x0000,0x0000,0x0000,0x0000,0x0000,0x0000,0x0000,0x0000,
    0x0000,0x0000,0x0000,0x0000,0x0000,0x0000,0x0000,0x0000,0x0000,0x0000,0x0000,0x0000,
    0x0000,0x0000,0x0000,0x0000,0x0000,0x0000,0x0000,0x0000,0x0000,0x0000,0x0000,0x0000,
    0x0000,0x0000,0x0000,0x0000,0x0000,0x0000,0x0000,0x0000,0x0000,0x0000,0x0000,0x0000,
    0x0000,0x0000,0x0000,0x0000,0x0000,0x0000,0x0000,0x0000,0x0000,0x0000,0x0000,0x0000,
    0x0000,0x0000,0x0000,0x0000,0x0000,0x0000,0x0000,0x0000,0x0000,0x0000,0x0000,0x0000,
    0x0000,0x0000,0x0000,0x0000,0x0000,0x0000,0x0000,0x0000,0x0000,0x0000,0x0000,0x0000,
    0x0000,0x0000,0x0000,0x0000,0x0000,0x0000,0x0000,0x0000,0x0000,0x0000,0x0000,0x0000,
    0x0000,0x0000,0x0000,0x0000,0x0000,0x4110,0x0000,0x0000,0x0000,0x0000,0x0000,0x0000,
    0x0100,0x0000,0x0000,0x0000,0x0000,0x0000,0x0000,0x0000,0x0000,0x0000,0x0000,0x0000,
    0x0000,0x0000,0x0000,0x0000,0x0000,0x0000,0x0000,0x0000,0x0000,0x0000,0x0000,0x0000,
    0x0000,0x0000,0x0000,0x0000,0x0000,0x0000,0x0000,0x0000,0x0000,0x0000,0x0000,0x0000,
    0x0000,0x0000,0x0000,0x0000,0x0000,0x0000,0x0000,0x0000,0x0000,0x0000,0x0000,0x0000,
    0x0000,0x0000,0x0000,0x0000,0x0000,0x0000,0x0000,0x0000,0x0000,0x0000,0x0000,0x0000,
    0x0000,0x0000,0x0000,0x0000,0x0000,0x0000,0x0000,0x0000,0x0000,0x0000,0x0000,0x0000,
    0x0000,0x0000,0x0000,0x0000,0x0000,0x0000,0x0000,0x0000,0x0000,0x0000,0x0000,0x0000,
    0x0000,0x0000,0x0000,0x0000,0x0000,0x0000,0x0000,0x0000,0x0000,0x0000,0x0000,0x0000,
    0x0000,0x0000,0x0000,0x0000,0x0000,0x0000,0x0000,0x0000,0x0000,0x0000,0x0000,0x0000,
    0x0000,0x0000,0x0000,0x0000,0x0000,0x0000,0x0000,0x0000,0x0000,0x0000,0x0000,0x0000,
    0x0000,0x0000,0x0000,0x0000,0x0000,0x0000,0x0000,0x0000,0x0000,0x0000,0x0000,0x0000,
    0x0000,0x0000,0x0000,0x0000,0x0000,0x0000,0x0000,0x0000,0x0000,0x0000,0x0000,0x0000,
    0x0000,0x0000,0x0000,0x0000,0x4000,0x0000,0x0000,0x0000,0x0100,0x0000,0xE539,0x0563,
    0xA45A,0xE462,0x0463,0xC45A,0x654A,0xA439,0x4210,0x0100,0x0100,0x0000,0x0000,0x0000,
    0x0000,0x0000,0x0000,0x0000,0x0000,0x0000,0x0000,0x0000,0x0000,0x0000,0x0000,0x0000,
    0x0000,0x0000,0x0000,0x0000,0x0000,0x0000,0x0000,0x0000,0x0000,0x0000,0x0000,0x0000,
    0x0000,0x0000,0x0000,0x0000,0x0000,0x0000,0x0000,0x0000,0x0000,0x0000,0x0000,0x0000,
    0x0000,0x0000,0x0000,0x0000,0x0000,0x0000,0x0000,0x0000,0x0000,0x0000,0x0000,0x0000,
    0x0000,0x0000,0x0000,0x0000,0x0000,0x0000,0x0000,0x0000,0x0000,0x0000,0x0000,0x0000,
    0x0000,0x0000,0x0000,0x0000,0x0000,0x0000,0x0000,0x0000,0x0000,0x0000,0x0000,0x0000,
    0x0000,0x0000,0x0000,0x0000,0x0000,0x0000,0x0000,0x0000,0x0000,0x0000,0x0000,0x0000,
    0x0000,0x0000,0x0000,0x0000,0x0000,0x0000,0x0000,0x0000,0x0000,0x0000,0x0000,0x0000,
    0x0000,0x0000,0x0000,0x0000,0x0000,0x0000,0x0000,0x0000,0x0000,0x0000,0x0000,0x0000,
    0x0000,0x0000,0x0000,0x0000,0x0000,0x0000,0x0000,0x0000,0x0000,0x0000,0x0000,0x0000,
    0x0000,0x0000,0x0000,0x0000,0x0000,0x0000,0x0000,0x0000,0x0000,0x0000,0x0000,0x0000,
    0x0000,0x0000,0x0000,0x0000,0x0000,0x0000,0x0000,0x0000,0x0000,0x0000,0xC418,0x454A,
    0xABE6,0xC8EE,0xE7FF,0xE5FF,0xE4FF,0xE3FF,0xE2FF,0xE2FF,0xE4FF,0xE5FF,0xE7FF,0x28CE,
    0x058C,0x0321,0x0100,0x0000,0x0108,0x0000,0x0000,0x0000,0x0000,0x0000,0x0000,0x0000,
    0x0000,0x0000,0x0000,0x0000,0x0000,0x0000,0x0000,0x0000,0x0000,0x0000,0x0000,0x0000,
    0x0000,0x0000,0x0000,0x0000,0x0000,0x0000,0x0000,0x0000,0x0000,0x0000,0x0000,0x0000,
    0x0000,0x0000,0x0000,0x0000,0x0000,0x0000,0x0000,0x0000,0x0000,0x0000,0x0000,0x0000,
    0x0000,0x0000,0x0000,0x0000,0x0000,0x0000,0x0000,0x0000,0x0000,0x0000,0x0000,0x0000,
    0x0000,0x0000,0x0000,0x0000,0x0000,0x0000,0x0000,0x0000,0x0000,0x0000,0x0000,0x0000,
    0x0000,0x0000,0x0000,0x0000,0x0000,0x0000,0x0000,0x0000,0x0000,0x0000,0x0000,0x0000,
    0x0000,0x0000,0x0000,0x0000,0x0000,0x0000,0x0000,0x0000,0x0000,0x0000,0x0000,0x0000,
    0x0000,0x0000,0x0000,0x0000,0x0000,0x0000,0x0000,0x0000,0x0000,0x0000,0x0000,0x0000,
    0x0000,0x0000,0x0000,0x0000,0x0000,0x0000,0x0000,0x0000,0x0000,0x0000,0x0000,0x0000,
    0x0000,0x0000,0x0000,0x0000,0x0000,0x0000,0x0000,0x0000,0x0000,0x0000,0x0000,0x0000,
    0x0000,0x0000,0x0000,0x0000,0x0000,0x0000,0x0000,0x0000,0x0000,0x4008,0x0000,0x0100,
    0x8752,0xCAE6,0x66FF,0xE3FF,0x40FF,0x00FF,0x60FE,0x20F6,0x20F6,0x20F6,0x20F6,0x00F6,
    0xE0F5,0x00F6,0x80FE,0x40FF,0xE1FF,0xE5FF,0x87D6,0x6652,0x0100,0x0000,0x0000,0x0000,
    0x0000,0x0000,0x0000,0x0000,0x0000,0x0000,0x0000,0x0000,0x0000,0x0000,0x0000,0x0000,
    0x0000,0x0000,0x0000,0x0000,0x0000,0x0000,0x0000,0x0000,0x0000,0x0000,0x0000,0x0000,
    0x0000,0x0000,0x0000,0x0000,0x0000,0x0000,0x0000,0x0000,0x0000,0x0000,0x0000,0x0000,
    0x0000,0x0000,0x0000,0x0000,0x0000,0x0000,0x0000,0x0000,0x0000,0x0000,0x0000,0x0000,
    0x0000,0x0000,0x0000,0x0000,0x0000,0x0000,0x0000,0x0000,0x0000,0x0000,0x0000,0x0000,
    0x0000,0x0000,0x0000,0x0000,0x0000,0x0000,0x0000,0x0000,0x0000,0x0000,0x0000,0x0000,
    0x0000,0x0000,0x0000,0x0000,0x0000,0x0000,0x0000,0x0000,0x0000,0x0000,0x0000,0x0000,
    0x0000,0x0000,0x0000,0x0000,0x0000,0x0000,0x0000,0x0000,0x0000,0x0000,0x0000,0x0000,
    0x0000,0x0000,0x0000,0x0000,0x0000,0x0000,0x0000,0x0000,0x0000,0x0000,0x0000,0x0000,
    0x0000,0x0000,0x0000,0x0000,0x0000,0x0000,0x0000,0x0000,0x0000,0x0000,0x0000,0x0000,
    0x0000,0x0000,0x0000,0x0000,0x0000,0x0000,0x0000,0x0000,0x0000,0x0000,0x0000,0x4008,
    0x0000,0x0200,0x8652,0xE7EE,0xE3FF,0x20FF,0x60FE,0x20F6,0x80FE,0x80FE,0xA0FE,0xA0FE,
    0x80FE,0x80FE,0x80FE,0x80FE,0x60FE,0x40F6,0x20F6,0x00F6,0x00EE,0x40F6,0x60FF,0xE6FF,
    0x6AF7,0x855A,0x0000,0x0000,0x0000,0x0000,0x0000,0x0000,0x0000,0x0000,0x0000,0x0000,
    0x0000,0x0000,0x0000,0x0000,0x0000,0x0000,0x0000,0x0000,0x0000,0x0000,0x0000,0x0000,
    0x0000,0x0000,0x0000,0x0000,0x0000,0x0000,0x0000,0x0000,0x0000,0x0000,0x0000,0x0000,
    0x0000,0x0000,0x0000,0x0000,0x0000,0x0000,0x0000,0x0000,0x0000,0x0000,0x0000,0x0000,
    0x0000,0x0000,0x0000,0x0000,0x0000,0x0000,0x0000,0x0000,0x0000,0x0000,0x0000,0x0000,
    0x0000,0x0000,0x0000,0x0000,0x0000,0x0000,0x0000,0x0000,0x0000,0x0000,0x0000,0x0000,
    0x0000,0x0000,0x0000,0x0000,0x0000,0x0000,0x0000,0x0000,0x0000,0x0000,0x0000,0x0000,
    0x0000,0x0000,0x0000,0x0000,0x0000,0x0000,0x0000,0x0000,0x0000,0x0000,0x0000,0x0000,
    0x0000,0x0000,0x0000,0x0000,0x0000,0x0000,0x0000,0x0000,0x0000,0x0000,0x0000,0x0000,
    0x0000,0x0000,0x0000,0x0000,0x0000,0x0000,0x0000,0x0000,0x0000,0x0000,0x0000,0x0000,
    0x0000,0x0000,0x0000,0x0000,0x0000,0x0000,0x0000,0x0000,0x0000,0x0000,0x0000,0x0000,
    0x0000,0x0000,0x2008,0x0100,0x0200,0x08CE,0xE4FF,0xE0FE,0x20F6,0x40F6,0x40F6,0x60FE,
    0x80FE,0x80FE,0xC0FE,0xE0FE,0xE0FE,0xE0FE,0xE0FE,0xC0FE,0x80FE,0x40F6,0x20F6,0x20F6,
    0x60F6,0x60FE,0x40F6,0x40FE,0x01FF,0xE8FF,0x66B5,0x0000,0x0100,0x0000,0x0000,0x0000,
    0x0000,0x0000,0x0000,0x0000,0x0000,0x0000,0x0000,0x0000,0x0000,0x0000,0x0000,0x0000,
    0x0000,0x0000,0x0000,0x0000,0x0000,0x0000,0x0000,0x0000,0x0000,0x0000,0x0000,0x0000,
    0x0000,0x0000,0x0000,0x0000,0x0000,0x0000,0x0000,0x0000,0x0000,0x0000,0x0000,0x0000,
    0x0000,0x0000,0x0000,0x2108,0x0000,0x0000,0x0000,0x0000,0x0000,0x0000,0x0000,0x0000,
    0x0000,0x0000,0x0000,0x0000,0x0000,0x0000,0x0000,0x0000,0x0000,0x0000,0x0000,0x0000,
    0x0000,0x0000,0x0000,0x0000,0x0000,0x0000,0x0000,0x0000,0x0000,0x0000,0x0000,0x0000,
    0x0000,0x0000,0x0000,0x0000,0x0000,0x0000,0x0000,0x0000,0x0000,0x0000,0x0000,0x0000,
    0x0000,0x0000,0x0000,0x0000,0x0000,0x0000,0x0000,0x0000,0x0000,0x0000,0x0000,0x0000,
    0x0000,0x0000,0x0000,0x0000,0x0000,0x0000,0x0000,0x0000,0x0000,0x0000,0x0000,0x0000,
    0x0000,0x0000,0x0000,0x0000,0x0000,0x0000,0x0000,0x0000,0x0000,0x0000,0x0000,0x0000,
    0x0000,0x0000,0x0000,0x0000,0x2000,0x0100,0x0200,0xE249,0xE6FF,0x40FF,0x60FE,0xA0FE,
    0x80FE,0x40F6,0x80F6,0xE0FE,0x60FF,0x20FF,0xC0FE,0x20FE,0x00FE,0xE0FD,0xE0FD,0x00FE,
    0x40FE,0xA0FE,0x00FF,0x00FF,0xA0FE,0x60FE,0x80FE,0xA1FE,0x61FE,0x60FE,0xE3FF,0x42E6,
    0xA239,0x0100,0x0000,0x0000,0x0000,0x0000,0x0000,0x0000,0x0000,0x0000,0x0000,0x0000,
    0x0000,0x0000,0x0000,0x0000,0x0000,0x0000,0x0000,0x0000,0x0000,0x0000,0x0000,0x0000,
    0x0000,0x0000,0x0000,0x0000,0x0000,0x0000,0x0000,0x0000,0x0000,0x0000,0x0000,0x0000,
    0x0000,0x0000,0x0000,0x0000,0x0000,0x0000,0x064A,0x6210,0x0000,0x0000,0x0000,0x0000,
    0x0000,0x0000,0x0000,0x0000,0x0000,0x0000,0x0000,0x0000,0x0000,0x0000,0x0000,0x0000,
    0x0000,0x0000,0x0000,0x0000,0x0000,0x0000,0x0000,0x0000,0x0000,0x0000,0x0000,0x0000,
    0x0000,0x0000,0x0000,0x0000,0x0000,0x0000,0x0000,0x0000,0x0000,0x0000,0x0000,0x0000,
    0x0000,0x0000,0x0000,0x0000,0x0000,0x0000,0x0000,0x0000,0x0000,0x0000,0x0000,0x0000,
    0x0000,0x0000,0x0000,0x0000,0x0000,0x0000,0x0000,0x0000,0x0000,0x0000,0x0000,0x0000,
    0x0000,0x0000,0x0000,0x0000,0x0000,0x0000,0x0000,0x0000,0x0000,0x0000,0x0000,0x0000,
    0x0000,0x0000,0x0000,0x0000,0x0000,0x0000,0x0000,0x2000,0x0000,0x0200,0xC1DD,0xC1FF,
    0xC0FE,0x80FE,0xC1FE,0x60FE,0xA0FE,0x40FF,0xC0FE,0xC0FD,0x0093,0x8192,0x6161,0x0100,
    0x0100,0x0100,0x0100,0x0100,0x4169,0x018A,0xE09A,0xA0FD,0xC0FE,0x41FF,0xC1FE,0x81FE,
    0xA1FE,0xC1FE,0x81FE,0x60FF,0xE1FF,0xA239,0x0100,0x0000,0x0000,0x0000,0x0000,0x0000,
    0x0000,0x0000,0x0000,0x0000,0x0000,0x0000,0x0000,0x0000,0x0000,0x0000,0x0000,0x0000,
    0x0000,0x0000,0x0000,0x0000,0x0000,0x0000,0x0000,0x0000,0x0000,0x0000,0x0000,0x0000,
    0x0000,0x0000,0x0000,0x0000,0x0000,0x0000,0x0000,0x0000,0x0000,0x8118,0xF2FF,0x0000,
    0x0000,0x0000,0x0000,0x0000,0x0000,0x0000,0x0000,0x0000,0x0000,0x0000,0x0000,0x0000,
    0x0000,0x0000,0x0000,0x0000,0x0000,0x0000,0x0000,0x0000,0x0000,0x0000,0x0000,0x0000,
    0x0000,0x0000,0x0000,0x0000,0x0000,0x0000,0x0000,0x0000,0x0000,0x0000,0x0000,0x0000,
    0x0000,0x0000,0x0000,0x0000,0x0000,0x0000,0x0000,0x0000,0x0000,0x0000,0x0000,0x0000,
    0x0000,0x0000,0x0000,0x0000,0x0000,0x0000,0x0000,0x0000,0x0000,0x0000,0x0000,0x0000,
    0x0000,0x0000,0x0000,0x0000,0x0000,0x0000,0x0000,0x0000,0x0000,0x0000,0x0000,0x0000,
    0x0000,0x0000,0x0000,0x0000,0x0000,0x0000,0x0000,0x0000,0x0000,0x0000,0x2000,0x0000,
    0x0200,0xE0DD,0xC0FF,0x60FE,0xA0FE,0x81FE,0x81FE,0x21FF,0x00FF,0xA0EC,0x0149,0x0200,
    0x0100,0x0100,0x0100,0x2100,0x0000,0x4208,0x2100,0x0000,0x0100,0x0100,0x0100,0x0100,
    0x2151,0x80FC,0xE1FE,0x61FF,0xE1FE,0xA1FE,0xC0FE,0x60F6,0x60FE,0xE0FF,0xC141,0x0100,
    0x2000,0x0000,0x0000,0x0000,0x0000,0x0000,0x0000,0x0000,0x0000,0x0000,0x0000,0x0000,
    0x0000,0x0000,0x0000,0x0000,0x0000,0x0000,0x0000,0x0000,0x0000,0x0000,0x0000,0x0000,
    0x0000,0x0000,0x0000,0x0000,0x0000,0x0000,0x0000,0x0000,0x0000,0x0000,0x0000,0x0000,
    0x0000,0x0CFE,0x0683,0x0000,0x0000,0x0000,0x0000,0x0000,0x0000,0x0000,0x0000,0x0000,
    0x0000,0x0000,0x0000,0x0000,0x0000,0x0000,0x0000,0x0000,0x0000,0x0000,0x0000,0x0000,
    0x0000,0x0000,0x0000,0x0000,0x0000,0x0000,0x0000,0x0000,0x0000,0x0000,0x0000,0x0000,
    0x0000,0x0000,0x0000,0x0000,0x0000,0x0000,0x0000,0x0000,0x0000,0x0000,0x0000,0x0000,
    0x0000,0x0000,0x0000,0x0000,0x0000,0x0000,0x0000,0x0000,0x0000,0x0000,0x0000,0x0000,
    0x0000,0x0000,0x0000,0x0000,0x0000,0x0000,0x0000,0x0000,0x0000,0x0000,0x0000,0x0000,
    0x0000,0x0000,0x0000,0x0000,0x0000,0x0000,0x0000,0x0000,0x0000,0x0000,0x0000,0x0000,
    0x0000,0x0000,0x0100,0x0200,0xA0D5,0x80FF,0x00F6,0x60FE,0x40FE,0x81FE,0x21FF,0xE0EC,
    0x2151,0x0200,0x0100,0x0000,0x4008,0x0000,0x0000,0x0000,0x0000,0x0000,0x0000,0x0000,
    0x0000,0x0000,0x0000,0x0000,0x0100,0x0100,0x4159,0xC0F4,0x61FF,0x41FF,0xA0FE,0xA0FE,
    0x80FE,0x80FE,0xE0FF,0x4152,0x0100,0x4000,0x0000,0x0000,0x0000,0x0000,0x0000,0x0000,
    0x0000,0x0000,0x0000,0x0000,0x0000,0x0000,0x0000,0x0000,0x0000,0x0000,0x0000,0x0000,
    0x0000,0x0000,0x0000,0x0000,0x0000,0x0000,0x0000,0x0000,0x0000,0x0000,0x0000,0x0000,
    0x0000,0x0000,0x0000,0x0000,0x0329,0xF2FF,0xC449,0x0000,0x0000,0x0000,0x0000,0x0000,
    0x0000,0x0000,0x0000,0x0000,0x0000,0x0000,0x0000,0x0000,0x0000,0x0000,0x0000,0x0000,
    0x0000,0x0000,0x0000,0x0000,0x0000,0x0000,0x0000,0x0000,0x0000,0x0000,0x0000,0x0000,
    0x0000,0x0000,0x0000,0x0000,0x0000,0x0000,0x0000,0x0000,0x0000,0x0000,0x0000,0x0000,
    0x0000,0x0000,0x0000,0x0000,0x0000,0x0000,0x0000,0x0000,0x0000,0x0000,0x0000,0x0000,
    0x0000,0x0000,0x0000,0x0000,0x0000,0x0000,0x0000,0x0000,0x0000,0x0000,0x0000,0x0000,
    0x0000,0x0000,0x0000,0x0000,0x0000,0x0000,0x0000,0x0000,0x0000,0x0000,0x0000,0x0000,
    0x0000,0x0000,0x0000,0x0000,0x0000,0x0200,0x0200,0xA0DD,0x60FF,0x00EE,0x40FE,0x40F6,
    0xA0FE,0xE0FE,0xA0C3,0x0100,0x0100,0x2000,0x0000,0x0000,0x0000,0x0000,0x0000,0x0000,
    0x0000,0x0000,0x0000,0x0000,0x0000,0x0000,0x0000,0x0000,0x0000,0x2008,0x0100,0x0100,
    0xC0B2,0x60FE,0x40FF,0xC0FE,0xA0FE,0x41F6,0x60FF,0x617B,0x0200,0xC220,0x0000,0x0000,
    0x0000,0x0000,0x0000,0x0000,0x0000,0x0000,0x0000,0x0000,0x0000,0x0000,0x0000,0x0000,
    0x0000,0x0000,0x0000,0x0000,0x0000,0x0000,0x0000,0x0000,0x0000,0x0000,0x0000,0x0000,
    0x0000,0x0000,0x0000,0x0000,0x0000,0x0000,0x0000,0x0000,0x6341,0xF0FF,0x6341,0x0000,
    0x0000,0x0000,0x0000,0x0000,0x0000,0x0000,0x0000,0x0000,0x0000,0x0000,0x0000,0x0000,
    0x0000,0x0000,0x0000,0x0000,0x0000,0x0000,0x0000,0x0000,0x0000,0x0000,0x0000,0x0000,
    0x0000,0x0000,0x0000,0x0000,0x0000,0x0000,0x0000,0x0000,0x0000,0x0000,0x0000,0x0000,
    0x0000,0x0000,0x0000,0x0000,0x0000,0x0000,0x0000,0x0000,0x0000,0x0000,0x0000,0x0000,
    0x0000,0x0000,0x0000,0x0000,0x0000,0x0000,0x0000,0x0000,0x0000,0x0000,0x0000,0x0000,
    0x0000,0x0000,0x0000,0x0000,0x0000,0x0000,0x0000,0x0000,0x0000,0x0000,0x0000,0x0000,
    0x0000,0x0000,0x0000,0x0000,0x0000,0x0000,0x0000,0x0000,0x0200,0x0100,0x21BD,0xE1FF,
    0x00F6,0x60FE,0x40F6,0xA0FE,0xE0FD,0xC1AA,0x0200,0x2100,0xC218,0x0000,0x0000,0x0000,
    0x0000,0x0000,0x0000,0x0000,0x0000,0x0000,0x0000,0x0000,0x0000,0x0000,0x0000,0x0000,
    0x0000,0x0000,0x0000,0x4108,0x0100,0x8138,0xA0FD,0x40FF,0xA0FE,0x81F6,0xE0FF,0x40CD,
    0x0200,0xE120,0x0000,0x0000,0x0000,0x0000,0x0000,0x0000,0x0000,0x0000,0x0000,0x0000,
    0x0000,0x0000,0x0000,0x0000,0x0000,0x0000,0x0000,0x0000,0x0000,0x0000,0x0000,0x0000,
    0x0000,0x0000,0x0000,0x0000,0x0000,0x0000,0x0000,0x0000,0x0000,0x0000,0x0000,0x0000,
    0x8BE5,0x8FFF,0x8BB4,0x0000,0x0000,0x0000,0x0000,0x0000,0x0000,0x0000,0x0000,0x0000,
    0x0000,0x0000,0x0000,0x0000,0x0000,0x0000,0x0000,0x0000,0x0000,0x0000,0x0000,0x0000,
    0x0000,0x0000,0x0000,0x0000,0x0000,0x0000,0x0000,0x0000,0x0000,0x0000,0x0000,0x0000,
    0x0000,0x0000,0x0000,0x0000,0x0000,0x0000,0x0000,0x0000,0x0000,0x0000,0x0000,0x0000,
    0x0000,0x0000,0x0000,0x0000,0x0000,0x0000,0x0000,0x0000,0x0000,0x0000,0x0000,0x0000,
    0x0000,0x0000,0x0000,0x0000,0x0000,0x0000,0x0000,0x0000,0x0000,0x0000,0x0000,0x0000,
    0x0000,0x0000,0x0000,0x0000,0x0000,0x0000,0x0000,0x0000,0x0000,0x0000,0x0000,0x0000,
    0x0000,0x0100,0xA0AB,0xC0FF,0x61F6,0x41F6,0x60FE,0x60FE,0xA169,0x0100,0x0000,0x0000,
    0x0000,0x0000,0x0000,0x0000,0x0000,0x0000,0x0000,0x0100,0x0000,0x0000,0x0100,0x0000,
    0x0000,0x0000,0x0000,0x0000,0x0000,0x0000,0x0000,0x0000,0x8110,0x0100,0x8130,0xA0FE,
    0xE0FE,0x42E6,0x41FF,0xC1DC,0x0100,0x6008,0x0000,0x0000,0x0000,0x0000,0x0000,0x0000,
    0x0000,0x0000,0x0000,0x0000,0x0000,0x0000,0x0000,0x0000,0x0000,0x0000,0x0000,0x0000,
    0x0000,0x0000,0x0000,0x0000,0x0000,0x0000,0x0000,0x0000,0x0000,0x0000,0x0000,0x0000,
    0x0000,0x0000,0x0000,0x0000,0xCAC4,0x4EFF,0x4FF6,0x0000,0x0000,0x0000,0x0000,0x0000,
    0x0000,0x0000,0x0000,0x0000,0x0000,0x0000,0x0000,0x0000,0x0000,0x0000,0x0000,0x0000,
    0x0000,0x0000,0x0000,0x0000,0x0000,0x0000,0x0000,0x0000,0x0000,0x0000,0x0000,0x0000,
    0x0000,0x0000,0x0000,0x0000,0x0000,0x0000,0x0000,0x0000,0x0000,0x0000,0x0000,0x0000,
    0x0000,0x0000,0x0000,0x0000,0x0000,0x0000,0x0000,0x0000,0x0000,0x0000,0x0000,0x0000,
    0x0000,0x0000,0x0000,0x0000,0x0000,0x0000,0x0000,0x0000,0x0000,0x0000,0x0000,0x0000,
    0x0000,0x0000,0x0000,0x0000,0x0000,0x0000,0x0000,0x0000,0x0000,0x0000,0x0000,0x0000,
    0x0000,0x0000,0x0000,0x0000,0x0000,0x0200,0x0008,0x00FD,0xA0FE,0x60FE,0xE0FD,0x2182,
    0x0100,0x4008,0x0000,0x0000,0x0000,0x0000,0x0000,0x0000,0x0000,0x0200,0xA310,0x847B,
    0xE58B,0xE583,0x0100,0x2200,0x0200,0x0100,0x0100,0x0000,0x0000,0x0000,0x0000,0x0000,
    0x0000,0x8010,0x0100,0x4149,0xE0FD,0x20FE,0xC1FD,0x2151,0x0100,0x0000,0x0000,0x0000,
    0x0000,0x0000,0x0000,0x0000,0x0000,0x0000,0x0000,0x0000,0x0000,0x0000,0x0000,0x0000,
    0x0000,0x0000,0x0000,0x0000,0x0000,0x0000,0x0000,0x0000,0x0000,0x0000,0x0000,0x0000,
    0x0000,0x0000,0x0000,0x0000,0x0000,0x0000,0x0000,0x8218,0x2CFE,0x8CFE,0xD0FE,0xE320,
    0x0000,0x0000,0x0000,0x0000,0x0000,0x0000,0x0000,0x0000,0x0000,0x0000,0x0000,0x0000,
    0x0000,0x0000,0x0000,0x0000,0x0000,0x0000,0x0000,0x0000,0x0000,0x0000,0x0000,0x0000,
    0x0000,0x0000,0x0000,0x0000,0x0000,0x0000,0x0000,0x0000,0x0000,0x0000,0x0000,0x0000,
    0x0000,0x0000,0x0000,0x0000,0x0000,0x0000,0x0000,0x0000,0x0000,0x0000,0x0000,0x0000,
    0x0000,0x0000,0x0000,0x0000,0x0000,0x0000,0x0000,0x0000,0x0000,0x0000,0x0000,0x0000,
    0x0000,0x0000,0x0000,0x0000,0x0000,0x0000,0x0000,0x0000,0x0000,0x0000,0x0000,0x0000,
    0x0000,0x0000,0x0000,0x0000,0x0000,0x0000,0x0000,0x0000,0x0000,0x0000,0x0200,0x0118,
    0x4182,0x608A,0x6151,0x0100,0xE418,0x0000,0x0000,0x0000,0x0000,0x0000,0x0000,0xA318,
    0x069D,0x45F7,0xC3FF,0xE1FF,0xE1FF,0xE1FF,0x21FF,0xE3FF,0x63E6,0x4273,0xC218,0x0100,
    0x0100,0x0000,0x0000,0x0000,0x0000,0x0000,0x0000,0x0200,0x0100,0x6082,0xC130,0x0200,
    0x6110,0x0000,0x0000,0x0000,0x0000,0x0000,0x0000,0x0000,0x0000,0x0000,0x0000,0x0000,
    0x0000,0x0000,0x0000,0x0000,0x0000,0x0000,0x0000,0x0000,0x0000,0x0000,0x0000,0x0000,
    0x0000,0x0000,0x0000,0x0000,0x0000,0x0000,0x0000,0x0000,0x0000,0x0000,0x0000,0x054A,
    0xCFFF,0xCBF5,0x72FF,0xE320,0x0000,0x0000,0x0000,0x0000,0x0000,0x0000,0x0000,0x0000,
    0x0000,0x0000,0x0000,0x0000,0x0000,0x0000,0x0000,0x0000,0x0000,0x0000,0x0000,0x0000,
    0x0000,0x0000,0x0000,0x0000,0x0000,0x0000,0x0000,0x0000,0x0000,0x0000,0x0000,0x0000,
    0x0000,0x0000,0x0000,0x0000,0x0000,0x0000,0x0000,0x0000,0x0000,0x0000,0x0000,0x0000,
    0x0000,0x0000,0x0000,0x0000,0x0000,0x0000,0x0000,0x0000,0x0000,0x0000,0x0000,0x0000,
    0x0000,0x0000,0x0000,0x0000,0x0000,0x0000,0x0000,0x0000,0x0000,0x0000,0x0000,0x0000,
    0x0000,0x0000,0x0000,0x0000,0x0000,0x0000,0x0000,0x0000,0x0000,0x0000,0x0000,0x0000,
    0x0000,0x0000,0x8118,0x2200,0x0200,0x0200,0x0100,0x6210,0x0000,0x0000,0x0000,0x0000,
    0x0000,0x4208,0x66B5,0xE5FF,0xC0FF,0x40FE,0xC0FD,0xC0FD,0xC0FD,0xE0FD,0x20FE,0x00FE,
    0x80FE,0xC0FF,0x40FF,0x219C,0x6110,0x0200,0x0108,0x0000,0x0000,0x0000,0x0000,0x0000,
    0x2100,0x0200,0x0100,0x0000,0x0000,0x0000,0x0000,0x0000,0x0000,0x0000,0x0000,0x0000,
    0x0000,0x0000,0x0000,0x0000,0x0000,0x0000,0x0000,0x0000,0x0000,0x0000,0x0000,0x0000,
    0x0000,0x0000,0x0000,0x0000,0x0000,0x0000,0x0000,0x0000,0x0000,0x0000,0x0000,0x0000,
    0x0000,0x0000,0x0000,0x8441,0x6FFF,0xAAED,0xB3FF,0x4CA4,0x0000,0x0000,0x0000,0x0000,
    0x0000,0x0000,0x0000,0x0000,0x0000,0x0000,0x0000,0x0000,0x0000,0x0000,0x0000,0x0000,
    0x0000,0x0000,0x0000,0x0000,0x0000,0x0000,0x0000,0x0000,0x0000,0x0000,0x0000,0x0000,
    0x0000,0x0000,0x0000,0x0000,0x0000,0x0000,0x0000,0x0000,0x0000,0x0000,0x0000,0x0000,
    0x0000,0x0000,0x0000,0x0000,0x0000,0x0000,0x0000,0x0000,0x0000,0x0000,0x0000,0x0000,
    0x0000,0x0000,0x0000,0x0000,0x0000,0x0000,0x0000,0x0000,0x0000,0x0000,0x0000,0x0000,
    0x0000,0x0000,0x0000,0x0000,0x0000,0x0000,0x0000,0x0000,0x0000,0x0000,0x0000,0x0000,
    0x0000,0x0000,0x0000,0x0000,0x0000,0x0000,0x0000,0x0000,0x0000,0x0000,0x0000,0x0000,
    0x0000,0x0000,0x0000,0x0000,0x8331,0xE6FF,0xC1FF,0x00FE,0xE0F5,0x00FE,0x20FE,0x21FE,
    0x41FE,0x42FE,0x41F6,0x21FE,0xE0FD,0xC0F5,0x00FE,0x20FF,0x40FF,0xE093,0x0200,0x0100,
    0x6008,0x0000,0x0000,0x0000,0x0000,0x0000,0x0000,0x0000,0x0000,0x0000,0x0000,0x0000,
    0x0000,0x0000,0x0000,0x0000,0x0000,0x0000,0x0000,0x0000,0x0000,0x0000,0x0000,0x0000,
    0x0000,0x0000,0x0000,0x0000,0x0000,0x0000,0x0000,0x0000,0x0000,0x0000,0x0000,0x0000,
    0x0000,0x0000,0x0000,0x0000,0x0000,0x0000,0x0000,0xA441,0x8FFF,0xCBF5,0x4DFE,0xB4FF,
    0x6210,0x0000,0x0000,0x0000,0x0000,0x0000,0x0000,0x0000,0x0000,0x0000,0x0000,0x0000,
    0x0000,0x0000,0x0000,0x0000,0x0000,0x0000,0x0000,0x0000,0x0000,0x0000,0x0000,0x0000,
    0x0000,0x0000,0x0000,0x0000,0x0000,0x0000,0x0000,0x0000,0x0000,0x0000,0x0000,0x0000,
    0x0000,0x0000,0x0000,0x0000,0x0000,0x0000,0x0000,0x0000,0x0000,0x0000,0x0000,0x0000,
    0x0000,0x0000,0x0000,0x0000,0x0000,0x0000,0x0000,0x0000,0x0000,0x0000,0x0000,0x0000,
    0x0000,0x0000,0x0000,0x0000,0x0000,0x0000,0x0000,0x0000,0x0000,0x0000,0x0000,0x0000,
    0x0000,0x0000,0x0000,0x0000,0x0000,0x0000,0x0000,0x0000,0x0000,0x0000,0x0000,0x0000,
    0x0000,0x0000,0x0000,0x0000,0x0000,0x0000,0x0100,0x8231,0xE3FF,0x60FE,0xA0F5,0x20FE,
    0x20FE,0x80FE,0xA0FE,0x80FE,0x41FE,0x21FE,0x60FE,0xA0FE,0xE0FE,0x80FE,0xE0F5,0xC0ED,
    0x80FE,0x60FF,0xA0F6,0x2129,0x0100,0xC120,0x0000,0x0000,0x0000,0x0000,0x0000,0x0000,
    0x0000,0x0000,0x0000,0x0000,0x0000,0x0000,0x0000,0x0000,0x0000,0x0000,0x0000,0x0000,
    0x0000,0x0000,0x0000,0x0000,0x0000,0x0000,0x0000,0x0000,0x0000,0x0000,0x0000,0x0000,
    0x0000,0x0000,0x0000,0x0000,0x0000,0x0000,0x0000,0x0000,0x0000,0x0000,0x0000,0x8441,
    0x8FFF,0xECF5,0xCAF5,0x91FF,0x8DA4,0x0000,0x0000,0x0000,0x0000,0x0000,0x0000,0x0000,
    0x0000,0x0000,0x0000,0x0000,0x0000,0x0000,0x0000,0x0000,0x0000,0x0000,0x0000,0x0000,
    0x0000,0x0000,0x0000,0x0000,0x0000,0x0000,0x0000,0x0000,0x0000,0x0000,0x0000,0x0000,
    0x0000,0x0000,0x0000,0x0000,0x0000,0x0000,0x0000,0x0000,0x0000,0x0000,0x0000,0x0000,
    0x0000,0x0000,0x0000,0x0000,0x0000,0x0000,0x0000,0x0000,0x0000,0x0000,0x0000,0x0000,
    0x0000,0x0000,0x0000,0x0000,0x0000,0x0000,0x0000,0x0000,0x0000,0x0000,0x0000,0x0000,
    0x0000,0x0000,0x0000,0x0000,0x0000,0x0000,0x0000,0x0000,0x0000,0x0000,0x0000,0x0000,
    0x0000,0x0000,0x0000,0x0000,0x0000,0x0000,0x0000,0x0000,0x0000,0x0100,0x8239,0xE1FF,
    0x40FE,0xE0F5,0xE0FD,0x00FE,0x60FE,0x00FD,0x80AA,0xC079,0x0059,0xC050,0x2069,0x0092,
    0x40BB,0xA0FD,0xC0FE,0x60FE,0x00F6,0x40FE,0x60FF,0xC0FF,0xE218,0x0100,0xC220,0x0000,
    0x0000,0x0000,0x0000,0x0000,0x0000,0x0000,0x0000,0x0000,0x0000,0x0000,0x0000,0x0000,
    0x0000,0x0000,0x0000,0x0000,0x0000,0x0000,0x0000,0x0000,0x0000,0x0000,0x0000,0x0000,
    0x0000,0x0000,0x0000,0x0000,0x0000,0x0000,0x0000,0x0000,0x0000,0x0000,0x0000,0x0000,
    0x0000,0x0000,0x0000,0x6339,0x4EFF,0xECF5,0x2CF6,0x0BFE,0xB3FF,0x0100,0x0000,0x0000,
    0x0000,0x0000,0x0000,0x0000,0x0000,0x0000,0x0000,0x0000,0x0000,0x0000,0x0000,0x0000,
    0x0000,0x0000,0x0000,0x0000,0x0000,0x0000,0x0000,0x0000,0x0000,0x0000,0x0000,0x0000,
    0x0000,0x0000,0x0000,0x0000,0x0000,0x0000,0x0000,0x0000,0x0000,0x0000,0x0000,0x0000,
    0x0000,0x0000,0x0000,0x0000,0x0000,0x0000,0x0000,0x0000,0x0000,0x0000,0x0000,0x0000,
    0x0000,0x0000,0x0000,0x0000,0x0000,0x0000,0x0000,0x0000,0x0000,0x0000,0x0000,0x0000,
    0x0000,0x0000,0x0000,0x0000,0x0000,0x0000,0x0000,0x0000,0x0000,0x0000,0x0000,0x0000,
    0x0000,0x0000,0x0000,0x0000,0x0000,0x0000,0x0000,0x0000,0x0000,0x0000,0x0000,0x0000,
    0x4110,0x0100,0x01FF,0xC0FE,0xE0ED,0x80F5,0xE0FD,0x40FD,0x009A,0x0018,0x0100,0x0200,
    0x0200,0x0200,0x0200,0x0200,0x0200,0x0118,0xC169,0xC1FD,0x81FE,0x01FE,0x22EE,0x21FF,
    0xE1FF,0xE228,0x0100,0x0000,0x0000,0x0000,0x0000,0x0000,0x0000,0x0000,0x0000,0x0000,
    0x0000,0x0000,0x0000,0x0000,0x0000,0x0000,0x0000,0x0000,0x0000,0x0000,0x0000,0x0000,
    0x0000,0x0000,0x0000,0x0000,0x0000,0x0000,0x0000,0x0000,0x0000,0x0000,0x0000,0x0000,
    0x0000,0x0000,0x0000,0x0000,0x0000,0x0000,0x0000,0xE549,0xAFFF,0x4CFE,0x2CF6,0xEBF5,
    0xAEFE,0xB2FE,0x0000,0x0000,0x0000,0x0000,0x0000,0x0000,0x0000,0x0000,0x0000,0x0000,
    0x0000,0x0000,0x0000,0x0000,0x0000,0x0000,0x0000,0x0000,0x0000,0x0000,0x0000,0x0000,
    0x0000,0x0000,0x0000,0x0000,0x0000,0x0000,0x0000,0x0000,0x0000,0x0000,0x0000,0x0000,
    0x0000,0x0000,0x0000,0x0000,0x0000,0x0000,0x0000,0x0000,0x0000,0x0000,0x0000,0x0000,
    0x0000,0x0000,0x0000,0x0000,0x0000,0x0000,0x0000,0x0000,0x0000,0x0000,0x0000,0x0000,
    0x0000,0x0000,0x0000,0x0000,0x0000,0x0000,0x0000,0x0000,0x0000,0x0000,0x0000,0x0000,
    0x0000,0x0000,0x0000,0x0000,0x0000,0x0000,0x0000,0x0000,0x0000,0x0000,0x0000,0x0000,
    0x0000,0x0000,0x0000,0x0000,0x0200,0x2139,0x60FF,0x60ED,0x20F5,0x80FD,0xC0D3,0x2110,
    0x0200,0x2200,0x8210,0x0000,0x0000,0x0000,0x0000,0x0000,0x0000,0x0200,0x0200,0x0100,
    0xA1C3,0xE0FE,0x82FE,0x03E6,0x41FF,0x0162,0x0200,0x0000,0x0000,0x0000,0x0000,0x0000,
    0x0000,0x0000,0x0000,0x0000,0x0000,0x0000,0x0000,0x0000,0x0000,0x0000,0x0000,0x0000,
    0x0000,0x0000,0x0000,0x0000,0x0000,0x0000,0x0000,0x0000,0x0000,0x0000,0x0000,0x0000,
    0x0000,0x0000,0x0000,0x0000,0x0000,0x0000,0x0000,0x0000,0x0000,0x0000,0x0000,0xE428,
    0x0BC5,0x4BDD,0x8DFE,0x2CFE,0xEBF5,0x2FFF,0xD2FE,0x0000,0x0000,0x0000,0x0000,0x0000,
    0x0000,0x0000,0x0000,0x0000,0x0000,0x0000,0x0000,0x0000,0x0000,0x0000,0x0000,0x0000,
    0x0000,0x0000,0x0000,0x0000,0x0000,0x0000,0x0000,0x0000,0x0000,0x0000,0x4108,0x0000,
    0x0000,0x0000,0x0000,0x0000,0x0000,0x0000,0x0000,0x0000,0x0000,0x0000,0x0000,0x0000,
    0x0000,0x0000,0x0000,0x0000,0x0000,0x0000,0x0000,0x0000,0x0000,0x0000,0x0000,0x0000,
    0x0000,0x0000,0x0000,0x0000,0x0000,0x0000,0x0000,0x0000,0x0000,0x0000,0x0000,0x0000,
    0x0000,0x0000,0x0000,0x0000,0x0000,0x0000,0x0000,0x0000,0x0000,0x0000,0x0000,0x0000,
    0x0000,0x0000,0x0000,0x0000,0x0000,0x0000,0x0000,0x0000,0x0000,0x0100,0x0193,0xE0FD,
    0x40FD,0xC09A,0x0200,0x0100,0xC118,0x0000,0x0000,0x0000,0x0000,0x0000,0x0000,0x0000,
    0x0000,0x0000,0x0000,0x0100,0x0100,0x207A,0x60FE,0x00FE,0x41FC,0x0100,0x2200,0x0000,
    0x0000,0x0000,0x0000,0x0000,0x0000,0x0000,0x0000,0x0000,0x0000,0x0000,0x0000,0x0000,
    0x0000,0x0000,0x0000,0x0000,0x0000,0x0000,0x0000,0x0000,0x0000,0x0000,0x0000,0x0000,
    0x0000,0x0000,0x0000,0x0000,0x0000,0x0000,0x0000,0x0000,0x0000,0x0000,0x0000,0x0000,
    0x0000,0x0000,0x0000,0x0000,0x678B,0x099C,0xEAC4,0x4CFE,0x2CF6,0xAAF5,0x50FF,0x92F6,
    0x6439,0x0000,0x0000,0x0000,0x0000,0x0000,0x0000,0x0000,0x0000,0x0000,0x0000,0x0000,
    0x0000,0x0000,0x0000,0x0000,0x0000,0xE872,0x6762,0x0652,0x30EE,0x8FD5,0xE649,0x8762,
    0x475A,0x475A,0x0000,0x6539,0x0000,0x0000,0x0000,0x0000,0x0000,0x0000,0x0000,0x0000,
    0x0000,0x0000,0x0000,0x0000,0x0000,0x0000,0x0000,0x0000,0x0000,0x0000,0x0000,0x0000,
    0x0000,0x0000,0x0000,0x0000,0x0000,0x0000,0x0000,0x0000,0x0000,0x0000,0x0000,0x0000,
    0x0000,0x0000,0x0000,0x0000,0x0000,0x0000,0x0000,0x0000,0x0000,0x0000,0x0000,0x0000,
    0x0000,0x0000,0x0000,0x0000,0x0000,0x0000,0x0000,0x0000,0x0000,0x0000,0x0000,0x0000,
    0x0000,0x0000,0x0200,0xE169,0x0139,0x0200,0x2200,0x0000,0x0000,0x0000,0x0100,0x0200,
    0x0200,0x0200,0x0200,0x0200,0x0100,0x0100,0x0000,0x0000,0x8210,0x0200,0xE138,0x409A,
    0x0108,0x0100,0x0000,0x0000,0x0000,0x0000,0x0000,0x0000,0x0000,0x0000,0x0000,0x0000,
    0x0000,0x0000,0x0000,0x0000,0x0000,0x0000,0x0000,0x0000,0x0000,0x0000,0x0000,0x0000,
    0x0000,0x0000,0x0000,0x0000,0x0000,0x0000,0x0000,0x0000,0x0000,0x0000,0x0000,0x0000,
    0x0000,0x0000,0x0000,0x0000,0x0000,0x0000,0x0000,0x0000,0x6439,0x6BDD,0xC89B,0xAEFE,
    0x0CF6,0x2CF6,0xEBF5,0xF0FE,0xF6FF,0x8A8B,0x0000,0x0000,0x0000,0x0000,0x0000,0x0000,
    0x0000,0x0000,0x0000,0x0000,0x0000,0x0000,0xE228,0x6662,0x4EFE,0xF3FF,0xF4FF,0xF3FF,
    0x51FF,0x52FF,0xF3FF,0xF3FF,0xF3FF,0xF3FF,0x4FF6,0xF0FE,0x30EE,0x71F6,0x71F6,0xF0E5,
    0xA541,0x0652,0x0000,0x0000,0x0000,0x0000,0x0000,0x0000,0x0000,0x0000,0x0000,0x0000,
    0x0000,0x0000,0x0000,0x0000,0x0000,0x0000,0x0000,0x0000,0x0000,0x0000,0x0000,0x0000,
    0x0000,0x0000,0x0000,0x0000,0x0000,0x0000,0x0000,0x0000,0x0000,0x0000,0x0000,0x0000,
    0x0000,0x0000,0x0000,0x0000,0x0000,0x0000,0x0000,0x0000,0x0000,0x0000,0x0000,0x0000,
    0x0000,0x0000,0x0000,0x0000,0x0000,0x0000,0x0000,0x0200,0x0100,0x8218,0x0000,0x0000,
    0x0100,0x2208,0xA15A,0x0129,0xE0B4,0x20FF,0x60E6,0xA1FE,0x82AC,0x6210,0x0100,0x0000,
    0x0000,0x0000,0x0200,0x0200,0x0200,0x0000,0x0000,0x0000,0x0000,0x0000,0x0000,0x0000,
    0x0000,0x0000,0x0000,0x0000,0x0000,0x0000,0x0000,0x0000,0x0000,0x0000,0x0000,0x0000,
    0x0000,0x0000,0x0000,0x0000,0x0000,0x0000,0x0000,0x0000,0x0000,0x0000,0x0000,0x0000,
    0x0000,0x0000,0x0000,0x0000,0x0000,0x0000,0x0000,0x0000,0x0000,0x0000,0x0000,0x0000,
    0x0000,0x067B,0x89B4,0x4DCD,0xADFE,0x0CF6,0x2CF6,0xCBF5,0x0CF6,0xF4FF,0x73FF,0x6A8B,
    0x0100,0x0000,0x0000,0x0000,0x0000,0x0000,0x0000,0xE328,0xA672,0x8BE5,0x2EFF,0x6FFF,
    0x6DFE,0xCBF5,0xCBED,0xCBED,0xEBF5,0xEBF5,0xCBED,0xCBED,0xCBF5,0xCBF5,0x6CFE,0x2BFE,
    0xAEFE,0xCEFE,0xAEFE,0x30FF,0xF4FF,0xF4FF,0x0FE6,0x2EC5,0x8218,0x0000,0x0000,0x0000,
    0x0000,0x0000,0x0000,0x0000,0x0000,0x0000,0x0000,0x0000,0x0000,0x0000,0x0000,0x0000,
    0x0000,0x0000,0x0000,0x0000,0x0000,0x0000,0x0000,0x0000,0x0000,0x0000,0x0000,0x0000,
    0x0000,0x0000,0x0000,0x0000,0x0000,0x0000,0x0000,0x0000,0x0000,0x0000,0x0000,0x0000,
    0x0000,0x0000,0x0000,0x0000,0x0000,0x0000,0x0000,0x0000,0x0000,0x0000,0x0000,0x0000,
    0x0000,0x0000,0x0000,0x0100,0x0100,0x03E7,0xE1FF,0x21FF,0x40FE,0xC0FD,0xE0FD,0x20FE,
    0x00FF,0xA1FF,0xE149,0x0200,0x0000,0x0000,0x0000,0x0000,0x0000,0x0000,0x0000,0x0000,
    0x0000,0x0000,0x0000,0x0000,0x0000,0x0000,0x0000,0x0000,0x0000,0x0000,0x0000,0x0000,
    0x0000,0x0000,0x0000,0x0000,0x0000,0x0000,0x0000,0x0000,0x0000,0x0000,0x0000,0x0000,
    0x0000,0x0000,0x0000,0x0000,0x0000,0x0000,0x0000,0x0000,0x0000,0x0000,0x0000,0x0000,
    0x0000,0x0000,0x0000,0x0000,0x0000,0x0100,0x0AC5,0xE89B,0x6BDD,0x6DFE,0x0CF6,0x2CF6,
    0x0CF6,0xCBF5,0x8EFE,0xB1FF,0x52FF,0x087B,0xC320,0x4208,0x0000,0xA218,0xCAC4,0xB0FF,
    0x2EFF,0xCDFE,0x0CF6,0xECF5,0x0CF6,0x2CF6,0x2CF6,0x2CF6,0x2CF6,0x2CF6,0x2CF6,0x2CF6,
    0x2CF6,0x2CF6,0x0CF6,0x0CF6,0xECF5,0xEBF5,0xEBF5,0xEBF5,0xCBF5,0xCAF5,0xADFE,0x50FF,
    0x31FF,0x6ED5,0x8862,0x6210,0x0000,0x0000,0x0000,0x0000,0x0000,0x0000,0x0000,0x0000,
    0x0000,0x0000,0x0000,0x0000,0x0000,0x0000,0x0000,0x0000,0x0000,0x0000,0x0000,0x0000,
    0x0000,0x0000,0x0000,0x0000,0x0000,0x0000,0x0000,0x0000,0x0000,0x0000,0x0000,0x0000,
    0x0000,0x0000,0x0000,0x0000,0x0000,0x0000,0x0000,0x0000,0x0000,0x0000,0x0000,0x0000,
    0x0000,0x0000,0x0000,0x0000,0x0000,0x0000,0x0100,0x0100,0x62F7,0x62FF,0x41F5,0x20FE,
    0xC0FE,0x80FE,0x20FE,0x80FD,0xE0DC,0x00FE,0x00F6,0x0200,0x0000,0x0000,0x0000,0x0000,
    0x0000,0x0000,0x0000,0x0000,0x0000,0x0000,0x0000,0x0000,0x0000,0x0000,0x0000,0x0000,
    0x0000,0x0000,0x0000,0x0000,0x0000,0x0000,0x0000,0x0000,0x0000,0x0000,0x0000,0x0000,
    0x0000,0x0000,0x0000,0x0000,0x0000,0x0000,0x0000,0x0000,0x0000,0x0000,0x0000,0x0000,
    0x0000,0x0000,0x0000,0x0000,0x0000,0x0000,0x0000,0x0000,0x0000,0x0000,0xE328,0x4BD5,
    0xA893,0x6BD5,0xADFE,0x0CF6,0x2CF6,0x2CF6,0xEBF5,0xCBED,0x6CFE,0x2FFF,0xF1FF,0xA893,
    0x0000,0xD0FE,0x4EFF,0xEBF5,0xECF5,0x0CF6,0x0CF6,0x2CF6,0x2CF6,0x2CF6,0x0CF6,0x0CF6,
    0x0CF6,0x0CF6,0x0CF6,0x0CF6,0x0CF6,0x2CF6,0x2CF6,0x2CF6,0x2CF6,0x2CF6,0x2CF6,0x2CF6,
    0x2CF6,0x2CF6,0xECF5,0xEBF5,0x0BFE,0x0EFF,0x70FF,0xB2FF,0xEDBC,0x0973,0x0000,0x0000,
    0x0000,0x0000,0x0000,0x0000,0x0000,0x0000,0x0000,0x0000,0x0000,0x0000,0x0000,0x0000,
    0x0000,0x0000,0x0000,0x0000,0x0000,0x0000,0x0000,0x0000,0x0000,0x0000,0x0000,0x0000,
    0x0000,0x0000,0x0000,0x0000,0x0000,0x0000,0x0000,0x0000,0x0000,0x0000,0x0000,0x0000,
    0x0000,0x0000,0x0000,0x0000,0x0000,0x0000,0x0000,0x0000,0x0000,0x0000,0x0200,0x4162,
    0xE0FF,0x21FE,0x80FE,0xA0DC,0xA149,0x6141,0xE08A,0x00FE,0x80FE,0xE0FE,0x80DC,0x0200,
    0x0000,0x0000,0x0000,0x0000,0x0000,0x0000,0x0000,0x0000,0x0000,0x0000,0x0000,0x0000,
    0x0000,0x0000,0x0000,0x0000,0x0000,0x0000,0x0000,0x0000,0x0000,0x0000,0x0000,0x0000,
    0x0000,0x0000,0x0000,0x0000,0x0000,0x0000,0x0000,0x0000,0x0000,0x0000,0x0000,0x0000,
    0x0000,0x0000,0x0000,0x0000,0x0000,0x0000,0x0000,0x0000,0x0000,0x0000,0x0000,0x0000,
    0x0000,0x0000,0x0000,0xE220,0x0ACD,0x6AAC,0xADE5,0x8EFE,0x0BF6,0x0BFE,0x4CFE,0x6DFE,
    0xEBED,0x2CFE,0x0CFE,0x8DFE,0xADFE,0x8DFE,0xECF5,0x2CF6,0x2CF6,0x2CF6,0x2CF6,0x2CF6,
    0x2CF6,0x2CF6,0x2CF6,0x2CF6,0x2CF6,0x2CF6,0x2CF6,0x2CF6,0x2CF6,0x2CF6,0x2CF6,0x2CF6,
    0x0CF6,0x0CF6,0x0CF6,0x0CF6,0x0CF6,0x0CF6,0x2CF6,0x2CF6,0x0CF6,0xECF5,0xEBF5,0xEBF5,
    0x2FFF,0xF2FF,0x50F6,0xCA93,0x2431,0x0000,0x0000,0x0000,0x0000,0x0000,0x0000,0x0000,
    0x0000,0x0000,0x0000,0x0000,0x0000,0x0000,0x0000,0x0000,0x0000,0x0000,0x0000,0x0000,
    0x0000,0x0000,0x0000,0x0000,0x0000,0x0000,0x0000,0x0000,0x0000,0x0000,0x0000,0x0000,
    0x0000,0x0000,0x0000,0x0000,0x0000,0x0000,0x0000,0x0000,0x0000,0x0000,0x0000,0x0000,
    0x0000,0x0000,0xA220,0x0100,0xE1B3,0xC0FD,0x6130,0x0200,0x0200,0x0200,0x0200,0x0110,
    0x4172,0xC182,0x6118,0x0200,0x0000,0x0000,0x0000,0x0000,0x0000,0x0000,0x0000,0x0000,
    0x0000,0x0000,0x0000,0x0000,0x0000,0x0000,0x0000,0x0000,0x0000,0x0000,0x0000,0x0000,
    0x0000,0x0000,0x0000,0x0000,0x0000,0x0000,0x0000,0x0000,0x0000,0x0000,0x0000,0x0000,
    0x0000,0x0000,0x0000,0x0000,0x0000,0x0000,0x0000,0x0000,0x0000,0x0000,0x0000,0x0000,
    0x0000,0x0000,0x0000,0x0000,0x0000,0x0000,0x0000,0x0000,0xC220,0x2ACD,0xE89B,0x4DC5,
    0xB0FE,0xAFFE,0x6CD5,0x4AD5,0xF1FE,0xE89B,0x6DFE,0x0CF6,0x0CF6,0x0CF6,0x2CF6,0x0CF6,
    0x2CF6,0x2CF6,0x2CF6,0x2CF6,0x2CF6,0x2CF6,0x2CF6,0x2CF6,0x2CF6,0x2CF6,0x2CF6,0x2CF6,
    0x2CF6,0x2CF6,0x2CF6,0x2CF6,0x2CF6,0x2CF6,0x2CF6,0x2CF6,0x2CF6,0x2CF6,0x0CF6,0x0CF6,
    0x2CF6,0x2CF6,0x2CF6,0x2CF6,0xEBF5,0xCBF5,0x6DFE,0x90FF,0xD2FF,0x2EC5,0xC320,0x0000,
    0x0000,0x0000,0x0000,0x0000,0x0000,0x0000,0x0000,0x0000,0x0000,0x0000,0x0000,0x0000,
    0x0000,0x0000,0x0000,0x0000,0x0000,0x0000,0x0000,0x0000,0x0000,0x0000,0x0000,0x0000,
    0x0000,0x0000,0x0000,0x0000,0x0000,0x0000,0x0000,0x0000,0x0000,0x0000,0x0000,0x0000,
    0x0000,0x0000,0x0000,0x0000,0x0000,0x0000,0x0000,0x0200,0x0100,0x0200,0x0200,0x0000,
    0x0000,0x0000,0x0000,0x0200,0x0200,0x0200,0x0100,0x0000,0x0000,0x0000,0x0000,0x0000,
    0x0000,0x0000,0x0000,0x0000,0x0000,0x0000,0x0000,0x0000,0x0000,0x0000,0x0000,0x0000,
    0x0000,0x0000,0x0000,0x0000,0x0000,0x0000,0x0000,0x0000,0x0000,0x0000,0x0000,0x0000,
    0x0000,0x0000,0x0000,0x0000,0x0000,0x0000,0x0000,0x0000,0x0000,0x0000,0x0000,0x0000,
    0x0000,0x0000,0x0000,0x0000,0x0000,0x0000,0x0000,0x0000,0x0000,0x0000,0x0000,0x0000,
    0x0000,0xC220,0x4BD5,0x89B4,0xAABC,0x4AAC,0x099C,0xCABC,0xA218,0x69B4,0xADFE,0x0CF6,
    0x2CF6,0x2CF6,0x2CF6,0x2CF6,0x2CF6,0x2CF6,0x2CF6,0x2CF6,0x2CF6,0x2CF6,0x2CF6,0x2CF6,
    0x2CF6,0x2CF6,0x2CF6,0x2CF6,0x2CF6,0x2CF6,0x2CF6,0x2CF6,0x2CF6,0x2CF6,0x2CF6,0x2CF6,
    0x2CF6,0x2CF6,0x2CF6,0x2CF6,0x2CF6,0x2CF6,0x0CF6,0x2CF6,0x2CF6,0x2CF6,0x0CF6,0xCBED,
    0xEBFD,0x2FFF,0xD3FF,0x2ECD,0xE320,0x0000,0x0000,0x0000,0x0000,0x0000,0x0000,0x0000,
    0x0000,0x0000,0x0000,0x0000,0x0000,0x0000,0x0000,0x0000,0x0000,0x0000,0x0000,0x0000,
    0x0000,0x0000,0x0000,0x0000,0x0000,0x0000,0x0000,0x0000,0x0000,0x0000,0x0000,0x0000,
    0x0000,0x0000,0x0000,0x0000,0x0000,0x0000,0x0000,0x0000,0x0000,0x0000,0x0000,0x0000,
    0x0000,0x0200,0x0000,0x0000,0x0000,0x0000,0x0000,0x0000,0x0000,0x0000,0x0000,0x0000,
    0x0000,0x0000,0x0000,0x0000,0x0000,0x0000,0x0000,0x0000,0x0000,0x0000,0x0000,0x0000,
    0x0000,0x0000,0x0000,0x0000,0x0000,0x0000,0x0000,0x0000,0x0000,0x0000,0x0000,0x0000,
    0x0000,0x0000,0x0000,0x0000,0x0000,0x0000,0x0000,0x0000,0x0000,0x0000,0x0000,0x0000,
    0x0000,0x0000,0x0000,0x0000,0x0000,0x0000,0x0000,0x0000,0x0000,0x0000,0x0000,0x0000,
    0x0000,0x0000,0x0000,0x0000,0x0000,0x0000,0x0329,0x08A4,0x0ACD,0xA9BC,0x6BD5,0x8218,
    0x245A,0x2EFF,0x0CF6,0x0CF6,0x2CF6,0x2CF6,0x2CF6,0x2CF6,0x2CF6,0x2CF6,0x2CF6,0x2CF6,
    0x2CF6,0x2CF6,0x2CF6,0x2CF6,0x2CF6,0x2CF6,0x2CF6,0x2CF6,0x2CF6,0x2CF6,0x2CF6,0x2CF6,
    0x2CF6,0x2CF6,0x2CF6,0x2CF6,0x2CF6,0x2CF6,0x2CF6,0x2CF6,0x2CF6,0x2CF6,0x2CF6,0x2CF6,
    0x0CF6,0x2CF6,0x2CF6,0x2CF6,0x2CF6,0xEBF5,0xEBFD,0x2FFF,0xD2FF,0x6762,0x0000,0x0000,
    0x0000,0x0000,0x0000,0x0000,0x0000,0x0000,0x0000,0x0000,0x0000,0x0000,0x0000,0x0000,
    0x0000,0x0000,0x0000,0x0000,0x0000,0x0000,0x0000,0x0000,0x0000,0x0000,0x0000,0x0000,
    0x0000,0x0000,0x0000,0x0000,0x0000,0x0000,0x0000,0x0000,0x0000,0x0000,0x0000,0x0000,
    0x0000,0x0000,0x0000,0x0000,0x0000,0x0000,0x0000,0x0100,0x0200,0x0200,0x0200,0x0200,
    0x0000,0x0000,0x0000,0x0000,0x0000,0x0000,0x0000,0x0000,0x0000,0x0000,0x0000,0x0000,
    0x0000,0x0000,0x0000,0x0000,0x0000,0x0000,0x0000,0x0000,0x0000,0x0000,0x0000,0x0000,
    0x0000,0x0000,0x0000,0x0000,0x0000,0x0000,0x0000,0x0000,0x0000,0x0000,0x0000,0x0000,
    0x0000,0x0000,0x0000,0x0000,0x0000,0x0000,0x0000,0x0000,0x0000,0x0000,0x0000,0x0000,
    0x0000,0x0000,0x0000,0x0000,0x0000,0x0000,0x0000,0x0000,0x0000,0x0000,0x0000,0x0000,
    0xE672,0x69B4,0x6210,0x8339,0xF0FF,0x0CFE,0x0CF6,0x2CF6,0x2CF6,0x2CF6,0x2CF6,0x2CF6,
    0x2CF6,0x2CF6,0x2CF6,0x2CF6,0x2CF6,0x2CF6,0x2CF6,0x2CF6,0x2CF6,0x2CF6,0x2CF6,0x2CF6,
    0x2CF6,0x2CF6,0x2CF6,0x2CF6,0x2CF6,0x2CF6,0x2CF6,0x2CF6,0x2CF6,0x2CF6,0x2CF6,0x2CF6,
    0x2CF6,0x2CF6,0x2CF6,0x2CF6,0x2CF6,0x2CF6,0x2CF6,0x0CF6,0x2CF6,0x2CF6,0x2CF6,0xEBF5,
    0xEBFD,0xF2FF,0x4ECD,0x6210,0x0000,0x0000,0x0000,0x0000,0x0000,0x0000,0x0000,0x0000,
    0x0000,0x0000,0x0000,0x0000,0x0000,0x0000,0x0000,0x0000,0x0000,0x0000,0x0000,0x0000,
    0x0000,0x0000,0x0000,0x0000,0x0000,0x0000,0x0000,0x0000,0x0000,0x0000,0x0000,0x0000,
    0x0000,0x0000,0x0000,0x0000,0x0000,0x0000,0x0000,0x0000,0x0000,0x2108,0x0100,0x2352,
    0xE2D5,0x21DE,0x0194,0x0100,0x0100,0x0000,0x0000,0x0000,0x0000,0x0000,0x0000,0x0000,
    0x0000,0x0000,0x0000,0x0000,0x0000,0x0000,0x0000,0x0000,0x0000,0x0000,0x0000,0x0000,
    0x0000,0x0000,0x0000,0x0000,0x0000,0x0000,0x0000,0x0000,0x0000,0x0000,0x0000,0x0000,
    0x0000,0x0000,0x0000,0x0000,0x0000,0x0000,0x0000,0x0000,0x0000,0x0000,0x0000,0x0000,
    0x0000,0x0000,0x0000,0x0000,0x0000,0x0000,0x0000,0x0000,0x0000,0x0000,0x0000,0x0000,
    0x0000,0x0000,0x0000,0x0000,0x0000,0x0000,0x0000,0x4CFE,0x6DFE,0x0CF6,0x2CF6,0x0CF6,
    0x2CF6,0x2CF6,0x2CF6,0x2CF6,0x2CF6,0x2CF6,0x2CF6,0x2CF6,0x2CF6,0x2CF6,0x2CF6,0x2CF6,
    0x2CF6,0x2CF6,0x2CF6,0x2CF6,0x2CF6,0x2CF6,0x2CF6,0x2CF6,0x2CF6,0x2CF6,0x2CF6,0x2CF6,
    0x2CF6,0x2CF6,0x2CF6,0x2CF6,0x2CF6,0x2CF6,0x2CF6,0x2CF6,0x2CF6,0x2CF6,0x2CF6,0x2CF6,
    0x2CF6,0x0CF6,0x2CF6,0x2CF6,0x2CF6,0xCBF5,0xCDFE,0xF3FF,0x6762,0x0000,0x0000,0x0000,
    0x0000,0x0000,0x0000,0x0000,0x0000,0x0000,0x0000,0x0000,0x0000,0x0000,0x0000,0x0000,
    0x0000,0x0000,0x0000,0x0000,0x0000,0x0000,0x0000,0x0000,0x0000,0x0000,0x0000,0x0000,
    0x0000,0x0000,0x0000,0x0000,0x0000,0x0000,0x0000,0x0000,0x0000,0x0000,0x0000,0x0000,
    0x0000,0x0100,0xA3AC,0xE1FF,0xE0FE,0xE0FE,0xC0FF,0x81FF,0x2110,0x0200,0x0000,0x0000,
    0x0000,0x0000,0x0000,0x0000,0x0000,0x0000,0x0000,0x0000,0x0000,0x0000,0x0000,0x0000,
    0x0000,0x0000,0x0000,0x0000,0x0000,0x0000,0x0000,0x0000,0x0000,0x0000,0x0000,0x0000,
    0x0000,0x0000,0x0000,0x0000,0x0000,0x0000,0x0000,0x0000,0x0000,0x0000,0x0000,0x0000,
    0x0000,0x0000,0x0000,0x0000,0x0000,0x0000,0x0000,0x0000,0x0000,0x0000,0x0000,0x0000,
    0x0000,0x0000,0x0000,0x0000,0x0000,0x0000,0x0000,0x0000,0x0000,0x0000,0x29AC,0x8FFF,
    0xECF5,0x2CF6,0x2CF6,0x2CF6,0x2CF6,0x2CF6,0x2CF6,0x2CF6,0x2CF6,0x2CF6,0x2CF6,0x2CF6,
    0x2CF6,0x2CF6,0x2CF6,0x2CF6,0x2CF6,0x2CF6,0x2CF6,0x2CF6,0x2CF6,0x2CF6,0x2CF6,0x2CF6,
    0x2CF6,0x2CF6,0x2CF6,0x2CF6,0x2CF6,0x2CF6,0x2CF6,0x2CF6,0x2CF6,0x2CF6,0x2CF6,0x2CF6,
    0x2CF6,0x2CF6,0x2CF6,0x2CF6,0x2CF6,0x2CF6,0x0CF6,0x2CF6,0x2CF6,0x2CFE,0xECF5,0x0BF6,
    0xD1FF,0xCFDD,0x0000,0x0000,0x0000,0x0000,0x0000,0x0000,0x0000,0x0000,0x0000,0x0000,
    0x0000,0x0000,0x0000,0x0000,0x0000,0x0000,0x0000,0x0000,0x0000,0x0000,0x0000,0x0000,
    0x0000,0x0000,0x0000,0x0000,0x0000,0x0000,0x0000,0x0000,0x0000,0x0000,0x0000,0x0000,
    0x0000,0x0000,0x0000,0x0000,0x0100,0xE220,0xE1FF,0x60FE,0x40FE,0x20FE,0xC1ED,0xE1FF,
    0x61B4,0x0200,0x0000,0x0000,0x0000,0x0000,0x0000,0x0000,0x0000,0x0000,0x0000,0x0000,
    0x0000,0x0000,0x0000,0x0000,0x0000,0x0000,0x0000,0x0000,0x0000,0x0000,0x0000,0x0000,
    0x0000,0x0000,0x0000,0x0000,0x0000,0x0000,0x0000,0x0000,0x0000,0x0000,0x0000,0x0000,
    0x0000,0x0000,0x0000,0x0000,0x0000,0x0000,0x0000,0x0000,0x0000,0x0000,0x0000,0x0000,
    0x0000,0x0000,0x0000,0x0000,0x0000,0x0000,0x0000,0x0000,0x0000,0x0000,0x0000,0x0000,
    0x0000,0xE328,0xEEFE,0x2CFE,0x2CF6,0x2CF6,0x2CF6,0x2CF6,0x2CF6,0x2CF6,0x2CF6,0x2CF6,
    0x2CF6,0x2CF6,0x2CF6,0x2CF6,0x2CF6,0x2CF6,0x2CF6,0x2CF6,0x2CF6,0x0CF6,0x2CF6,0x0CF6,
    0x0CF6,0x2CF6,0x0CF6,0x2CF6,0x2CF6,0x2CF6,0x2CF6,0x2CF6,0x2CF6,0x2CF6,0x2CF6,0x2CF6,
    0x2CF6,0x2CF6,0x2CF6,0x2CF6,0x2CF6,0x2CF6,0x2CF6,0x2CF6,0x2CF6,0x2CF6,0x2CF6,0x2CF6,
    0x2CF6,0x0CF6,0x2CF6,0x0CF6,0xCBF5,0x4FFF,0x30E6,0x8862,0x0000,0x0000,0x0000,0x0000,
    0x0000,0x0000,0x0000,0x0000,0x0000,0x0000,0x0000,0x0000,0x0000,0x0000,0x0000,0x0000,
    0x0000,0x0000,0x0000,0x0000,0x0000,0x0000,0x0000,0x0000,0x0000,0x0000,0x0000,0x0000,
    0x0000,0x0000,0x0000,0x0000,0x0000,0x0000,0x0000,0x0000,0x0100,0x414A,0xE2FF,0x02EE,
    0x60FE,0x80FE,0x41F6,0x41FF,0xE0DC,0x0100,0xA210,0x0000,0x0000,0x0000,0x0000,0x0000,
    0x0000,0x0000,0x0000,0x0000,0x0000,0x0000,0x0000,0x0000,0x0000,0x0000,0x0000,0x0000,
    0x0000,0x0000,0x0000,0x0000,0x0000,0x0000,0x0000,0x0000,0x0000,0x0000,0x0000,0x0000,
    0x0000,0x0000,0x0000,0x0000,0x0000,0x0000,0x0000,0x0000,0x0000,0x0000,0x0000,0x0000,
    0x0000,0x0000,0x0000,0x0000,0x0000,0x0000,0x0000,0x0000,0x0000,0x0000,0x0000,0x0000,
    0x0000,0x0000,0x0000,0x0000,0x0000,0x29AC,0x2EFF,0xECF5,0x2CF6,0x2CF6,0x2CF6,0x2CF6,
    0x2CF6,0x2CF6,0x2CF6,0x2CF6,0x2CF6,0x2CF6,0x2CF6,0x2CF6,0x2CF6,0x2CF6,0x2CF6,0x2CF6,
    0x2CF6,0x2CF6,0x0CF6,0x8DFE,0x2CFE,0x0CF6,0x2CF6,0x2CF6,0x2CF6,0x2CF6,0x2CF6,0x2CF6,
    0x2CF6,0x2CF6,0x2CF6,0x2CF6,0x2CF6,0x2CF6,0x2CF6,0x2CF6,0x2CF6,0x2CF6,0x2CF6,0x2CF6,
    0x2CF6,0x2CF6,0x2CF6,0x2CF6,0x2CF6,0x2CF6,0x2CF6,0x2CF6,0x2CFE,0xECF5,0xADFE,0xF3FF,
    0x475A,0x0000,0x0000,0x0000,0x0000,0x0000,0x0000,0x0000,0x0000,0x0000,0x0000,0x0000,
    0x0000,0x0000,0x0000,0x0000,0x0000,0x0000,0x0000,0x0000,0x0000,0x0000,0x0000,0x0000,
    0x0000,0x0000,0x0000,0x0000,0x0000,0x0000,0x0000,0x0000,0x0000,0x0000,0x0000,0x0000,
    0x0200,0xA149,0xE1FF,0x42F6,0xA0FE,0x60FE,0x61EE,0xA0FE,0x80CB,0x0100,0xA218,0x0000,
    0x0000,0x0000,0x0000,0x0000,0x0000,0x0000,0x0000,0x0000,0x0000,0x0000,0x0000,0x0000,
    0x0000,0x0000,0x0000,0x0000,0x0000,0x0000,0x0000,0x0000,0x0000,0x0000,0x0000,0x0000,
    0x0000,0x0000,0x0000,0x0000,0x0000,0x0000,0x0000,0x0000,0x0000,0x0000,0x0000,0x0000,
    0x0000,0x0000,0x0000,0x0000,0x0000,0x0000,0x0000,0x0000,0x0000,0x0000,0x0000,0x0000,
    0x0000,0x0000,0x0000,0x0000,0x0000,0x0000,0x0000,0x0000,0xC220,0x0EFF,0x2CFE,0x0CF6,
    0x2CF6,0x2CF6,0x2CF6,0x2CF6,0x2CF6,0x2CF6,0x2CF6,0x2CF6,0x2CF6,0x2CF6,0x2CF6,0x2CF6,
    0x2CF6,0x2CF6,0x2CF6,0x2CF6,0x2CF6,0x0CF6,0x6DFE,0xA9BC,0x6DFE,0x2CFE,0x0CF6,0x2CF6,
    0x2CF6,0x2CF6,0x2CF6,0x2CF6,0x2CF6,0x2CF6,0x2CF6,0x2CF6,0x2CF6,0x2CF6,0x2CF6,0x2CF6,
    0x2CF6,0x2CF6,0x2CF6,0x2CF6,0x2CF6,0x2CF6,0x2CF6,0x2CF6,0x2CF6,0x2CF6,0x2CF6,0x0CF6,
    0x0CF6,0x2CFE,0xEBF5,0x2CFE,0xF3FF,0x475A,0x0000,0x0000,0x0000,0x0000,0x0000,0x0000,
    0x0000,0x0000,0x0000,0x0000,0x0000,0x0000,0x0000,0x0000,0x0000,0x0000,0x0000,0x0000,
    0x0000,0x0000,0x0000,0x0000,0x0000,0x0000,0x0000,0x0000,0x0000,0x0000,0x0000,0x0000,
    0x0000,0x0000,0x0000,0x0000,0x0000,0x0100,0xC1A3,0xA0FF,0xC0FE,0xA0F6,0x60FE,0x80FD,
    0x0149,0x0200,0x0000,0x0000,0x0000,0x0000,0x0000,0x0000,0x0000,0x0000,0x0000,0x0000,
    0x0000,0x0000,0x0000,0x0000,0x0000,0x0000,0x0000,0x0000,0x0000,0x0000,0x0000,0x0000,
    0x0000,0x0000,0x0000,0x0000,0x0000,0x0000,0x0000,0x0000,0x0000,0x0000,0x0000,0x0000,
    0x0000,0x0000,0x0000,0x0000,0x0000,0x0000,0x0000,0x0000,0x0000,0x0000,0x0000,0x0000,
    0x0000,0x0000,0x0000,0x0000,0x0000,0x0000,0x0000,0x0000,0x0000,0x0000,0x0000,0x0000,
    0x255A,0x4EFF,0xECF5,0x2CF6,0x2CF6,0x2CF6,0x2CF6,0x2CF6,0x2CF6,0x2CF6,0x2CF6,0x2CF6,
    0x2CF6,0x2CF6,0x2CF6,0x2CF6,0x2CF6,0x2CF6,0x2CF6,0x2CF6,0x2CF6,0xECF5,0x6FFF,0x8110,
    0x067B,0x2EFF,0xECF5,0x2CF6,0x2CF6,0x2CF6,0x2CF6,0x2CF6,0x2CF6,0x2CF6,0x2CF6,0x2CF6,
    0x2CF6,0x2CF6,0x2CF6,0x2CF6,0x2CF6,0x2CF6,0x2CF6,0x2CF6,0x2CF6,0x2CF6,0x2CF6,0x2CF6,
    0x2CF6,0x2CF6,0x2CF6,0x2CF6,0x0CF6,0x0CF6,0x2CF6,0x0CF6,0x0BFE,0xF1FF,0x265A,0x0000,
    0x0000,0x0000,0x0000,0x0000,0x0000,0x0000,0x0000,0x0000,0x0000,0x0000,0x0000,0x0000,
    0x0000,0x0000,0x0000,0x0000,0x0000,0x0000,0x0000,0x0000,0x0000,0x0000,0x0000,0x0000,
    0x0000,0x0000,0x0000,0x0000,0x0000,0x0000,0x0000,0x0000,0x0000,0x2200,0x0100,0xE18A,
    0x60FD,0xC0FD,0x00F4,0x0149,0x0100,0x0000,0x0000,0x0000,0x0000,0x0000,0x0000,0x0000,
    0x0000,0x0000,0x0000,0x0000,0x0000,0x0000,0x0000,0x0000,0x0000,0x0000,0x0000,0x0000,
    0x0000,0x0000,0x0000,0x0000,0x0000,0x0000,0x0000,0x0000,0x0000,0x0000,0x0000,0x0000,
    0x0000,0x0000,0x0000,0x0000,0x0000,0x0000,0x0000,0x0000,0x0000,0x0000,0x0000,0x0000,
    0x0000,0x0000,0x0000,0x0000,0x0000,0x0000,0x0000,0x0000,0x0000,0x0000,0x0000,0x0000,
    0x0000,0x0000,0x0000,0x0000,0x4BD5,0xEEFE,0xECF5,0x2CF6,0x2CF6,0x2CF6,0x2CF6,0x2CF6,
    0x2CF6,0x2CF6,0x2CF6,0x2CF6,0x2CF6,0x2CF6,0x2CF6,0x2CF6,0x2CF6,0x2CF6,0x2CF6,0x2CF6,
    0x2CF6,0xECF5,0x8FFF,0xC220,0x856A,0x4EFF,0xECF5,0x2CF6,0x2CF6,0x2CF6,0x2CF6,0x2CF6,
    0x2CF6,0x2CF6,0x2CF6,0x2CF6,0x2CF6,0x2CF6,0x2CF6,0x2CF6,0x2CF6,0x2CF6,0x2CF6,0x2CF6,
    0x2CF6,0x2CF6,0x2CF6,0x2CF6,0x2CF6,0x2CF6,0x2CF6,0x2CF6,0x2CF6,0x2CF6,0x0CF6,0x2CF6,
    0x0CF6,0x2CFE,0x6EFF,0xA76A,0x2208,0x0000,0x0000,0x0000,0x0000,0x0000,0x0000,0x0000,
    0x0000,0x0000,0x0000,0x0000,0x0000,0x0000,0x0000,0x0000,0x0000,0x0000,0x0000,0x0000,
    0x0000,0x0000,0x0000,0x0000,0x0000,0x0000,0x0000,0x0000,0x0000,0x0000,0x0000,0x0000,
    0x0000,0x0000,0x4108,0x0100,0x0100,0x8128,0x0100,0x0100,0x0000,0x0000,0x0000,0x0000,
    0x0000,0x0000,0x0000,0x0000,0x0000,0x0000,0x0000,0x0000,0x0000,0x0000,0x0000,0x0000,
    0x0000,0x0000,0x0000,0x0000,0x0000,0x0000,0x0000,0x0000,0x0000,0x0000,0x0000,0x0000,
    0x0000,0x0000,0x0000,0x0000,0x0000,0x0000,0x0000,0x0000,0x0000,0x0000,0x0000,0x0000,
    0x0000,0x0000,0x0000,0x0000,0x0000,0x0000,0x0000,0x0000,0x0000,0x0000,0x0000,0x0000,
    0x0000,0x0000,0x0000,0x0000,0x0000,0x0000,0x0000,0x0000,0xA9BC,0xEEFE,0xECF5,0x2CF6,
    0x2CF6,0x2CF6,0x2CF6,0x2CF6,0x2CF6,0x2CF6,0x2CF6,0x2CF6,0x2CF6,0x2CF6,0x2CF6,0x2CF6,
    0x2CF6,0x2CF6,0x2CF6,0x2CF6,0x2CF6,0xECF5,0xAFFF,0x6339,0x478B,0x0EFF,0xECF5,0x2CF6,
    0x2CF6,0x2CF6,0x2CF6,0x2CF6,0x2CF6,0x2CF6,0x2CF6,0x2CF6,0x2CF6,0x2CF6,0x2CF6,0x2CF6,
    0x2CF6,0x2CF6,0x2CF6,0x2CF6,0x2CF6,0x2CF6,0x2CF6,0x2CF6,0x2CF6,0x2CF6,0x2CF6,0x2CF6,
    0x2CF6,0x2CF6,0x2CF6,0x0CF6,0xECF5,0xECF5,0xEBF5,0xF3FF,0xAFCD,0x0000,0x0000,0x0000,
    0x0000,0x0000,0x0000,0x0000,0x0000,0x0000,0x0000,0x0000,0x0000,0x0000,0x0000,0x0000,
    0x0000,0x0000,0x0000,0x0000,0x0000,0x0000,0x0000,0x0000,0x0000,0x0000,0x0000,0x0000,
    0x0000,0x0000,0x0000,0x0000,0x0000,0x0000,0x0000,0x0000,0x4208,0x0200,0x4108,0x0000,
    0x0000,0x0000,0x0000,0x0000,0x0000,0x0000,0x0000,0x0000,0x0000,0x0000,0x0000,0x0000,
    0x0000,0x0000,0x0000,0x0000,0x0000,0x0000,0x0000,0x0000,0x0000,0x0000,0x0000,0x0000,
    0x0000,0x0000,0x0000,0x0000,0x0000,0x0000,0x0000,0x0000,0x0000,0x0000,0x0000,0x0000,
    0x0000,0x0000,0x0000,0x0000,0x0000,0x0000,0x0000,0x0000,0x0000,0x0000,0x0000,0x0000,
    0x0000,0x0000,0x0000,0x0000,0x0000,0x0000,0x0000,0x0000,0x0000,0x0000,0x0000,0x0000,
    0xCAC4,0xEEFE,0xECF5,0x2CF6,0x2CF6,0x2CF6,0x2CF6,0x2CF6,0x2CF6,0x2CF6,0x2CF6,0x2CF6,
    0x2CF6,0x2CF6,0x2CF6,0x2CF6,0x2CF6,0x2CF6,0x2CF6,0x2CF6,0x0CF6,0x6DFE,0xABED,0x8218,
    0x0EFF,0x2CFE,0x0CF6,0x2CF6,0x2CF6,0x2CF6,0x2CF6,0x2CF6,0x2CF6,0x2CF6,0x2CF6,0x2CF6,
    0x2CF6,0x2CF6,0x2CF6,0x2CF6,0x2CF6,0x2CF6,0x2CF6,0x2CF6,0x2CF6,0x2CF6,0x2CF6,0x2CF6,
    0x2CF6,0x2CF6,0x0CF6,0x0CF6,0x2CF6,0x0CF6,0x0CF6,0x4DFE,0x4EFF,0x4EFF,0xCDFE,0xA79B,
    0x0100,0x2652,0xEDBC,0x6BAC,0x8BAC,0x6CAC,0x2DC5,0xE549,0x0100,0x0000,0x0100,0x0000,
    0x0000,0x0000,0x0000,0x0000,0x0000,0x0000,0x0000,0x0000,0x0000,0x0000,0x0000,0x0000,
    0x0000,0x0000,0x0000,0x0000,0x0000,0x0000,0x0000,0x0000,0x0000,0x0000,0x0000,0x0000,
    0x0000,0x0000,0x0000,0x0000,0x0000,0x0000,0x0000,0x0000,0x0000,0x0000,0x0000,0x0000,
    0x0000,0x0000,0x0000,0x0000,0x0000,0x0000,0x0000,0x0000,0x0000,0x0000,0x0000,0x0000,
    0x0000,0x0000,0x0000,0x0000,0x0000,0x0000,0x0000,0x0000,0x0000,0x0000,0x0000,0x0000,
    0x0000,0x0000,0x0000,0x0000,0x0000,0x0000,0x0000,0x0000,0x0000,0x0000,0x0000,0x0000,
    0x0000,0x0000,0x0000,0x0000,0x0000,0x0000,0x0000,0x0000,0x0000,0x0000,0x0000,0x0000,
    0x0000,0x0000,0x0000,0x0000,0xCAC4,0xEEFE,0xECF5,0x2CF6,0x2CF6,0x2CF6,0x2CF6,0x2CF6,
    0x2CF6,0x2CF6,0x2CF6,0x2CF6,0x2CF6,0x2CF6,0x2CF6,0x2CF6,0x2CF6,0x2CF6,0x2CF6,0x2CF6,
    0x0CF6,0xCDFE,0x0ACD,0x0000,0xEEFE,0x2CFE,0x0CF6,0x2CF6,0x2CF6,0x2CF6,0x2CF6,0x2CF6,
    0x2CF6,0x2CF6,0x2CF6,0x2CF6,0x2CF6,0x2CF6,0x2CF6,0x2CF6,0x2CF6,0x2CF6,0x2CF6,0x2CF6,
    0x2CF6,0x2CF6,0x2CF6,0x2CF6,0x2CF6,0x2CF6,0x0CF6,0x2CF6,0x0CF6,0x0CF6,0xEEFE,0xCDFE,
    0xE451,0x035A,0x0DEE,0x2FF6,0xF5FF,0xF4FF,0xEDFE,0x2EFF,0x0EFF,0x2FFF,0x4FFF,0x2EFF,
    0x2FFF,0x28AC,0x0000,0x0000,0xA220,0x4108,0x0329,0x0329,0x0000,0x0000,0x0000,0x0000,
    0x0000,0x0000,0x0000,0x0000,0x0000,0x0000,0x0000,0x0000,0x0000,0x0000,0x0000,0x0000,
    0x0000,0x0000,0x0000,0x0000,0x0000,0x0000,0x0000,0x0000,0x0000,0x0000,0x0000,0x0000,
    0x0000,0x0000,0x0000,0x0000,0x0000,0x0000,0x0000,0x0000,0x0000,0x0000,0x0000,0x0000,
    0x0000,0x0000,0x0000,0x0000,0x0000,0x0000,0x0000,0x0000,0x0000,0x0000,0x0000,0x0000,
    0x0000,0x0000,0x0000,0x0000,0x0000,0x0000,0x0000,0x0000,0x0000,0x0000,0x0000,0x0000,
    0x0000,0x0000,0x0000,0x0000,0x0000,0x0000,0x0000,0x0000,0x0000,0x0000,0x0000,0x0000,
    0x0000,0x0000,0x0000,0x0000,0x0000,0x0000,0x0000,0x0000,0xCAC4,0xEEFE,0xECF5,0x2CF6,
    0x2CF6,0x2CF6,0x2CF6,0x2CF6,0x2CF6,0x2CF6,0x2CF6,0x2CF6,0x2CF6,0x2CF6,0x2CF6,0x2CF6,
    0x2CF6,0x2CF6,0x2CF6,0x2CF6,0x0CF6,0xCDFE,0xEACC,0x8441,0x0EFF,0x0CF6,0x2CF6,0x2CF6,
    0x2CF6,0x2CF6,0x0CF6,0x2CF6,0x0CF6,0x0CF6,0x2CF6,0x0CF6,0x2CF6,0x2CF6,0x2CF6,0x2CF6,
    0x2CF6,0x2CF6,0x2CF6,0x2CF6,0x2CF6,0x2CF6,0x2CF6,0x2CF6,0x2CF6,0x2CF6,0x2CF6,0x0CF6,
    0x4CFE,0x8FFF,0xCAC4,0x0000,0x0100,0x297B,0x675A,0x0000,0x0329,0xF4FF,0xADFE,0xABED,
    0xECF5,0xEBF5,0xEBF5,0x0CF6,0x0CFE,0x8FFF,0xCCED,0xC449,0x0000,0x0000,0x8762,0xF6FF,
    0x4DCD,0x087B,0x2008,0x0000,0x0000,0x0000,0x0000,0x0000,0x0000,0x0000,0x0000,0x0000,
    0x0000,0x0000,0x0000,0x0000,0x0000,0x0000,0x0000,0x0000,0x0000,0x0000,0x0000,0x0000,
    0x0000,0x0000,0x0000,0x0000,0x0000,0x0000,0x0000,0x0000,0x0000,0x0000,0x0000,0x0000,
    0x0000,0x0000,0x0000,0x0000,0x0000,0x0000,0x0000,0x0000,0x0000,0x0000,0x0000,0x0000,
    0x0000,0x0000,0x0000,0x0000,0x0000,0x0000,0x0000,0x0000,0x0000,0x0000,0x0000,0x0000,
    0x0000,0x0000,0x0000,0x0000,0x0000,0x0000,0x0000,0x0000,0x0000,0x0000,0x0000,0x0000,
    0x0000,0x0000,0x0000,0x0000,0x0000,0x0000,0x0000,0x0000,0x0000,0x0000,0x0000,0x0000,
    0xCAC4,0xEEFE,0xECF5,0x2CF6,0x2CF6,0x2CF6,0x2CF6,0x2CF6,0x2CF6,0x2CF6,0x2CF6,0x2CF6,
    0x2CF6,0x2CF6,0x2CF6,0x2CF6,0x2CF6,0x2CF6,0x2CF6,0x2CF6,0xECF5,0xAFFF,0x6110,0xC893,
    0x2EFF,0xECF5,0x2CF6,0x2CF6,0x2CF6,0x0CF6,0x2CF6,0x0CF6,0x2CF6,0x8DFE,0x0CF6,0x2CF6,
    0x2CF6,0x2CF6,0x2CF6,0x2CF6,0x2CF6,0x2CF6,0x2CF6,0x2CF6,0x2CF6,0x2CF6,0x2CF6,0x2CF6,
    0x2CF6,0x2CF6,0xECF5,0x6DFE,0x6FFF,0xC220,0x0000,0xC99B,0xF2FF,0xD2FF,0xD4FF,0x91FE,
    0x0329,0xA318,0x6CD5,0x2EFF,0x0CF6,0x2CFE,0x2CF6,0x2CF6,0x2CF6,0xECF5,0xADFE,0x8FFF,
    0x478B,0x055A,0x0000,0x8541,0xF5FF,0xF7FF,0x8762,0x0000,0x0000,0x0000,0x0000,0x0000,
    0x0000,0x0000,0x0000,0x0000,0x0000,0x0000,0x0000,0x0000,0x0000,0x0000,0x0000,0x0000,
    0x0000,0x0000,0x0000,0x0000,0x0000,0x0000,0x0000,0x0000,0x0000,0x0000,0x0000,0x0000,
    0x0000,0x0000,0x0000,0x0000,0x0000,0x0000,0x0000,0x0000,0x0000,0x0000,0x0000,0x0000,
    0x0000,0x0000,0x0000,0x0000,0x0000,0x0000,0x0000,0x0000,0x0000,0x0000,0x0000,0x0000,
    0x0000,0x0000,0x0000,0x0000,0x0000,0x0000,0x0000,0x0000,0x0000,0x0000,0x0000,0x0000,
    0x0000,0x0000,0x0000,0x0000,0x0000,0x0000,0x0000,0x0000,0x0000,0x0000,0x0000,0x0000,
    0x0000,0x0000,0x0000,0x0000,0xCAC4,0xEEFE,0xECF5,0x2CF6,0x2CF6,0x2CF6,0x2CF6,0x2CF6,
    0x2CF6,0x2CF6,0x2CF6,0x2CF6,0x2CF6,0x2CF6,0x2CF6,0x2CF6,0x2CF6,0x2CF6,0x2CF6,0x0CF6,
    0x4DFE,0x0CFE,0x2331,0x6DFE,0x4CFE,0x0CF6,0x2CF6,0x2CF6,0x0CF6,0x2CF6,0x0CF6,0x4CFE,
    0x4DFE,0xA9BC,0x8DFE,0x0CF6,0x2CF6,0x2CF6,0x2CF6,0x2CF6,0x2CF6,0x2CF6,0x2CF6,0x2CF6,
    0x2CF6,0x2CF6,0x2CF6,0x2CF6,0x2CF6,0xECF5,0x0EFF,0x4EFF,0x0000,0x0000,0x8DFE,0x0EFF,
    0x0BFE,0xCBED,0xEBF5,0xCFFE,0xF6FF,0xAA93,0x0000,0x08AC,0xCDFE,0x0CF6,0x2CF6,0x2CF6,
    0x2CF6,0x2CFE,0x0CF6,0x0CF6,0x2EFF,0x6FFF,0x6BDD,0xC120,0x52FF,0x09A4,0x6ED5,0x297B,
    0x0000,0x0000,0x0000,0x0000,0x0000,0x0000,0x0000,0x0000,0x0000,0x0000,0x0000,0x0000,
    0x0000,0x0000,0x0000,0x0000,0x0000,0x0000,0x0000,0x0000,0x0000,0x0000,0x0000,0x0000,
    0x0000,0x0000,0x0000,0x0000,0x0000,0x0000,0x0000,0x0000,0x0000,0x0000,0x0000,0x0000,
    0x0000,0x0000,0x0000,0x0000,0x0000,0x0000,0x0000,0x0000,0x0000,0x0000,0x0000,0x0000,
    0x0000,0x0000,0x0000,0x0000,0x0000,0x0000,0x0000,0x0000,0x0000,0x0000,0x0000,0x0000,
    0x0000,0x0000,0x0000,0x0000,0x0000,0x0000,0x0000,0x0000,0x0000,0x0000,0x0000,0x0000,
    0x0000,0x0000,0x0000,0x0000,0x0000,0x0000,0x0000,0x0000,0xAAC4,0xEEFE,0xECF5,0x2CF6,
    0x2CF6,0x2CF6,0x2CF6,0x2CF6,0x2CF6,0x2CF6,0x2CF6,0x2CF6,0x2CF6,0x2CF6,0x2CF6,0x2CF6,
    0x2CF6,0x2CF6,0x2CF6,0xECF5,0xEEFE,0xA9BC,0x0000,0x6FFF,0x0CF6,0x2CF6,0x2CF6,0x0CF6,
    0x2CF6,0x0CF6,0xEBF5,0x51FF,0xE641,0x4462,0x0EFF,0xECF5,0x2CF6,0x2CF6,0x2CF6,0x2CF6,
    0x2CF6,0x2CF6,0x2CF6,0x2CF6,0x2CF6,0x0CF6,0x2CF6,0x2CF6,0xECF5,0x8FFF,0x08A4,0x0000,
    0x8793,0xEEFE,0x8DFE,0x8BE5,0x8BDD,0x0CF6,0x2CFE,0xEBF5,0xAAF5,0xF4FF,0x8D9C,0xE7A3,
    0xCDFE,0x0CF6,0x2CF6,0x2CF6,0x2CF6,0x2CF6,0x2CF6,0x2CF6,0xECF5,0x0CF6,0xADFE,0x2EFF,
    0x2CFE,0xEDFE,0xE57A,0x8FD5,0x6762,0x0000,0x0000,0x0000,0x0000,0x0000,0x0000,0x0000,
    0x0000,0x0000,0x0000,0x0000,0x0000,0x0000,0x0000,0x0000,0x0000,0x0000,0x0000,0x0000,
    0x0000,0x0000,0x0000,0x0000,0x0000,0x0000,0x0000,0x0000,0x0000,0x0000,0x0000,0x0000,
    0x0000,0x0000,0x0000,0x0000,0x0000,0x0000,0x0000,0x0000,0x0000,0x0000,0x0000,0x0000,
    0x0000,0x0000,0x0000,0x0000,0x0000,0x0000,0x0000,0x0000,0x0000,0x0000,0x0000,0x0000,
    0x0000,0x0000,0x0000,0x0000,0x0000,0x0000,0x0000,0x0000,0x0000,0x0000,0x0000,0x0000,
    0x0000,0x0000,0x0000,0x0000,0x0000,0x0000,0x0000,0x0000,0x0000,0x0000,0x0000,0x0000,
    0xEAC4,0x0EFF,0xECF5,0x2CF6,0x2CF6,0x2CF6,0x2CF6,0x2CF6,0x2CF6,0x2CF6,0x2CF6,0x2CF6,
    0x2CF6,0x2CF6,0x2CF6,0x2CF6,0x2CF6,0x2CF6,0x2CF6,0xECF5,0x8FFF,0x0329,0xC672,0x2EFF,
    0xECF5,0x2CF6,0x0CF6,0x2CF6,0x2CF6,0xEBF5,0x11FF,0x30E6,0x0000,0xCDFE,0x4DFE,0x0CF6,
    0x2CF6,0x2CF6,0x2CF6,0x2CF6,0x2CF6,0x2CF6,0x2CF6,0x2CF6,0x0CF6,0x2CF6,0x2CF6,0xECF5,
    0x6FFF,0x49AC,0x0000,0x08A4,0x4EFF,0x0ACD,0x4BD5,0x2AD5,0x4AD5,0xCBED,0x0CF6,0x2DFE,
    0x0BF6,0x2EFE,0x54FF,0xADFE,0x0CF6,0x2CF6,0x2CF6,0x2CF6,0x2CF6,0x2CF6,0x2CF6,0x2CF6,
    0x2CF6,0x0CF6,0x0CF6,0xECF5,0xECF5,0x2EFF,0x668B,0x0200,0xF6FF,0xA349,0x0000,0x0000,
    0x0000,0x0000,0x0000,0x0000,0x0000,0x0000,0x0000,0x0000,0x0000,0x0000,0x0000,0x0000,
    0x0000,0x0000,0x0000,0x0000,0x0000,0x0000,0x0000,0x0000,0x0000,0x0000,0x0000,0x0000,
    0x0000,0x0000,0x0000,0x0000,0x0000,0x0000,0x0000,0x0000,0x0000,0x0000,0x0000,0x0000,
    0x0000,0x0000,0x0000,0x0000,0x0000,0x0000,0x0000,0x0000,0x0000,0x0000,0x0000,0x0000,
    0x0000,0x0000,0x0000,0x0000,0x0000,0x0000,0x0000,0x0000,0x0000,0x0000,0x0000,0x0000,
    0x0000,0x0000,0x0000,0x0000,0x0000,0x0000,0x0000,0x0000,0x0000,0x0000,0x0000,0x0000,
    0x0000,0x0000,0x0000,0x0000,0x69B4,0x0EFF,0xECF5,0x2CF6,0x2CF6,0x2CF6,0x2CF6,0x2CF6,
    0x2CF6,0x2CF6,0x2CF6,0x2CF6,0x2CF6,0x2CF6,0x2CF6,0x2CF6,0x2CF6,0x2CF6,0xECF5,0xEEFE,
    0x6BD5,0x0000,0xCDFE,0x4CFE,0x0CF6,0x2CF6,0x2CF6,0x2CF6,0x0BF6,0x4DFE,0xB2FE,0x0000,
    0x6339,0x0EFF,0x0CF6,0x0CF6,0x2CF6,0x2CF6,0x2CF6,0x2CF6,0x2CF6,0x2CF6,0x2CF6,0x2CF6,
    0x2CF6,0x2CF6,0x0CF6,0x6FFF,0x08A4,0x0000,0x0CF6,0x8DFE,0xEAC4,0x2AD5,0x4BD5,0x4BD5,
    0x2AD5,0x6BDD,0x0CF6,0x2CFE,0x0BF6,0x4EFE,0x13FF,0x4CFE,0x0CF6,0x2CF6,0x0CF6,0x2CF6,
    0x2CF6,0x2CF6,0x2CF6,0x2CF6,0x2CF6,0x2CF6,0x2CF6,0x2CF6,0x0CF6,0x6DFE,0x2CFE,0x0000,
    0x2AD5,0x2EFF,0x0000,0x0000,0x0000,0x0000,0x0000,0x0000,0x0000,0x0000,0x0000,0x0000,
    0x0000,0x0000,0x0000,0x0000,0x0000,0x0000,0x0000,0x0000,0x0000,0x0000,0x0000,0x0000,
    0x0000,0x0000,0x0000,0x0000,0x0000,0x0000,0x0000,0x0000,0x0000,0x0000,0x0000,0x0000,
    0x0000,0x0000,0x0000,0x0000,0x0000,0x0000,0x0000,0x0000,0x0000,0x0000,0x0000,0x0000,
    0x0000,0x0000,0x0000,0x0000,0x0000,0x0000,0x0000,0x0000,0x0000,0x0000,0x0000,0x0000,
    0x0000,0x0000,0x0000,0x0000,0x0000,0x0000,0x0000,0x0000,0x0000,0x0000,0x0000,0x0000,
    0x0000,0x0000,0x0000,0x0000,0x0000,0x0000,0x0000,0x0000,0x8218,0x4EFF,0x0CF6,0x2CF6,
    0x2CF6,0x2CF6,0x2CF6,0x2CF6,0x2CF6,0x2CF6,0x2CF6,0x2CF6,0x2CF6,0x2CF6,0x2CF6,0x2CF6,
    0x2CF6,0x0CF6,0x0CF6,0x2EFF,0xE228,0xC76A,0xB3FF,0x0BF6,0x2CF6,0x0CF6,0x0CF6,0x0BF6,
    0x2DF6,0x12FF,0xB1F6,0x0000,0xCBE5,0xCDFE,0x0CF6,0x2CF6,0x2CF6,0x2CF6,0x2CF6,0x2CF6,
    0x2CF6,0x2CF6,0x2CF6,0x0CF6,0x2CF6,0xECF5,0xCDFE,0x48AC,0x0000,0xADB4,0x6EFE,0xC9C4,
    0x4BD5,0x4BD5,0x4BD5,0x4BD5,0x2AD5,0x51EE,0x2DF6,0x0CFE,0x0CF6,0xCDFE,0xB1FE,0x6BDD,
    0x4CFE,0x0CF6,0x2CF6,0x2CF6,0x2CF6,0x2CF6,0x2CF6,0x2CF6,0x2CF6,0x2CF6,0x2CF6,0x2CF6,
    0x2CF6,0xECF5,0x4EFF,0xE672,0x0000,0x4EFF,0x0552,0x0000,0x0000,0x0000,0x0000,0x0000,
    0x0000,0x0000,0x0000,0x0000,0x0000,0x0000,0x0000,0x0000,0x0000,0x0000,0x0000,0x0000,
    0x0000,0x0000,0x0000,0x0000,0x0000,0x0000,0x0000,0x0000,0x0000,0x0000,0x0000,0x0000,
    0x0000,0x0000,0x0000,0x0000,0x0000,0x0000,0x0000,0x0000,0x0000,0x0000,0x0000,0x0000,
    0x0000,0x0000,0x0000,0x0000,0x0000,0x0000,0x0000,0x0000,0x0000,0x0000,0x0000,0x0000,
    0x0000,0x0000,0x0000,0x0000,0x0000,0x0000,0x0000,0x0000,0x0000,0x0000,0x0000,0x0000,
    0x0000,0x0000,0x0000,0x0000,0x0000,0x0000,0x0000,0x0000,0x0000,0x0000,0x0000,0x0000,
    0x4339,0x2EFF,0x2CFE,0x0CF6,0x2CF6,0x2CF6,0x2CF6,0x2CF6,0x2CF6,0x2CF6,0x2CF6,0x2CF6,
    0x2CF6,0x2CF6,0x2CF6,0x0CF6,0x2CFE,0xCCED,0xCFFF,0x067B,0x0100,0xEDFE,0x4CCD,0x0EEE,
    0x4CFE,0x4CFE,0x2CFE,0xF1FE,0x6DD5,0x4EFE,0x297B,0x8341,0x6EFF,0x0CF6,0x2CF6,0x2CF6,
    0x2CF6,0x2CF6,0x2CF6,0x2CF6,0x2CF6,0x2CF6,0x2CF6,0x2CF6,0x0CF6,0xADFE,0x11FF,0x0000,
    0x70F6,0x0CF6,0x2AD5,0x4BD5,0x4BD5,0x4BD5,0x4BD5,0x4BD5,0x2AD5,0x6CD5,0x4EF6,0xEBF5,
    0xEEFE,0xEAC4,0x0000,0xA793,0xCDFE,0xECF5,0x2CF6,0x2CF6,0x2CF6,0x2CF6,0x2CF6,0x2CF6,
    0x2CF6,0x0CF6,0x2CF6,0x0CF6,0x0CF6,0x2CF6,0xECF5,0xF0FF,0x0108,0x4783,0xA9BC,0x0000,
    0x6210,0x0000,0x0000,0x0000,0x0000,0x0000,0x0000,0x0000,0x0000,0x0000,0x0000,0x0000,
    0x0000,0x0000,0x0000,0x0000,0x0000,0x0000,0x0000,0x0000,0x0000,0x0000,0x0000,0x0000,
    0x0000,0x0000,0x0000,0x0000,0x0000,0x0000,0x0000,0x0000,0x0000,0x0000,0x0000,0x0000,
    0x0000,0x0000,0x0000,0x0000,0x0000,0x0000,0x0000,0x0000,0x0000,0x0000,0x0000,0x0000,
    0x0000,0x0000,0x0000,0x0000,0x0000,0x0000,0x0000,0x0000,0x0000,0x0000,0x0000,0x0000,
    0x0000,0x0000,0x0000,0x0000,0x0000,0x0000,0x0000,0x0000,0x0000,0x0000,0x0000,0x0000,
    0x0000,0x0000,0x0000,0x0000,0x0000,0x69B4,0x2EFF,0xECF5,0x2CF6,0x2CF6,0x2CF6,0x2CF6,
    0x2CF6,0x2CF6,0x2CF6,0x2CF6,0x2CF6,0x2CF6,0x2CF6,0x2CFE,0xECF5,0x2EFF,0x4BDD,0x0000,
    0xAABC,0xABE5,0x2AD5,0xEAC4,0x6CD5,0x8BDD,0x8CDD,0xEFDD,0x8BDD,0xA9C4,0x0000,0x089C,
    0x2EFF,0xECF5,0x2CF6,0x2CF6,0x2CF6,0x2CF6,0x2CF6,0x2CF6,0x2CF6,0x2CF6,0x2CF6,0x0CF6,
    0x2CFE,0xEEFE,0x8318,0x277B,0x2DFE,0x0ACD,0x4BD5,0x4BD5,0x4BD5,0x4BD5,0x4BD5,0x4BD5,
    0x2AD5,0x4CD5,0x6EFE,0x0BF6,0x4FFF,0x6110,0x4683,0x8FFF,0x0CF6,0x2CF6,0x2CF6,0x2CF6,
    0x2CF6,0x2CF6,0x2CF6,0x2CF6,0x2CF6,0x2CF6,0x0CF6,0x2CF6,0x2CF6,0x2CF6,0x0CF6,0x8DFE,
    0xCBED,0x8218,0x6FFF,0x8562,0x0000,0x0000,0x0000,0x0000,0x0000,0x0000,0x0000,0x0000,
    0x0000,0x0000,0x0000,0x0000,0x0000,0x0000,0x0000,0x0000,0x0000,0x0000,0x0000,0x0000,
    0x0000,0x0000,0x0000,0x0000,0x0000,0x0000,0x0000,0x0000,0x0000,0x0000,0x0000,0x0000,
    0x0000,0x0000,0x0000,0x0000,0x0000,0x0000,0x0000,0x0000,0x0000,0x0000,0x0000,0x0000,
    0x0000,0x0000,0x0000,0x0000,0x0000,0x0000,0x0000,0x0000,0x0000,0x0000,0x0000,0x0000,
    0x0000,0x0000,0x0000,0x0000,0x0000,0x0000,0x0000,0x0000,0x0000,0x0000,0x0000,0x0000,
    0x0000,0x0000,0x0000,0x0000,0x0000,0x0000,0x0000,0x0000,0x0000,0x0329,0x0EFF,0x2CFE,
    0x2CF6,0x2CF6,0x2CF6,0x2CF6,0x2CF6,0x2CF6,0x2CF6,0x2CF6,0x2CF6,0x2CF6,0x0CF6,0xCCED,
    0x2EFF,0xECED,0x0000,0x8662,0xEAC4,0x29A4,0x89B4,0x0ACD,0x4AD5,0x2ACD,0x0ACD,0xE9C4,
    0x6DFE,0x4331,0x0000,0xCDFE,0x2CFE,0x0CF6,0x2CF6,0x2CF6,0x2CF6,0x2CF6,0x2CF6,0x2CF6,
    0x2CF6,0x2CF6,0x2CF6,0xECF5,0x8FFF,0x0452,0x0000,0x0ACD,0x4AD5,0x4BD5,0x4BD5,0x4BD5,
    0x4BD5,0x4BD5,0x4BD5,0x4BD5,0x2AD5,0x4CCD,0x4EFE,0xCDFE,0x28AC,0x2200,0x6FFF,0x0CFE,
    0x0CF6,0x2CF6,0x2CF6,0x2CF6,0x2CF6,0x2CF6,0x2CF6,0x2CF6,0x0CF6,0x2CF6,0x2CFE,0x0CF6,
    0x2CF6,0x2CFE,0x0CF6,0xCCED,0xCFFF,0xE220,0xE67A,0x2CFE,0x0100,0x0000,0x0000,0x0000,
    0x0000,0x0000,0x0000,0x0000,0x0000,0x0000,0x0000,0x0000,0x0000,0x0000,0x0000,0x0000,
    0x0000,0x0000,0x0000,0x0000,0x0000,0x0000,0x0000,0x0000,0x0000,0x0000,0x0000,0x0000,
    0x0000,0x0000,0x0000,0x0000,0x0000,0x0000,0x0000,0x0000,0x0000,0x0000,0x0000,0x0000,
    0x0000,0x0000,0x0000,0x0000,0x0000,0x0000,0x0000,0x0000,0x0000,0x0000,0x0000,0x0000,
    0x0000,0x0000,0x0000,0x0000,0x0000,0x0000,0x0000,0x0000,0x0000,0x0000,0x0000,0x0000,
    0x0000,0x0000,0x0000,0x0000,0x0000,0x0000,0x0000,0x0000,0x0000,0x0000,0x0000,0x0000,
    0x0000,0x0000,0x69B4,0x0EFF,0xECF5,0x2CF6,0x2CF6,0x2CF6,0x2CF6,0x2CF6,0x2CF6,0x0CF6,
    0x2CF6,0x0CF6,0x6DFE,0xCFFF,0x6BDD,0x0000,0x0000,0x89B4,0x0AC5,0x49AC,0x29A4,0x08A4,
    0xEAC4,0xABE5,0x6BDD,0x6BDD,0xCBE5,0x0000,0x0229,0x2EFF,0x0CF6,0x2CF6,0x2CF6,0x2CF6,
    0x2CF6,0x2CF6,0x2CF6,0x2CF6,0x2CF6,0x2CF6,0x0CF6,0x8DFE,0xABED,0x0000,0xAABC,0xEAC4,
    0x6BDD,0x4BD5,0x4BD5,0x4BD5,0x4BD5,0x4BD5,0x4BD5,0x4BD5,0x09CD,0x30EE,0x0DF6,0xAFFF,
    0xE220,0x255A,0x6FFF,0xECED,0x2CF6,0x2CF6,0x2CF6,0x2CF6,0x2CF6,0x2CF6,0x2CF6,0x0CF6,
    0x0CF6,0x2CFE,0xCBED,0xABE5,0x0BFE,0x0CF6,0x8AE5,0xAAED,0xCDFE,0xA9BC,0x0000,0xADFE,
    0x0100,0x0000,0x0000,0x0000,0x0000,0x0000,0x0000,0x0000,0x0000,0x0000,0x0000,0x0000,
    0x0000,0x0000,0x0000,0x0000,0x0000,0x0000,0x0000,0x0000,0x0000,0x0000,0x0000,0x0000,
    0x0000,0x0000,0x0000,0x0000,0x0000,0x0000,0x0000,0x0000,0x0000,0x0000,0x0000,0x0000,
    0x0000,0x0000,0x0000,0x0000,0x0000,0x0000,0x0000,0x0000,0x0000,0x0000,0x0000,0x0000,
    0x0000,0x0000,0x0000,0x0000,0x0000,0x0000,0x0000,0x0000,0x0000,0x0000,0x0000,0x0000,
    0x0000,0x0000,0x0000,0x0000,0x0000,0x0000,0x0000,0x0000,0x0000,0x0000,0x0000,0x0000,
    0x0000,0x0000,0x0000,0x0000,0x0000,0x0000,0xA218,0x4EFF,0x0CFE,0x0CF6,0x2CF6,0x2CF6,
    0x2CF6,0x2CF6,0x0CF6,0x2CF6,0xECF5,0xEEFE,0x2CF6,0x8441,0x0000,0xA893,0xA218,0x0000,
    0x4783,0xE89B,0x4BD5,0xEAC4,0x49AC,0x49AC,0x89BC,0x2CFE,0x29AC,0x0000,0x8BDD,0xCDFE,
    0xECF5,0x2CF6,0x2CF6,0x2CF6,0x2CF6,0x2CF6,0x2CF6,0x2CF6,0x2CF6,0x2CF6,0x0CF6,0xADFE,
    0x4BD5,0x0000,0x2ACD,0x4BD5,0x6BDD,0x4BD5,0x4BD5,0x4BD5,0x4BD5,0x4BD5,0x4BD5,0x4AD5,
    0x2AD5,0x50EE,0x2DFE,0xADFE,0x6439,0x4CD5,0x8CFE,0x0CF6,0x2CF6,0x2CF6,0x2CF6,0x2CF6,
    0x2CF6,0x2CF6,0x2CF6,0x2CF6,0x0CF6,0x2CFE,0x0DF6,0xCCE5,0xEDED,0xA9ED,0x50EE,0xD2FE,
    0xEBF5,0x4EFF,0x4339,0xEAC4,0x0329,0x0000,0x0000,0x0000,0x0000,0x0000,0x0000,0x0000,
    0x0000,0x0000,0x0000,0x0000,0x0000,0x0000,0x0000,0x0000,0x0000,0x0000,0x0000,0x0000,
    0x0000,0x0000,0x0000,0x0000,0x0000,0x0000,0x0000,0x0000,0x0000,0x0000,0x0000,0x0000,
    0x0000,0x0000,0x0000,0x0000,0x0000,0x0000,0x0000,0x0000,0x0000,0x0000,0x0000,0x0000,
    0x0000,0x0000,0x0000,0x0000,0x0000,0x0000,0x0000,0x0000,0x0000,0x0000,0x0000,0x0000,
    0x0000,0x0000,0x0000,0x0000,0x0000,0x0000,0x0000,0x0000,0x0000,0x0000,0x0000,0x0000,
    0x0000,0x0000,0x0000,0x0000,0x0000,0x0000,0x0000,0x0000,0x0000,0x0000,0x0000,0xE8A3,
    0xEEFE,0xECF5,0x2CF6,0x2CF6,0x2CF6,0x2CF6,0x2CF6,0x0CF6,0x4EFF,0xEAC4,0x0000,0x4331,
    0x89B4,0x4BD5,0x2ACD,0x4783,0x0000,0x0000,0x8218,0xC672,0x0ACD,0x0AC5,0x29A4,0x8BDD,
    0x478B,0x0000,0x8FFF,0x0CF6,0x2CF6,0x2CF6,0x2CF6,0x2CF6,0x2CF6,0x2CF6,0x2CF6,0x2CF6,
    0x2CF6,0x2CF6,0x0CF6,0xADFE,0x6BDD,0x0000,0xCAC4,0xABE5,0x4BD5,0x4BD5,0x4BD5,0x4BD5,
    0x4BD5,0x4BD5,0x4BD5,0x2AD5,0xADDD,0x70F6,0x4CFE,0xABE5,0x0100,0x30FF,0x2CFE,0x0CF6,
    0x2CF6,0x2CF6,0x0CF6,0x2CF6,0x2CF6,0x0CF6,0x2CF6,0x2CF6,0x0CF6,0x2DFE,0x78FF,0xF6F6,
    0xF5FE,0x51EE,0xD6F6,0xF4FE,0xAAED,0x6FFF,0xC449,0xC672,0x49AC,0x0000,0x0000,0x0000,
    0x0000,0x0000,0x0000,0x0000,0x0000,0x0000,0x0000,0x0000,0x0000,0x0000,0x0000,0x0000,
    0x0000,0x0000,0x0000,0x0000,0x0000,0x0000,0x0000,0x0000,0x0000,0x0000,0x0000,0x0000,
    0x0000,0x0000,0x0000,0x0000,0x0000,0x0000,0x0000,0x0000,0x0000,0x0000,0x0000,0x0000,
    0x0000,0x0000,0x0000,0x0000,0x0000,0x0000,0x0000,0x0000,0x0000,0x0000,0x0000,0x0000,
    0x0000,0x0000,0x0000,0x0000,0x0000,0x0000,0x0000,0x0000,0x0000,0x0000,0x0000,0x0000,
    0x0000,0x0000,0x0000,0x0000,0x0000,0x0000,0x0000,0x0000,0x0000,0x0000,0x0000,0x0000,
    0x0000,0x0000,0x0000,0xA88B,0x6FFF,0xECF5,0x2CF6,0x2CF6,0x2CF6,0x2CF6,0x0CF6,0xCDFE,
    0xCAC4,0x0000,0xAABC,0x6BD5,0x89B4,0x29AC,0x49AC,0xEAC4,0x0ACD,0x0AC5,0xE449,0x0000,
    0x8218,0x277B,0xAABC,0xECED,0x0000,0xA66A,0x0EFF,0x0CF6,0x2CF6,0x2CF6,0x2CF6,0x2CF6,
    0x2CF6,0x2CF6,0x2CF6,0x2CF6,0x0CF6,0x2CFE,0xECF5,0xEDFE,0x0DEE,0x0000,0x4562,0xCCE5,
    0x4BD5,0x4BD5,0x4BD5,0x4BD5,0x4BD5,0x4BD5,0x4BD5,0x2AD5,0xADDD,0x70F6,0x4CFE,0x4CFE,
    0xA218,0x6FFE,0x2CFE,0x0CF6,0x0CF6,0x0CF6,0x0CF6,0x2CF6,0xECF5,0x0CF6,0xECF5,0xECF5,
    0x2CF6,0x0BF6,0x4DFE,0x71EE,0xD4FE,0x56FF,0x92EE,0xEBF5,0x2CFE,0xCDFE,0xEAC4,0xA66A,
    0x6783,0x0000,0x0000,0x0000,0x0000,0x0000,0x0000,0x0000,0x0000,0x0000,0x0000,0x0000,
    0x0000,0x0000,0x0000,0x0000,0x0000,0x0000,0x0000,0x0000,0x0000,0x0000,0x0000,0x0000,
    0x0000,0x0000,0x0000,0x0000,0x0000,0x0000,0x0000,0x0000,0x0000,0x0000,0x0000,0x0000,
    0x0000,0x0000,0x0000,0x0000,0x0000,0x0000,0x0000,0x0000,0x0000,0x0000,0x0000,0x0000,
    0x0000,0x0000,0x0000,0x0000,0x0000,0x0000,0x0000,0x0000,0x0000,0x0000,0x0000,0x0000,
    0x0000,0x0000,0x0000,0x0000,0x0000,0x0000,0x0000,0x0000,0x0000,0x0000,0x0000,0x0000,
    0x0000,0x0000,0x0000,0x0000,0x0000,0x0000,0x0000,0x2331,0x8DFE,0x2CFE,0x0CF6,0x2CF6,
    0x2CF6,0x0CF6,0x2CFE,0xEEFE,0x0000,0xC220,0x6BDD,0x09A4,0x49AC,0x69AC,0x49AC,0x08A4,
    0xEAC4,0xCABC,0x0329,0x0000,0x0000,0x0000,0x0000,0xE451,0xC220,0x6DFE,0x6DFE,0x0CF6,
    0x2CF6,0x2CF6,0x2CF6,0x2CF6,0x2CF6,0x2CF6,0x2CF6,0x2CF6,0x2CF6,0xECF5,0xCEFE,0x6EFE,
    0x0000,0x0000,0x0000,0xCABC,0xABE5,0x4BD5,0x4BD5,0x4BD5,0x4BD5,0x4BD5,0x4BD5,0x2AD5,
    0xCDE5,0x71F6,0x8CFE,0x4BD5,0x0000,0x32FF,0x2CFE,0x0CF6,0x2CF6,0x2CF6,0x2CF6,0x0CF6,
    0xEEFE,0xEEFE,0x2EFF,0xEEFE,0x0CF6,0x2CF6,0x0BF6,0xEBF5,0xB4F6,0x15FF,0x30EE,0x0BFE,
    0x0CF6,0xCDFE,0xEEFE,0x0000,0x49AC,0x0329,0x0000,0x0000,0x0000,0x0000,0x0000,0x0000,
    0x0000,0x0000,0x0000,0x0000,0x0000,0x0000,0x0000,0x0000,0x0000,0x0000,0x0000,0x0000,
    0x0000,0x0000,0x0000,0x0000,0x0000,0x0000,0x0000,0x0000,0x0000,0x0000,0x0000,0x0000,
    0x0000,0x0000,0x0000,0x0000,0x0000,0x0000,0x0000,0x0000,0x0000,0x0000,0x0000,0x0000,
    0x0000,0x0000,0x0000,0x0000,0x0000,0x0000,0x0000,0x0000,0x0000,0x0000,0x0000,0x0000,
    0x0000,0x0000,0x0000,0x0000,0x0000,0x0000,0x0000,0x0000,0x0000,0x0000,0x0000,0x0000,
    0x0000,0x0000,0x0000,0x0000,0x0000,0x0000,0x0000,0x0000,0x0000,0x0000,0x0000,0xC220,
    0x8DFE,0x2CFE,0x0CF6,0x2CF6,0x2CF6,0x0CF6,0x2CFE,0xCDFE,0x0000,0xA893,0xCABC,0x49AC,
    0x69AC,0x49AC,0xAABC,0x4BD5,0x89B4,0x0000,0x0000,0x0000,0x0000,0x0000,0x8210,0x0000,
    0xE320,0x8EFE,0x4CFE,0x0CF6,0x2CF6,0x2CF6,0x2CF6,0x2CF6,0x2CF6,0x2CF6,0x2CF6,0x2CF6,
    0x0CF6,0x6CFE,0xAEFE,0x0100,0x0229,0xACE5,0x455A,0x6210,0xCCED,0x8BDD,0x4BD5,0x4BD5,
    0x4BD5,0x4BD5,0x4BD5,0x2AD5,0x6CD5,0xEDE5,0x8CFE,0xEDED,0x0000,0x12FF,0x2CFE,0x0CF6,
    0x2CF6,0x2CF6,0x0CF6,0xADFE,0x88C4,0x4018,0xC251,0xCAC4,0x2EFF,0x0CF6,0x2CF6,0x0BF6,
    0x71F6,0xF6F6,0xD2FE,0x2DFF,0x4431,0x0000,0x8BDD,0xA220,0x0ACD,0xE220,0x0000,0x0000,
    0x0000,0x0000,0x0000,0x0000,0x0000,0x0000,0x0000,0x0000,0x0000,0x0000,0x0000,0x0000,
    0x0000,0x0000,0x0000,0x0000,0x0000,0x0000,0x0000,0x0000,0x0000,0x0000,0x0000,0x0000,
    0x0000,0x0000,0x0000,0x0000,0x0000,0x0000,0x0000,0x0000,0x0000,0x0000,0x0000,0x0000,
    0x0000,0x0000,0x0000,0x0000,0x0000,0x0000,0x0000,0x0000,0x0000,0x0000,0x0000,0x0000,
    0x0000,0x0000,0x0000,0x0000,0x0000,0x0000,0x0000,0x0000,0x0000,0x0000,0x0000,0x0000,
    0x0000,0x0000,0x0000,0x0000,0x0000,0x0000,0x0000,0x0000,0x0000,0x0000,0x0000,0x0000,
    0x0000,0x0000,0x0000,0x699C,0x6FFF,0xECF5,0x2CF6,0x2CF6,0x2CF6,0x2CF6,0xECF5,0x2EFF,
    0x678B,0x678B,0xEAC4,0x49AC,0x49AC,0xAABC,0x69AC,0xA441,0x0000,0x0000,0x0000,0x0000,
    0x0000,0x0000,0x0000,0x0000,0x0000,0x2683,0x6FFF,0xECF5,0x2CF6,0x2CF6,0x2CF6,0x2CF6,
    0x2CF6,0x2CF6,0x2CF6,0x2CF6,0x0CF6,0x2EFF,0x856A,0x0000,0xACE5,0x89B4,0x2BCD,0x0000,
    0x4108,0xCCED,0x8BDD,0x4BD5,0x4BD5,0x4BD5,0x4BD5,0x4BD5,0x0ACD,0x0EEE,0x2EFF,0x4239,
    0xA318,0x52FF,0x0CF6,0x0CF6,0x2CF6,0x0CF6,0x8DFE,0xCAF5,0xE610,0xFFFF,0xA831,0x0000,
    0x49AC,0x6FFF,0x0CF6,0x0BF6,0x71EE,0x16FF,0x31EE,0xE6A3,0x6C4A,0x0000,0xA56A,0x4783,
    0x2CF6,0x0329,0x0000,0x0000,0x0000,0x0000,0x0000,0x0000,0x0000,0x0000,0x0000,0x0000,
    0x0000,0x0000,0x0000,0x0000,0x0000,0x0000,0x0000,0x0000,0x0000,0x0000,0x0000,0x0000,
    0x0000,0x0000,0x0000,0x0000,0x0000,0x0000,0x0000,0x0000,0x0000,0x0000,0x0000,0x0000,
    0x0000,0x0000,0x0000,0x0000,0x0000,0x0000,0x0000,0x0000,0x0000,0x0000,0x0000,0x0000,
    0x0000,0x0000,0x0000,0x0000,0x0000,0x0000,0x0000,0x0000,0x0000,0x0000,0x0000,0x0000,
    0x0000,0x0000,0x0000,0x0000,0x0000,0x0000,0x0000,0x0000,0x0000,0x0000,0x0000,0x0000,
    0x0000,0x0000,0x0000,0x0000,0x0000,0x0000,0x0000,0x856A,0x2EFF,0x0CF6,0x2CF6,0x2CF6,
    0x2CF6,0x2CF6,0xECF5,0x2EFF,0x478B,0x2100,0x4BD5,0x29AC,0x69B4,0xAABC,0x0000,0x0000,
    0x0000,0x0000,0x0000,0x0000,0x0000,0x0000,0x0000,0x0000,0x0000,0x6210,0x6DFE,0x6DFE,
    0x0CF6,0x2CF6,0x2CF6,0x2CF6,0x2CF6,0x2CF6,0x2CF6,0x0CF6,0x0CF6,0x0EFF,0x0000,0xE672,
    0x0AC5,0x29A4,0x89B4,0xEAC4,0x0000,0x6339,0x2CF6,0x2ACD,0x6BDD,0x4BD5,0x4BD5,0x4BD5,
    0x2AD5,0x6CD5,0xF4FF,0x8118,0xAA83,0x70FF,0xCBF5,0x2CF6,0x2CF6,0xECF5,0x6FFF,0xA251,
    0x2E5B,0xFFFF,0xA639,0x0000,0x0000,0xE8A3,0xCDFE,0x0CF6,0xB5F6,0xB6FF,0x6531,0x2583,
    0x0000,0x0000,0x678B,0x866A,0x455A,0x0000,0x0000,0x0000,0x0000,0x0000,0x0000,0x0000,
    0x0000,0x0000,0x0000,0x0000,0x0000,0x0000,0x0000,0x0000,0x0000,0x0000,0x0000,0x0000,
    0x0000,0x0000,0x0000,0x0000,0x0000,0x0000,0x0000,0x0000,0x0000,0x0000,0x0000,0x0000,
    0x0000,0x0000,0x0000,0x0000,0x0000,0x0000,0x0000,0x0000,0x0000,0x0000,0x0000,0x0000,
    0x0000,0x0000,0x0000,0x0000,0x0000,0x0000,0x0000,0x0000,0x0000,0x0000,0x0000,0x0000,
    0x0000,0x0000,0x0000,0x0000,0x0000,0x0000,0x0000,0x0000,0x0000,0x0000,0x0000,0x0000,
    0x0000,0x0000,0x0000,0x0000,0x0000,0x0000,0x0000,0x0000,0x0000,0x0000,0x0000,0x0000,
    0x0CEE,0xCDFE,0x0CF6,0x2CF6,0x2CF6,0x2CF6,0x0CF6,0x6DFE,0xCCED,0x6339,0x2ACD,0x49AC,
    0x89B4,0xAABC,0x0100,0x0000,0x0000,0x0000,0x0000,0x0000,0x0000,0x0000,0x0000,0x0000,
    0x0000,0x0000,0x878B,0x8FFF,0xECF5,0x2CF6,0x2CF6,0x2CF6,0x2CF6,0x2CF6,0x2CF6,0x0CF6,
    0x0CF6,0x2EFF,0x0000,0xA893,0xEAC4,0x29A4,0x49AC,0xCABC,0xCABC,0x0000,0x678B,0xCCE5,
    0x4BD5,0x4BD5,0x8BDD,0x4BD5,0x4BD5,0x8BE5,0xCEE5,0x0000,0x4BA4,0xADFE,0x0CF6,0x2CF6,
    0x0CF6,0x2CF6,0xEEFE,0x4331,0x0000,0x0000,0x0000,0x8218,0x0000,0x0100,0xEEFE,0x0CF6,
    0x73EE,0xF7FF,0xCEAC,0x4462,0x2108,0x0000,0xA893,0x6110,0x0000,0x0000,0x0000,0x0000,
    0x0000,0x0000,0x0000,0x0000,0x0000,0x0000,0x0000,0x0000,0x0000,0x0000,0x0000,0x0000,
    0x0000,0x0000,0x0000,0x0000,0x0000,0x0000,0x0000,0x0000,0x0000,0x0000,0x0000,0x0000,
    0x0000,0x0000,0x0000,0x0000,0x0000,0x0000,0x0000,0x0000,0x0000,0x0000,0x0000,0x0000,
    0x0000,0x0000,0x0000,0x0000,0x0000,0x0000,0x0000,0x0000,0x0000,0x0000,0x0000,0x0000,
    0x0000,0x0000,0x0000,0x0000,0x0000,0x0000,0x0000,0x0000,0x0000,0x0000,0x0000,0x0000,
    0x0000,0x0000,0x0000,0x0000,0x0000,0x0000,0x0000,0x0000,0x0000,0x0000,0x0000,0x0000,
    0x0000,0x0000,0x0000,0x0000,0x2108,0x0EFF,0x6DFE,0x0CF6,0x2CF6,0x2CF6,0x2CF6,0x0CF6,
    0x2EFF,0x6110,0x8893,0xAABC,0xAABC,0x29A4,0x2108,0x0000,0x0000,0x0000,0x0000,0x0000,
    0x0000,0x0000,0x0000,0x0000,0x0000,0x0000,0x0000,0x0AC5,0xEEFE,0xECF5,0x2CF6,0x2CF6,
    0x2CF6,0x2CF6,0x2CF6,0x2CF6,0x0CF6,0x0EFF,0x6110,0x8662,0x8BDD,0xEAC4,0x29AC,0x29A4,
    0x0ACD,0x4562,0x0000,0x8439,0xCABC,0x0ACD,0xCAC4,0x8BDD,0x6BDD,0x8BDD,0x2008,0x064A,
    0x70FF,0xEBF5,0x2CF6,0x2CF6,0x0CF6,0x8DFE,0xABE5,0x0000,0x4210,0x8218,0x6210,0x6110,
    0x0000,0xA218,0x0EFF,0xEBF5,0x72EE,0xD7FF,0xCDB4,0x0000,0x0000,0x866A,0xC672,0x0000,
    0x0000,0x0000,0x0000,0x0000,0x0000,0x0000,0x0000,0x0000,0x0000,0x0000,0x0000,0x0000,
    0x0000,0x0000,0x0000,0x0000,0x0000,0x0000,0x0000,0x0000,0x0000,0x0000,0x0000,0x0000,
    0x0000,0x0000,0x0000,0x0000,0x0000,0x0000,0x0000,0x0000,0x0000,0x0000,0x0000,0x0000,
    0x0000,0x0000,0x0000,0x0000,0x0000,0x0000,0x0000,0x0000,0x0000,0x0000,0x0000,0x0000,
    0x0000,0x0000,0x0000,0x0000,0x0000,0x0000,0x0000,0x0000,0x0000,0x0000,0x0000,0x0000,
    0x0000,0x0000,0x0000,0x0000,0x0000,0x0000,0x0000,0x0000,0x0000,0x0000,0x0000,0x0000,
    0x0000,0x0000,0x0000,0x0000,0x0000,0x0000,0x0000,0x0000,0x0000,0x067B,0x2EFF,0x0CF6,
    0x0CF6,0x2CF6,0x2CF6,0x0CF6,0x0EFF,0x0000,0x678B,0xCABC,0x2BCD,0x8441,0x0000,0x0000,
    0x0000,0x0000,0x0000,0x0000,0x0000,0x0000,0x0000,0x0000,0x0000,0x0000,0x0000,0x6339,
    0x6FFF,0x0CF6,0x2CF6,0x2CF6,0x2CF6,0x2CF6,0x2CF6,0x2CF6,0xECF5,0x0EFF,0x0ACD,0x0000,
    0xE228,0x878B,0x6BDD,0xA9BC,0x69AC,0x6BDD,0x455A,0x0000,0x2108,0xC672,0x69AC,0xE89B,
    0xAABC,0xE228,0x0000,0xEDED,0x6DFE,0x0CF6,0x0CF6,0x2CF6,0x2CF6,0xECF5,0x6FFF,0xE451,
    0x0000,0x4110,0x2108,0x6110,0x0000,0xE220,0x0EFF,0x89ED,0x71F6,0x56FF,0xD5FF,0x4339,
    0x0000,0xA9BC,0x69B4,0x0000,0x0000,0x0000,0x0000,0x0000,0x0000,0x0000,0x0000,0x0000,
    0x0000,0x0000,0x0000,0x0000,0x0000,0x0000,0x0000,0x0000,0x0000,0x0000,0x0000,0x0000,
    0x0000,0x0000,0x0000,0x0000,0x0000,0x0000,0x0000,0x0000,0x0000,0x0000,0x0000,0x0000,
    0x0000,0x0000,0x0000,0x0000,0x0000,0x0000,0x0000,0x0000,0x0000,0x0000,0x0000,0x0000,
    0x0000,0x0000,0x0000,0x0000,0x0000,0x0000,0x0000,0x0000,0x0000,0x0000,0x0000,0x0000,
    0x0000,0x0000,0x0000,0x0000,0x0000,0x0000,0x0000,0x0000,0x0000,0x0000,0x0000,0x0000,
    0x0000,0x0000,0x0000,0x0000,0x0000,0x0000,0x0000,0x0000,0x0000,0x0000,0x0000,0x0000,
    0x0000,0x0000,0x4BDD,0xADFE,0x0CF6,0x2CF6,0x2CF6,0xECF5,0x2EFF,0x08A4,0x0329,0xEAC4,
    0x2BCD,0x6562,0x0000,0x0000,0x0000,0x0000,0x0000,0x0000,0x0000,0x0000,0x0000,0x0000,
    0x0000,0x0000,0x0000,0x0000,0x0ACD,0xEEFE,0xECF5,0x2CF6,0x2CF6,0x2CF6,0x2CF6,0x2CF6,
    0xECF5,0x0EFF,0x69BC,0x0000,0x0000,0x0100,0x455A,0x69AC,0xAABC,0xCAC4,0xCCE5,0x8BDD,
    0x2783,0x2108,0x0000,0x0000,0x0000,0x0000,0x49AC,0xABE5,0x4CFE,0x0CF6,0x2CF6,0x2CF6,
    0x2CF6,0x0CF6,0xCEFE,0x29AC,0x0000,0x8310,0x8210,0x8118,0x0000,0xAABC,0xACFE,0xCDE5,
    0x15FF,0x15FF,0x15FF,0xF8FF,0xAB8B,0x0000,0x0452,0x6210,0x0000,0x0000,0x0000,0x0000,
    0x0000,0x0000,0x0000,0x0000,0x0000,0x0000,0x0000,0x0000,0x0000,0x0000,0x0000,0x0000,
    0x0000,0x0000,0x0000,0x0000,0x0000,0x0000,0x0000,0x0000,0x0000,0x0000,0x0000,0x0000,
    0x0000,0x0000,0x0000,0x0000,0x0000,0x0000,0x0000,0x0000,0x0000,0x0000,0x0000,0x0000,
    0x0000,0x0000,0x0000,0x0000,0x0000,0x0000,0x0000,0x0000,0x0000,0x0000,0x0000,0x0000,
    0x0000,0x0000,0x0000,0x0000,0x0000,0x0000,0x0000,0x0000,0x0000,0x0000,0x0000,0x0000,
    0x0000,0x0000,0x0000,0x0000,0x0000,0x0000,0x0000,0x0000,0x0000,0x0000,0x0000,0x0000,
    0x0000,0x0000,0x0000,0x0000,0x0000,0x0000,0xA441,0x8FFF,0xECF5,0x2CF6,0x2CF6,0x0CF6,
    0x8DFE,0x4BDD,0x2108,0xCCE5,0x2BCD,0x2331,0x0000,0x0000,0x0000,0x0000,0x0000,0x0000,
    0x0000,0x0000,0x0000,0x0000,0x0000,0x0000,0x0000,0x0000,0x6339,0x6FFF,0x0CF6,0x2CF6,
    0x2CF6,0x2CF6,0x2CF6,0x2CF6,0xECF5,0x0EFF,0x29AC,0x0000,0x0000,0x0000,0x0000,0x2108,
    0x0000,0x4108,0xC449,0xA893,0x4BD5,0x2BCD,0x49AC,0xAABC,0x89B4,0xAABC,0x89B4,0x4DFE,
    0x2CFE,0x0CF6,0x2CF6,0x2CF6,0x2CF6,0x2CF6,0x0CF6,0x8FFF,0xA69B,0x4821,0x4300,0x0000,
    0x0100,0x69E5,0x4EF6,0x16FF,0x15FF,0xF4FE,0xF4FE,0x35FF,0xF7FF,0x35FF,0x0000,0x0000,
    0x6110,0x0000,0x0000,0x0000,0x0000,0x0000,0x0000,0x0000,0x0000,0x0000,0x0000,0x0000,
    0x0000,0x0000,0x0000,0x0000,0x0000,0x0000,0x0000,0x0000,0x0000,0x0000,0x0000,0x0000,
    0x0000,0x0000,0x0000,0x0000,0x0000,0x0000,0x0000,0x0000,0x0000,0x0000,0x0000,0x0000,
    0x0000,0x0000,0x0000,0x0000,0x0000,0x0000,0x0000,0x0000,0x0000,0x0000,0x0000,0x0000,
    0x0000,0x0000,0x0000,0x0000,0x0000,0x0000,0x0000,0x0000,0x0000,0x0000,0x0000,0x0000,
    0x0000,0x0000,0x0000,0x0000,0x0000,0x0000,0x0000,0x0000,0x0000,0x0000,0x0000,0x0000,
    0x0000,0x0000,0x0000,0x0000,0x0000,0x0000,0x0000,0x0000,0x0000,0x0000,0xE328,0xADFE,
    0x4DFE,0x0CF6,0x2CF6,0x2CF6,0xECF5,0x6FFF,0x245A,0x0231,0x4339,0x0000,0x0000,0x0000,
    0x0000,0x0000,0x0000,0x0000,0x0000,0x0000,0x0000,0x0000,0x0000,0x0000,0x0000,0x0000,
    0x0000,0x0ACD,0xEEFE,0xECF5,0x2CF6,0x2CF6,0x2CF6,0x2CF6,0x0CF6,0x8DFE,0xABE5,0x0000,
    0x0100,0x0000,0x0000,0x0000,0x4339,0x455A,0xA218,0x8339,0x6339,0x08A4,0x6BDD,0x69B4,
    0x89B4,0x29A4,0x89B4,0x2CFE,0x2CFE,0x4CFE,0x0CF6,0x2CF6,0x0CF6,0x2CF6,0x2CF6,0x0CF6,
    0xEEFE,0x0BF6,0xE8A3,0x856A,0x8DFE,0x4DFE,0xF5FE,0x35FF,0xF4FE,0x14FF,0xF4FE,0xF5FE,
    0xD4FE,0x96FF,0xF8FF,0x4DA4,0x0000,0x0000,0x0100,0x0000,0x0000,0x0000,0x0000,0x0000,
    0x0000,0x0000,0x0000,0x0000,0x0000,0x0000,0x0000,0x0000,0x0000,0x0000,0x0000,0x0000,
    0x0000,0x0000,0x0000,0x0000,0x0000,0x0000,0x0000,0x0000,0x0000,0x0000,0x0000,0x0000,
    0x0000,0x0000,0x0000,0x0000,0x0000,0x0000,0x0000,0x0000,0x0000,0x0000,0x0000,0x0000,
    0x0000,0x0000,0x0000,0x0000,0x0000,0x0000,0x0000,0x0000,0x0000,0x0000,0x0000,0x0000,
    0x0000,0x0000,0x0000,0x0000,0x0000,0x0000,0x0000,0x0000,0x0000,0x0000,0x0000,0x0000,
    0x0000,0x0000,0x0000,0x0000,0x0000,0x0000,0x0000,0x0000,0x0000,0x0000,0x0000,0x0000,
    0x0000,0x0000,0x0000,0xC89B,0x6FFF,0xECF5,0x2CF6,0x2CF6,0x0CF6,0x4BFE,0xEDE5,0xE520,
    0x0000,0x0000,0x0000,0x0000,0x0000,0x0000,0x0000,0x0000,0x0000,0x0000,0x0000,0x0000,
    0x0000,0x0000,0x0000,0x0000,0x0000,0x6339,0x4EFF,0x0CF6,0x0CF6,0x2CF6,0x0CF6,0x2CF6,
    0x2CF6,0xECF5,0x8FFF,0x6562,0x0000,0x0000,0x0000,0x0000,0x0000,0xE451,0x0CEE,0x4BD5,
    0xAABC,0x0000,0xA441,0x6BD5,0x49AC,0x29A4,0x2ACD,0x0ACD,0xEAC4,0xCBED,0x2CFE,0x0CF6,
    0x2CFE,0x2CF6,0x2CF6,0x0CF6,0x0CF6,0x8DFE,0xACFE,0xCEFE,0xF3FE,0x15FF,0x15FF,0xF4FE,
    0x14FF,0x14FF,0x15FF,0x95FF,0xF6FF,0xF7FF,0xF7FF,0xFAFF,0xF7FF,0x4DCD,0x0000,0x0000,
    0x0000,0x0000,0x0000,0x0000,0x0000,0x0000,0x0000,0x0000,0x0000,0x0000,0x0000,0x0000,
    0x0000,0x0000,0x0000,0x0000,0x0000,0x0000,0x0000,0x0000,0x0000,0x0000,0x0000,0x0000,
    0x0000,0x0000,0x0000,0x0000,0x0000,0x0000,0x0000,0x0000,0x0000,0x0000,0x0000,0x0000,
    0x0000,0x0000,0x0000,0x0000,0x0000,0x0000,0x0000,0x0000,0x0000,0x0000,0x0000,0x0000,
    0x0000,0x0000,0x0000,0x0000,0x0000,0x0000,0x0000,0x0000,0x0000,0x0000,0x0000,0x0000,
    0x0000,0x0000,0x0000,0x0000,0x0000,0x0000,0x0000,0x0000,0x0000,0x0000,0x0000,0x0000,
    0x0000,0x0000,0x0000,0x0000,0x0000,0x0000,0x0000,0x0000,0xABDD,0xCDFE,0xEBF5,0xEBF5,
    0xEBF5,0xB2FE,0x56FF,0xFAFF,0x93EE,0x4118,0x0000,0x0000,0x0000,0x0000,0x0000,0x0000,
    0x0000,0x0000,0x0000,0x0000,0x0000,0x0000,0x0000,0x0000,0x0000,0x0000,0xEBC4,0xEDFE,
    0x0CF6,0x2CF6,0x2CF6,0x2CF6,0x2CF6,0x0CF6,0xCEFE,0xCCDD,0x0000,0x0000,0x0000,0x0000,
    0x0000,0x0000,0x077B,0x0AC5,0xAABC,0x29AC,0x0000,0xA441,0x4BD5,0x29A4,0x0ACD,0xABE5,
    0xE9C4,0xADDD,0x4FF6,0x2DFE,0x0BF6,0x0CF6,0x0CF6,0x2CF6,0x2CFE,0xCBED,0x8BE5,0x93EE,
    0x36FF,0x14FF,0xF4FE,0x14FF,0xF4FE,0xF5FE,0xB6FF,0x09AC,0x2120,0x2539,0xCB93,0x70F6,
    0x0CA4,0x6C8B,0x4429,0x0000,0x0000,0x0000,0x0000,0x0000,0x0000,0x0000,0x0000,0x0000,
    0x0000,0x0000,0x0000,0x0000,0x0000,0x0000,0x0000,0x0000,0x0000,0x0000,0x0000,0x0000,
    0x0000,0x0000,0x0000,0x0000,0x0000,0x0000,0x0000,0x0000,0x0000,0x0000,0x0000,0x0000,
    0x0000,0x0000,0x0000,0x0000,0x0000,0x0000,0x0000,0x0000,0x0000,0x0000,0x0000,0x0000,
    0x0000,0x0000,0x0000,0x0000,0x0000,0x0000,0x0000,0x0000,0x0000,0x0000,0x0000,0x0000,
    0x0000,0x0000,0x0000,0x0000,0x0000,0x0000,0x0000,0x0000,0x0000,0x0000,0x0000,0x0000,
    0x0000,0x0000,0x0000,0x0000,0x0000,0x0000,0x0000,0x0000,0x0000,0x0000,0x0000,0x0000,
    0xE228,0x2FFF,0x0CF6,0x6FFE,0x14FF,0x77FF,0xD4FE,0xF4FE,0xF9FF,0xFCFF,0xF1DD,0x0000,
    0x0000,0x0000,0x0000,0x0000,0x0000,0x0000,0x0000,0x0000,0x0000,0x0000,0x0000,0x0000,
    0x0000,0x0000,0x6439,0x4FFF,0xECF5,0x2CF6,0x0CF6,0x0CF6,0xEBF5,0x89ED,0xCCFE,0x08A4,
    0x0000,0x0000,0x0000,0x0000,0x0000,0x0000,0x0000,0x29A4,0xA9B4,0xEAC4,0x69AC,0x0000,
    0x455A,0x4BD5,0x08A4,0xAABC,0x6BDD,0x8CDD,0x4BD5,0xADDD,0x0DF6,0x4DFE,0x4DFE,0x0BFE,
    0xCBED,0x72EE,0x15FF,0x35FF,0xF4FE,0xF4FE,0x14FF,0x14FF,0xF4FE,0x56FF,0x6FF6,0xEC6A,
    0xF69C,0x0000,0x0000,0x0000,0x0000,0x8841,0x2429,0x0000,0x0000,0x0000,0x0000,0x0000,
    0x0000,0x0000,0x0000,0x0000,0x0000,0x0000,0x0000,0x0000,0x0000,0x0000,0x0000,0x4110,
    0x6110,0x0000,0x0000,0x0000,0x0000,0x6110,0x4110,0x6210,0x0000,0x0000,0x0000,0x0000,
    0x0000,0x0000,0x0000,0x0000,0x0000,0x0000,0x0000,0x0000,0x0000,0x0000,0x0000,0x0000,
    0x0000,0x0000,0x0000,0x0000,0x0000,0x0000,0x0000,0x0000,0x0000,0x0000,0x0000,0x0000,
    0x0000,0x0000,0x0000,0x0000,0x0000,0x0000,0x0000,0x0000,0x0000,0x0000,0x0000,0x0000,
    0x0000,0x0000,0x0000,0x0000,0x0000,0x0000,0x0000,0x0000,0x0000,0x0000,0x0000,0x0000,
    0x0000,0x0000,0x0000,0x0000,0xC96A,0xF9FF,0x15FF,0x36FF,0x15FF,0x93E6,0xF7FF,0x93F6,
    0x6439,0xAB8B,0xFAFF,0xF8FF,0xA86A,0x0000,0x0000,0x0000,0x0000,0x0000,0x0000,0x0000,
    0x0000,0x0000,0x0000,0x0000,0x0000,0x0000,0x0000,0x6CD5,0x0EFF,0xEBF5,0x0CF6,0xEBF5,
    0xF0FE,0xB5FF,0x53FF,0xAB83,0x6A83,0xEFB4,0x2FC5,0x675A,0x0000,0x0000,0x0000,0xC449,
    0x4BD5,0x29A4,0xEAC4,0x089C,0x0000,0x89B4,0xEAC4,0xE89B,0x89B4,0x6BDD,0x2AD5,0x4AD5,
    0xADDD,0x30EE,0x6CDD,0x0EEE,0x92F6,0x77FF,0x35FF,0x14FF,0xF4FE,0xF4FE,0x14FF,0xF4FE,
    0xF5FE,0xB5FF,0xE9A3,0x8510,0xE741,0x0000,0x8210,0x6210,0x6108,0x0000,0x0000,0x4110,
    0x0000,0x0000,0x0000,0x0000,0x0000,0x0000,0x0000,0x0000,0x0000,0x0000,0x0000,0x0000,
    0x0000,0x0000,0x0000,0x4110,0x4110,0x0000,0x0000,0x0000,0x0000,0x4110,0x4110,0x0000,
    0x0000,0x0000,0x0000,0x0000,0x0000,0x0000,0x0000,0x0000,0x0000,0x0000,0x0000,0x0000,
    0x0000,0x0000,0x0000,0x0000,0x0000,0x0000,0x0000,0x0000,0x0000,0x0000,0x0000,0x0000,
    0x0000,0x0000,0x0000,0x0000,0x0000,0x0000,0x0000,0x0000,0x0000,0x0000,0x0000,0x0000,
    0x0000,0x0000,0x0000,0x0000,0x0000,0x0000,0x0000,0x0000,0x0000,0x0000,0x0000,0x0000,
    0x0000,0x0000,0x0000,0x0000,0x0000,0x0000,0x0000,0x0000,0xE320,0xF8FF,0xF4FE,0xF4FE,
    0x96FF,0xA86A,0x32DE,0xF8FF,0x32EE,0xE972,0x0000,0xAEAC,0xFEFF,0x6A83,0x0000,0x0000,
    0x0000,0x0000,0x0000,0x0000,0x0000,0x0000,0x0000,0x0000,0x0000,0x0000,0x0000,0x2208,
    0x8EFE,0x4CFE,0xD4FE,0xD8FF,0xCFAC,0x6B83,0xFBFF,0x50CD,0x4110,0xA862,0xFBFF,0xF9FF,
    0x52EE,0x0000,0x0000,0x0100,0x08A4,0xCABC,0x29A4,0x4BD5,0x4339,0x0000,0xAABC,0x4BD5,
    0x29A4,0x29A4,0x08A4,0xCAC4,0x4ADD,0x4AD5,0xEAC4,0x2BCD,0xA9C4,0x31E6,0xF5FE,0x35FF,
    0x35FF,0x15FF,0x14FF,0xF4FE,0xF4FE,0x95FF,0xCEBC,0x0000,0x0000,0x8218,0x6210,0x6210,
    0x0000,0x285A,0xAA8B,0x0000,0xA218,0x0000,0x0000,0x0000,0x0000,0x0000,0x0000,0x0000,
    0x0000,0x0000,0x0000,0x0000,0x0000,0x0000,0x0000,0x6110,0x4110,0x6110,0x0000,0x0000,
    0x4110,0x4110,0x6110,0x0000,0x0000,0x0000,0x0000,0x0000,0x0000,0x0000,0x0000,0x0000,
    0x0000,0x0000,0x0000,0x0000,0x0000,0x0000,0x0000,0x0000,0x0000,0x0000,0x0000,0x0000,
    0x0000,0x0000,0x0000,0x0000,0x0000,0x0000,0x0000,0x0000,0x0000,0x0000,0x0000,0x0000,
    0x0000,0x0000,0x0000,0x0000,0x0000,0x0000,0x0000,0x0000,0x0000,0x0000,0x0000,0x0000,
    0x0000,0x0000,0x0000,0x0000,0x0000,0x0000,0x0000,0x0000,0x0000,0x0000,0x0000,0x4339,
    0x455A,0xD7FF,0x35FF,0xD4FE,0xB6FF,0x53DE,0x0000,0xB3F6,0xF7FF,0xFAFF,0x70CD,0x0000,
    0x55FF,0xD4EE,0x0000,0x0000,0x0000,0x0000,0x0000,0x0000,0x0000,0x0000,0x0000,0x0000,
    0x0000,0x0000,0x0000,0x0000,0xE67A,0xF5FF,0x16FF,0x35FF,0x55FF,0x2108,0xCB93,0xF9FF,
    0xF9FF,0x4110,0x297B,0xF7FF,0xD7FF,0xD4F6,0x0008,0x0000,0xE449,0x4BD5,0x49AC,0x49AC,
    0x6BDD,0x6339,0x0000,0xE672,0x4BD5,0x2BCD,0xEAC4,0x0AC5,0x49AC,0x089C,0x2ACD,0x8BDD,
    0x2CF6,0x4ADD,0xE9C4,0x2ACD,0x35FF,0x36FF,0x35FF,0x15FF,0xF4FE,0x15FF,0xB6FF,0xE97A,
    0x0000,0x0000,0x0000,0x0000,0x8339,0x0DEE,0x099C,0x0000,0x0000,0x0000,0x0000,0x0000,
    0x0000,0x0000,0x0000,0x0000,0x0000,0x0000,0x0000,0x6110,0x4110,0x0000,0x0000,0x0000,
    0x4110,0x4110,0x6110,0x4110,0x4110,0x4110,0x0000,0x6110,0x4110,0x0000,0x0000,0x0000,
    0x0000,0x0000,0x0000,0x0000,0x0000,0x0000,0x0000,0x0000,0x0000,0x0000,0x0000,0x0000,
    0x0000,0x0000,0x0000,0x0000,0x0000,0x0000,0x0000,0x0000,0x0000,0x0000,0x0000,0x0000,
    0x0000,0x0000,0x0000,0x0000,0x0000,0x0000,0x0000,0x0000,0x0000,0x0000,0x0000,0x0000,
    0x0000,0x0000,0x0000,0x0000,0x0000,0x0000,0x0000,0x0000,0x0000,0x0000,0x0000,0x0000,
    0x0000,0x0000,0x0000,0xC672,0x6018,0x0C94,0xF7FF,0xD4FE,0xD4FE,0xF8FF,0xD1CD,0x2108,
    0xF7FF,0xB3FE,0xF9FF,0xAEAC,0xE649,0xFDFF,0xE328,0x0000,0x0000,0x0000,0x0000,0x0000,
    0x0000,0x0000,0x0000,0x0000,0x0000,0x0000,0x0000,0x0000,0x0000,0x96FF,0x55FF,0xD4FE,
    0x96FF,0xF9FF,0x0000,0x0FBD,0xF7FF,0x52E6,0x0000,0x76FF,0x73EE,0xF9FF,0x6431,0x0000,
    0x0100,0x08A4,0xAABC,0xE89B,0x49AC,0x4BD5,0x255A,0x0000,0x2331,0xA66A,0xE672,0xA66A,
    0x89B4,0x0AC5,0x6BD5,0x6110,0x8562,0x6BDD,0xCCED,0xC9C4,0x89B4,0x68B4,0x71F6,0x77FF,
    0x35FF,0x35FF,0x97FF,0xB4FF,0xCFE5,0x0652,0x8762,0xE220,0x49AC,0x2ACD,0xA218,0x0100,
    0x0000,0x0000,0x0000,0x0000,0x0000,0x0000,0x0000,0x0000,0x0000,0x0000,0x0000,0x6110,
    0x4110,0x4110,0x6110,0x0000,0x4110,0x4110,0x4110,0x4110,0x4110,0x4110,0x4110,0x4110,
    0x4110,0x0000,0x0000,0x0000,0x0000,0x0000,0x0000,0x0000,0x0000,0x0000,0x0000,0x0000,
    0x0000,0x0000,0x0000,0x0000,0x0000,0x0000,0x0000,0x0000,0x0000,0x0000,0x0000,0x0000,
    0x0000,0x0000,0x0000,0x0000,0x0000,0x0000,0x0000,0x0000,0x0000,0x0000,0x0000,0x0000,
    0x0000,0x0000,0x0000,0x0000,0x0000,0x0000,0x0000,0x0000,0x0000,0x0000,0x0000,0x0000,
    0x0000,0x0000,0x0000,0x0000,0x0000,0x0000,0x0000,0xAABC,0x2131,0x4D94,0xF8FF,0xD4FE,
    0x15FF,0xB4FE,0xFAFF,0x274A,0x6D9C,0xF8FF,0xB4FE,0xF9FF,0x0000,0x55FF,0x6A7B,0x0000,
    0x0000,0x0000,0x0000,0x0000,0x0000,0x0000,0x0000,0x0000,0x0000,0x0000,0x0000,0x0000,
    0x0000,0x6A7B,0xF8FF,0xB4FE,0xD4FE,0xF7FF,0x0000,0x12D6,0xB6FF,0xD4FE,0x2108,0x35FF,
    0xB3F6,0xF7FF,0x4431,0x0000,0x0000,0xA66A,0x2BCD,0x089C,0x09A4,0x49AC,0x2BCD,0xCAC4,
    0x6339,0x8210,0x0000,0x0000,0x8218,0x4110,0x6562,0xCABC,0x6562,0x2108,0x0552,0xCABC,
    0xCABC,0x48AC,0x69B4,0xAAB4,0xF1DD,0xF1D5,0xF0DD,0xAEDD,0x4FF6,0xF6FF,0x8ECD,0x0231,
    0x2DF6,0xEAC4,0x2108,0x0000,0x0000,0x0000,0x0000,0x0000,0x0000,0x0000,0x0000,0x0000,
    0x0000,0x6110,0x0000,0x0000,0x6110,0x4110,0x4110,0x4110,0x4110,0x4110,0x4110,0x4110,
    0x4110,0x4110,0x4110,0x4110,0x4110,0x4110,0x0000,0x0000,0x0000,0x0000,0x0000,0x0000,
    0x0000,0x0000,0x0000,0x0000,0x0000,0x0000,0x0000,0x0000,0x0000,0x0000,0x0000,0x0000,
    0x0000,0x0000,0x0000,0x0000,0x0000,0x0000,0x0000,0x0000,0x0000,0x0000,0x0000,0x0000,
    0x0000,0x0000,0x0000,0x0000,0x0000,0x0000,0x0000,0x0000,0x0000,0x0000,0x0000,0x0000,
    0x0000,0x0000,0x0000,0x0000,0x0000,0x0000,0x0000,0x0000,0x0000,0x0000,0x0000,0x29A4,
    0xC9C4,0x6210,0xF7FF,0xB4FE,0xD4FE,0xB3F6,0x76FF,0xB1CD,0xA86A,0xF7FF,0x93F6,0xD7FF,
    0x0000,0xF1DD,0x76FF,0x0000,0x0000,0x0000,0x0000,0x0000,0x0000,0x0000,0x0000,0x0000,
    0x0000,0x0000,0x0000,0x0000,0x0000,0x0000,0xD7FF,0xF7FF,0x55FF,0xF9FF,0xCB8B,0xE320,
    0xFAFF,0xF7FF,0xA862,0x55FF,0xF8FF,0xF8FF,0xA218,0x0000,0x0100,0xA220,0xABDD,0xAABC,
    0x69AC,0xAABC,0x29AC,0x89B4,0x6BD5,0x2BCD,0x4108,0x0000,0x0000,0x0000,0x0000,0x4108,
    0x2783,0xCABC,0x0552,0x0329,0x08A4,0xE89B,0x2BD5,0xEAC4,0xA9BC,0x88BC,0x88BC,0x89BC,
    0x68B4,0xE67A,0x0329,0x2108,0xC220,0x6110,0x0000,0x0000,0x0000,0x0000,0x0000,0x0000,
    0x0000,0x0000,0x0000,0x0000,0x6210,0x4110,0x4110,0x6110,0x4110,0x4110,0x4110,0x4110,
    0x4110,0x4110,0x4110,0x4110,0x4110,0x4110,0x4110,0x4110,0x4110,0x4110,0x4110,0x6110,
    0x4110,0x6210,0x0000,0x0000,0x0000,0x0000,0x0000,0x0000,0x0000,0x0000,0x0000,0x0000,
    0x0000,0x0000,0x0000,0x0000,0x0000,0x0000,0x0000,0x0000,0x0000,0x0000,0x0000,0x0000,
    0x0000,0x0000,0x0000,0x0000,0x0000,0x0000,0x0000,0x0000,0x0000,0x0000,0x0000,0x0000,
    0x0000,0x0000,0x0000,0x0000,0x0000,0x0000,0x0000,0x0000,0x0000,0x0000,0x0000,0x0000,
    0x0000,0x0000,0x0000,0x8893,0x08A4,0x0000,0xF8FF,0xFAFF,0xF8FF,0xF8FF,0xFAFF,0x35F7,
    0x0000,0xFBFF,0xF8FF,0xFCFF,0x50AD,0xF4EE,0xB3EE,0x0000,0x0000,0x0000,0x0000,0x0000,
    0x0000,0x0000,0x0000,0x0000,0x0000,0x0000,0x0000,0x0000,0x0000,0x0000,0x0329,0x55FF,
    0x73EE,0x96FF,0x8DAC,0xC86A,0xD7FF,0x90CD,0x0000,0x55FF,0x0FBD,0x6210,0x0000,0xA220,
    0x0000,0x0100,0x4339,0xE89B,0x09A4,0xE89B,0x2BCD,0x89B4,0xAABC,0x6339,0x0000,0x0000,
    0x0000,0x0000,0x0000,0x0000,0x0000,0x2108,0xA893,0x255A,0x0000,0x0000,0x8441,0x4339,
    0x4331,0x4331,0x4331,0x6339,0x2331,0x0000,0x8341,0xA441,0x0000,0x0000,0x0000,0x0000,
    0x0000,0x0000,0x0000,0x0000,0x0000,0x0000,0x0000,0x0000,0x0000,0x6110,0x4110,0x4110,
    0x4110,0x4110,0x4110,0x4110,0x4110,0x4110,0x4110,0x4110,0x4110,0x4110,0x4110,0x4110,
    0x4110,0x4110,0x4110,0x4110,0x4110,0x6110,0x0000,0x0000,0x4110,0x4110,0x4110,0x4110,
    0x6110,0x4110,0x6110,0x6210,0x6210,0x6210,0x6210,0x6210,0x6210,0x6210,0x6210,0x6210,
    0x6210,0x6210,0x6210,0x6210,0x6210,0x6210,0x6210,0x6210,0x6210,0x6210,0x6210,0x6210,
    0x6210,0x6210,0x6210,0x6210,0x6210,0x6210,0x6210,0x6210,0x6210,0x6210,0x6210,0x6210,
    0x6210,0x6210,0x6110,0x4110,0x4110,0x6110,0x4110,0x0000,0x0100,0x0000,0x2431,0x0973,
    0x6762,0x8862,0xC86A,0x475A,0x0000,0xE972,0x8862,0xE972,0x4439,0x475A,0xA218,0x0000,
    0x6210,0x4110,0x6110,0x6210,0x6210,0x6210,0x6210,0x6210,0x6210,0x6210,0x6110,0x6110,
    0x4110,0x6210,0x0000,0x0000,0x0000,0x0000,0x0000,0x0000,0x0000,0x0000,0x0000,0x0000,
    0x0000,0x0000,0x6110,0x4108,0x6110,0x4110,0x0000,0x0000,0x0000,0x0000,0x8441,0x6110,
    0x0000,0x2108,0x4110,0x6110,0x6110,0x6110,0x6110,0x6210,0x8218,0x0100,0x0000,0x4108,
    0x6110,0x4108,0x0000,0x0000,0x0000,0x0000,0x0000,0x0000,0x0000,0x8210,0x0100,0x0000,
    0x8218,0x6110,0x2108,0x4110,0x4110,0x6110,0x6210,0x6210,0x6210,0x6110,0x4110,0x4110,
    0x6110,0x4110,0x4110,0x4110,0x4110,0x4110,0x4110,0x4110,0x4110,0x4110,0x4110,0x4110,
    0x4110,0x4110,0x4110,0x4110,0x4110,0x4110,0x4110,0x4110,0x4110,0x4110,0x6110,0x4110,
    0x6210,0x6210,0x6210,0x6210,0x6210,0x6210,0x6210,0x6210,0x6210,0x6210,0x6210,0x6210,
    0x6210,0x6210,0x6210,0x6210,0x6210,0x6210,0x6210,0x6210,0x6210,0x6210,0x6210,0x6210,
    0x6210,0x6210,0x6210,0x6210,0x6210,0x6210,0x6210,0x6210,0x6210,0x6210,0x6210,0x6210,
    0x6210,0x6210,0x6210,0x6210,0x6210,0x6210,0x6210,0x6210,0x6210,0x6210,0x6210,0x6210,
    0x6210,0x6210,0x0000,0x0000,0x0000,0x0000,0x0000,0x0000,0x2108,0x0000,0x0000,0x0000,
    0x0000,0x0000,0x2100,0x6210,0x6110,0x6210,0x6210,0x6210,0x6210,0x6210,0x6210,0x6210,
    0x6210,0x6210,0x6210,0x6210,0x6210,0x6110,0x6210,0x6210,0x6210,0x6210,0x6210,0x4110,
    0x6210,0x6210,0x6210,0x6210,0x8210,0x8218,0x6110,0x6210,0x6210,0x6210,0x8210,0x6210,
    0x6210,0x6210,0x0100,0x2108,0x6210,0x6210,0x6210,0x6210,0x6210,0x6210,0x6210,0x6210,
    0x6110,0x6210,0x6210,0x4110,0x6210,0x6210,0x8218,0x8218,0x8218,0x8210,0x8210,0x8218,
    0x6210,0x6110,0x6210,0x6210,0x6110,0x6210,0x6210,0x6210,0x6210,0x6210,0x6210,0x6210,
    0x6210,0x6210,0x6210,0x6210,0x6210,0x6210,0x6210,0x6210,0x6210,0x6210,0x6210,0x6210,
    0x6210,0x6210,0x6210,0x6210,0x6210,0x6210,0x6210,0x6210,0x6210,0x6210,0x6210,0x6210,
    0x6210,0x6210,0x6210,0x6210,0x0000,0x0000,0x0000,0x0000,0x0000,0x0000,0x0000,0x0000,
    0x0000,0x0000,0x0000,0x0000,0x0000,0x0000,0x0000,0x0000,0x0000,0x0000,0x0000,0x0000,
    0x0000,0x0000,0x0000,0x0000,0x0000,0x0000,0x0000,0x0000,0x0000,0x0000,0x0000,0x0000,
    0x0000,0x0000,0x0000,0x0000,0x0000,0x0000,0x0000,0x0000,0x0000,0x0000,0x0000,0x0000,
    0x0000,0x0000,0x0000,0x0000,0x0000,0x0000,0x0000,0x0000,0x0000,0x0000,0x0000,0x0000,
    0x0000,0x0000,0x0000,0x0000,0x0000,0x0000,0x0000,0x0000,0x0000,0x0000,0x0000,0x0000,
    0x0000,0x0000,0x0000,0x0000,0x0000,0x0000,0x0000,0x0000,0x0000,0x0000,0x0000,0x0000,
    0x0000,0x0000,0x0000,0x0000,0x0000,0x0000,0x0000,0x0000,0x0000,0x0000,0x0000,0x0000,
    0x0000,0x0000,0x0000,0x0000,0x0000,0x0000,0x0000,0x0000,0x0000,0x0000,0x0000,0x0000,
    0x0000,0x0000,0x0000,0x0000,0x0000,0x0000,0x0000,0x0000,0x0000,0x0000,0x0000,0x0000,
    0x0000,0x0000,0x0000,0x0000,0x0000,0x0000,0x0000,0x0000,0x0000,0x0000,0x0000,0x0000,
    0x0000,0x0000,0x0000,0x0000,0x0000,0x0000,0x0000,0x0000,0x0000,0x0000,0x0000,0x0000,
    0x0000,0x0000,0x0000,0x0000,0x0000,0x0000,0x0000,0x0000,0x0000,0x0000,0x0000,0x0000,
    0x0000,0x0000,0x0000,0x0000,0x0000,0x0000,0x0000,0x0000,
};

static const uint8_t sniffcheck_logo_5_mask[1600] = {
    0x00,0x00,0x00,0x00,0x00,0x00,0x00,0x00,0x00,0x00,0x00,0x00,0x00,0x00,0x00,0x00,
    0x00,0x00,0x00,0x00,0x00,0x00,0x00,0x00,0x00,0x00,0x00,0x00,0x00,0x00,0x00,0x00,
    0x00,0x00,0x00,0x00,0x07,0xFE,0x00,0x00,0x00,0x00,0x00,0x00,0x00,0x00,0x00,0x00,
    0x00,0x00,0x00,0x00,0x00,0x00,0x00,0x00,0xFF,0xFF,0xC0,0x00,0x00,0x00,0x00,0x00,
    0x00,0x00,0x00,0x00,0x00,0x00,0x00,0x00,0x00,0x00,0x00,0x01,0xFF,0xFF,0xF8,0x00,
    0x00,0x00,0x00,0x00,0x00,0x00,0x00,0x00,0x00,0x00,0x00,0x00,0x00,0x00,0x00,0x07,
    0xFF,0xFF,0xFC,0x00,0x00,0x00,0x00,0x00,0x00,0x00,0x00,0x00,0x00,0x00,0x00,0x00,
    0x00,0x00,0x00,0x1F,0xFF,0xFF,0xFF,0x00,0x00,0x00,0x00,0x00,0x00,0x00,0x00,0x00,
    0x00,0x00,0x00,0x00,0x00,0x00,0x00,0x3F,0xFF,0xFF,0xFF,0x80,0x00,0x00,0x00,0x00,
    0x30,0x00,0x00,0x00,0x00,0x00,0x00,0x00,0x00,0x00,0x00,0xFF,0xFF,0xFF,0xFF,0xC0,
    0x00,0x00,0x00,0x00,0x70,0x00,0x00,0x00,0x00,0x00,0x00,0x00,0x00,0x00,0x01,0xFF,
    0xFF,0xFF,0xFF,0xE0,0x00,0x00,0x00,0x00,0xF0,0x00,0x00,0x00,0x00,0x00,0x00,0x00,
    0x00,0x00,0x03,0xFF,0xFF,0xFF,0xFF,0xF8,0x00,0x00,0x00,0x00,0xF0,0x00,0x00,0x00,
    0x00,0x00,0x00,0x00,0x00,0x00,0x07,0xFF,0xF8,0x01,0xFF,0xFC,0x00,0x00,0x00,0x01,
    0xF0,0x00,0x00,0x00,0x00,0x00,0x00,0x00,0x00,0x00,0x07,0xFF,0xC0,0x00,0x7F,0xFC,
    0x00,0x00,0x00,0x01,0xF0,0x00,0x00,0x00,0x00,0x00,0x00,0x00,0x00,0x00,0x0F,0xFF,
    0x80,0x00,0x1F,0xFC,0x00,0x00,0x00,0x01,0xF0,0x00,0x00,0x00,0x00,0x00,0x00,0x00,
    0x00,0x00,0x07,0xFE,0x03,0xE0,0x0F,0xFC,0x00,0x00,0x00,0x01,0xF0,0x00,0x00,0x00,
    0x00,0x00,0x00,0x00,0x00,0x00,0x07,0xFC,0x1F,0xFE,0x07,0xF8,0x00,0x00,0x00,0x01,
    0xF8,0x00,0x00,0x00,0x00,0x00,0x00,0x00,0x00,0x00,0x03,0xF8,0x7F,0xFF,0x81,0xF8,
    0x00,0x00,0x00,0x03,0xF8,0x00,0x00,0x00,0x00,0x00,0x00,0x00,0x00,0x00,0x03,0xF0,
    0xFF,0xFF,0xF0,0xE0,0x00,0x00,0x00,0x03,0xF8,0x00,0x00,0x00,0x00,0x00,0x00,0x00,
    0x00,0x00,0x00,0x01,0xFF,0xFF,0xF8,0x00,0x00,0x00,0x00,0x03,0xF8,0x00,0x00,0x00,
    0x00,0x00,0x00,0x00,0x00,0x00,0x00,0x03,0xFF,0xFF,0xFC,0x00,0x00,0x00,0x00,0x03,
    0xFC,0x00,0x00,0x00,0x00,0x00,0x00,0x00,0x00,0x00,0x00,0x07,0xFF,0xFF,0xFE,0x00,
    0x00,0x00,0x00,0x03,0xFE,0x00,0x00,0x00,0x00,0x00,0x00,0x00,0x00,0x00,0x00,0x0F,
    0xFF,0xFF,0xFE,0x00,0x00,0x00,0x00,0x03,0xFF,0x00,0x00,0x00,0x00,0x00,0x00,0x00,
    0x00,0x00,0x00,0x0F,0xFE,0x07,0xFE,0x00,0x00,0x00,0x00,0x01,0xFF,0x80,0x00,0x7F,
    0xE0,0x00,0x00,0x00,0x00,0x00,0x00,0x07,0xF8,0x01,0xFE,0x00,0x00,0x00,0x00,0x01,
    0xFF,0xC0,0x03,0xFF,0xFF,0xC0,0x00,0x00,0x00,0x00,0x00,0x03,0xE3,0xFC,0xFC,0x00,
    0x00,0x00,0x00,0x01,0xFF,0xF0,0x1F,0xFF,0xFF,0xF0,0x00,0x00,0x00,0x00,0x00,0x01,
    0xCF,0xFE,0x38,0x00,0x00,0x00,0x00,0x00,0xFF,0xFC,0x3F,0xFF,0xFF,0xFE,0x00,0x00,
    0x00,0x00,0x00,0x00,0x1F,0xFF,0x00,0x00,0x00,0x00,0x00,0x00,0xFF,0xFF,0xFF,0xFF,
    0xFF,0xFF,0x80,0x00,0x00,0x00,0x00,0x00,0x3F,0xFF,0x00,0x00,0x00,0x00,0x00,0x00,
    0x7F,0xFF,0xFF,0xFF,0xFF,0xFF,0xF8,0x00,0x00,0x00,0x00,0x00,0x3F,0xFF,0x00,0x00,
    0x00,0x00,0x00,0x00,0x3F,0xFF,0xFF,0xFF,0xFF,0xFF,0xFE,0x00,0x00,0x00,0x00,0x00,
    0x3F,0xFF,0x00,0x00,0x00,0x00,0x00,0x00,0x1F,0xFF,0xFF,0xFF,0xFF,0xFF,0xFF,0x80,
    0x00,0x00,0x00,0x00,0x1E,0x1E,0x00,0x00,0x00,0x00,0x00,0x00,0x0F,0xFF,0xFF,0xFF,
    0xFF,0xFF,0xFF,0xC0,0x00,0x00,0x00,0x00,0x04,0x00,0x00,0x00,0x00,0x00,0x00,0x00,
    0x07,0xFF,0xFF,0xFF,0xFF,0xFF,0xFF,0xF0,0x00,0x00,0x00,0x00,0x01,0xF0,0x00,0x00,
    0x00,0x00,0x00,0x00,0x03,0xFF,0xFF,0xFF,0xFF,0xFF,0xFF,0xF8,0x00,0x00,0x00,0x00,
    0x07,0xF8,0x00,0x00,0x00,0x00,0x00,0x00,0x00,0xFF,0xFF,0xFF,0xFF,0xFF,0xFF,0xFE,
    0x00,0x00,0x00,0x00,0x07,0xFC,0x00,0x00,0x00,0x00,0x00,0x00,0x00,0x7F,0xFF,0xFF,
    0xFF,0xFF,0xFF,0xFF,0x00,0x00,0x00,0x00,0x0F,0xFC,0x00,0x00,0x00,0x00,0x00,0x00,
    0x00,0x7F,0xFF,0xFF,0xFF,0xFF,0xFF,0xFF,0x00,0x00,0x00,0x00,0x0F,0xFE,0x00,0x00,
    0x00,0x00,0x00,0x00,0x00,0xFF,0xFF,0xFF,0xFF,0xFF,0xFF,0xFF,0xC0,0x00,0x00,0x00,
    0x0F,0xFE,0x00,0x00,0x00,0x00,0x00,0x00,0x00,0xFF,0xFF,0xFF,0xFF,0xFF,0xFF,0xFF,
    0xE0,0x00,0x00,0x00,0x07,0xFC,0x00,0x00,0x00,0x00,0x00,0x00,0x01,0xFF,0xFF,0xFF,
    0xFF,0xFF,0xFF,0xFF,0xF0,0x00,0x00,0x00,0x07,0xF8,0x00,0x00,0x00,0x00,0x00,0x00,
    0x01,0xFF,0xFF,0xFF,0xFF,0xFF,0xFF,0xFF,0xF8,0x00,0x00,0x00,0x03,0xF0,0x00,0x00,
    0x00,0x00,0x00,0x00,0x01,0xFF,0xFF,0xFF,0xFF,0xFF,0xFF,0xFF,0xFF,0xF0,0x00,0x00,
    0x00,0xE0,0x00,0x00,0x00,0x00,0x00,0x00,0x01,0xFF,0xFF,0xFF,0xFF,0xFF,0xFF,0xFF,
    0xFF,0xFE,0x00,0x00,0x00,0x00,0x00,0x00,0x00,0x00,0x00,0x00,0x01,0xFF,0xFF,0xFF,
    0xFF,0xFF,0xFF,0xFF,0xFF,0xFF,0xFC,0x00,0x00,0x00,0x00,0x00,0x00,0x00,0x00,0x00,
    0x01,0xFF,0xFF,0xFF,0xFF,0xFF,0xFF,0xFF,0xFF,0xFF,0xFE,0x00,0x00,0x00,0x00,0x00,
    0x00,0x00,0x00,0x00,0x01,0xFF,0xFF,0xFF,0xFF,0xFF,0xFF,0xFF,0xFF,0xFF,0xFF,0x00,
    0x00,0x00,0x00,0x00,0x00,0x00,0x00,0x00,0x01,0xFF,0xFF,0xFF,0xFF,0xFF,0xFF,0xFF,
    0xFF,0xFF,0xFF,0x80,0x00,0x00,0x00,0x00,0x00,0x00,0x00,0x00,0x01,0xFF,0xFF,0xFF,
    0xFF,0xFF,0xFF,0xFF,0xFF,0xFF,0xFF,0xC0,0x00,0x00,0x00,0x00,0x00,0x00,0x00,0x00,
    0x01,0xFF,0xFF,0xFF,0xFF,0xFF,0xFF,0xFF,0xFF,0xFF,0xFF,0xE0,0x00,0x00,0x00,0x00,
    0x00,0x00,0x00,0x00,0x01,0xFF,0xFF,0xFF,0xFF,0xFF,0xFF,0xFF,0xFF,0xFF,0xFF,0xE0,
    0x00,0x00,0x00,0x00,0x00,0x00,0x00,0x00,0x01,0xFF,0xFF,0xFF,0xFF,0xFF,0xFF,0xFF,
    0xFF,0xFF,0xFF,0xF0,0x00,0x00,0x00,0x00,0x00,0x00,0x00,0x00,0x00,0xFF,0xFF,0xFF,
    0xFF,0xFF,0xFF,0xFF,0xFF,0xFF,0xFF,0xF8,0x00,0x00,0x00,0x00,0x00,0x00,0x00,0x00,
    0x00,0xFF,0xFF,0xFF,0xFF,0xFF,0xFF,0xFF,0xFF,0xFF,0xFF,0xF8,0x00,0x00,0x00,0x00,
    0x00,0x00,0x00,0x00,0x00,0x7F,0xFF,0xFF,0xFF,0xFF,0xFF,0xFF,0xFF,0xFF,0xFF,0xF8,
    0x00,0x00,0x00,0x00,0x00,0x00,0x00,0x00,0x00,0x7F,0xFF,0xFF,0xFF,0xFF,0xFF,0xFF,
    0xFF,0xFF,0xFF,0xF8,0x00,0x00,0x00,0x00,0x00,0x00,0x00,0x00,0x00,0x3F,0xFF,0xFF,
    0xFF,0xFF,0xFF,0xFF,0xFF,0xFF,0xFF,0xF8,0x00,0x00,0x00,0x00,0x00,0x00,0x00,0x00,
    0x00,0x3F,0xFF,0xFF,0xFF,0xFF,0xFF,0xFF,0xFF,0xFF,0xFF,0xFC,0x00,0x00,0x00,0x00,
    0x00,0x00,0x00,0x00,0x00,0x1F,0xFF,0xFF,0xFF,0xFF,0xFF,0xFF,0xFF,0xFF,0xFF,0xFC,
    0x00,0x00,0x00,0x00,0x00,0x00,0x00,0x00,0x00,0x1F,0xFF,0xFE,0x7F,0xFF,0xFF,0xFF,
    0xFF,0xFF,0xFF,0xFC,0x00,0x00,0x00,0x00,0x00,0x00,0x00,0x00,0x00,0x1F,0xFF,0xFE,
    0x3F,0xFF,0xFF,0xFF,0xFF,0xFF,0xFF,0xFC,0x00,0x00,0x00,0x00,0x00,0x00,0x00,0x00,
    0x00,0x1F,0xFF,0xFC,0x0F,0xFF,0xFF,0xFF,0xFF,0xFF,0xFF,0xFC,0x00,0x00,0x00,0x00,
    0x00,0x00,0x00,0x00,0x00,0x1F,0xFF,0xF0,0x07,0xFF,0xFF,0xFF,0xFF,0xFF,0xFF,0xFC,
    0x00,0x00,0x00,0x00,0x00,0x00,0x00,0x00,0x00,0x1F,0xFF,0xE0,0x07,0xFF,0xFF,0xFF,
    0xFF,0xFF,0xFF,0xF8,0x00,0x00,0x00,0x00,0x00,0x00,0x00,0x00,0x00,0x0F,0xFF,0xE0,
    0x03,0xFF,0xFF,0xFF,0xFF,0xFF,0xFF,0xF0,0x00,0x00,0x00,0x00,0x00,0x00,0x00,0x00,
    0x00,0x0F,0xFF,0xE0,0x03,0xFF,0xFF,0xFF,0xFF,0xFF,0xFF,0xF0,0x00,0x00,0x00,0x00,
    0x00,0x00,0x00,0x00,0x00,0x07,0xFF,0xE0,0x01,0xFF,0xFF,0xFF,0xFF,0xFF,0xFF,0xF0,
    0x00,0x00,0x00,0x00,0x00,0x00,0x00,0x00,0x00,0x07,0xFF,0xC0,0x01,0xFF,0xF3,0xFF,
    0xFF,0xFF,0xFF,0xF8,0x00,0x00,0x00,0x00,0x00,0x00,0x00,0x00,0x00,0x03,0xFF,0xC0,
    0x00,0xFF,0xF8,0xFF,0xFF,0xFF,0xFF,0xFE,0x00,0x00,0x00,0x00,0x00,0x00,0x00,0x00,
    0x00,0x03,0xFF,0xC0,0x00,0xFF,0xF8,0xFF,0xFF,0xFF,0xFF,0xFE,0x00,0x00,0x00,0x00,
    0x00,0x00,0x00,0x00,0x00,0x01,0xFF,0xF0,0x00,0x7F,0xF8,0x7F,0xFF,0xFF,0xFF,0xFF,
    0x00,0x00,0x00,0x00,0x00,0x00,0x00,0x00,0x00,0x01,0xFF,0xF8,0x00,0x7F,0xFE,0x3F,
    0xFF,0xFF,0xFF,0xFF,0x00,0x01,0x87,0x00,0x00,0x00,0x00,0x00,0x00,0x01,0xFF,0xFC,
    0x00,0x3F,0xFF,0x9F,0xFF,0xFF,0xFF,0xFF,0x00,0x01,0x86,0x00,0x00,0x00,0x00,0x00,
    0x00,0x01,0xFF,0xFE,0x00,0x3F,0xFF,0xDF,0xFF,0xFF,0xFF,0xFF,0x80,0x01,0xCE,0x00,
    0x00,0x00,0x00,0x00,0x00,0x01,0xFF,0xFE,0x00,0x1F,0xFF,0xFF,0xFF,0xFF,0xFF,0xFF,
    0x00,0x18,0xFD,0x80,0x00,0x00,0x00,0x00,0x00,0x03,0xFF,0xFF,0x00,0x1F,0xFF,0xFF,
    0xFF,0xFF,0xFF,0xFF,0x00,0x1E,0xFF,0x80,0x00,0x00,0x00,0x00,0x00,0x03,0xFF,0xFF,
    0x00,0x0F,0xFF,0xFF,0xFF,0xFF,0xFF,0xFF,0x00,0x4F,0xFF,0xC0,0x00,0x00,0x00,0x00,
    0x00,0x03,0xFF,0xFF,0x00,0x0F,0xFF,0xEF,0xFE,0x3F,0xFF,0xFE,0x00,0xFF,0xFF,0xFC,
    0x00,0x00,0x00,0x00,0x00,0x03,0xFF,0xFF,0x00,0x07,0xFF,0xF7,0xFE,0x0F,0xFF,0xFC,
    0x00,0x7F,0xFF,0xFC,0xFF,0xFF,0xFF,0xFF,0xFF,0xFF,0xFF,0xFF,0xFF,0xFF,0xFF,0xFF,
    0xFF,0xFF,0xFF,0xFF,0xFF,0xFF,0xFF,0xFF,0xFF,0xFF,0xFF,0xFF,0xFF,0xFF,0xFF,0xFF,
    0xFF,0xFF,0xFF,0xFF,0xFF,0xFF,0xFF,0xFF,0xFF,0xFF,0xFF,0xFF,0x00,0x00,0x00,0x00,
    0x00,0x00,0x00,0x00,0x00,0x00,0x00,0x00,0x00,0x00,0x00,0x00,0x00,0x00,0x00,0x00,
};
