
#pragma once
#include <stdint.h>

#define SNIFFCHECK_LOGO_10_W 160
#define SNIFFCHECK_LOGO_10_H 80

static const uint16_t sniffcheck_logo_10[12800] = {
    0x0000,0x0000,0x0000,0x0000,0x0000,0x0000,0x0000,0x0000,0x0000,0x0000,0x0000,0x0000,
    0x0000,0x0000,0x0000,0x0000,0x0000,0x0000,0x0000,0x0000,0x0000,0x0000,0x0000,0x0000,
    0x0000,0x0000,0x0000,0x0000,0x0000,0x0000,0x0000,0x0000,0x0000,0x0000,0x0000,0x0000,
    0x0000,0x0000,0x0000,0x0000,0x0000,0x0000,0x0000,0x0000,0x0000,0x0000,0x0000,0x0000,
    0x0000,0x0000,0x0000,0x0000,0x0000,0x0000,0x0000,0x0000,0x0000,0x0000,0x0000,0x0000,
    0x0000,0x0000,0x0000,0x0000,0x0000,0x0000,0x0000,0x0000,0x0000,0x0000,0x0000,0x0000,
    0x0000,0x0000,0x0000,0x0000,0x0000,0x0000,0x0000,0x0000,0x0000,0x0000,0x0000,0x0000,
    0x0000,0x0000,0x0000,0x0000,0x0000,0x0000,0x0000,0x0000,0x0000,0x0000,0x0000,0x0000,
    0x0000,0x0000,0x0000,0x0000,0x0000,0x0000,0x0000,0x0000,0x0000,0x0000,0x0000,0x0000,
    0x0000,0x0000,0x0000,0x0000,0x0000,0x0000,0x0000,0x0000,0x0000,0x0000,0x0000,0x0100,
    0x8429,0x844A,0x2221,0x2221,0xC310,0x0200,0x0100,0x0000,0x0000,0x0000,0x0000,0x0000,
    0x0000,0x0000,0x0000,0x0000,0x0000,0x0000,0x0000,0x0000,0x0000,0x0000,0x0000,0x0000,
    0x0000,0x0000,0x0000,0x0000,0x0000,0x0000,0x0000,0x0000,0x0000,0x0000,0x0000,0x0000,
    0x0000,0x0000,0x0000,0x0000,0x0000,0x0000,0x0000,0x0000,0x0000,0x0000,0x0000,0x0000,
    0x0000,0x0000,0x0000,0x0000,0x0000,0x0000,0x0000,0x0000,0x0000,0x0000,0x0000,0x0000,
    0x0000,0x0000,0x0000,0x0000,0x0000,0x0000,0x0000,0x0000,0x0000,0x0000,0x0000,0x0000,
    0x0000,0x0000,0x0000,0x0000,0x0000,0x0000,0x0000,0x0000,0x0000,0x0000,0x0000,0x0000,
    0x0000,0x0000,0x0000,0x0000,0x0000,0x0000,0x0000,0x0000,0x0000,0x0000,0x0000,0x0000,
    0x0000,0x0000,0x0000,0x0000,0x0000,0x0000,0x0000,0x0000,0x0000,0x0000,0x0000,0x0000,
    0x0000,0x0000,0x0000,0x0000,0x0000,0x0000,0x0000,0x0000,0x0000,0x0000,0x0000,0x0000,
    0x0000,0x0000,0x0000,0x0000,0x0000,0x0000,0x0000,0x0000,0x0000,0x0000,0x0000,0x0000,
    0x0000,0x0000,0x0000,0x0000,0x0000,0x0000,0x0000,0x0000,0x0000,0x0000,0x0000,0x0000,
    0x0000,0x0000,0x0000,0x0000,0x0000,0x0000,0x0000,0x0000,0x0000,0x0000,0x0000,0x0000,
    0x0300,0x454A,0x47B5,0x66DE,0xE6FF,0x43FF,0xC3FF,0xE3FF,0x43FF,0x83C5,0x236B,0xA339,
    0x0200,0x0100,0x0000,0x0000,0x0000,0x0000,0x0000,0x0000,0x0000,0x0000,0x0000,0x0000,
    0x0000,0x0000,0x0000,0x0000,0x0000,0x0000,0x0000,0x0000,0x0000,0x0000,0x0000,0x0000,
    0x0000,0x0000,0x0000,0x0000,0x0000,0x0000,0x0000,0x0000,0x0000,0x0000,0x0000,0x0000,
    0x0000,0x0000,0x0000,0x0000,0x0000,0x0000,0x0000,0x0000,0x0000,0x0000,0x0000,0x0000,
    0x0000,0x0000,0x0000,0x0000,0x0000,0x0000,0x0000,0x0000,0x0000,0x0000,0x0000,0x0000,
    0x0000,0x0000,0x0000,0x0000,0x0000,0x0000,0x0000,0x0000,0x0000,0x0000,0x0000,0x0000,
    0x0000,0x0000,0x4110,0x0000,0x0000,0x0000,0x0000,0x0000,0x0000,0x0000,0x0000,0x0000,
    0x0000,0x0000,0x0000,0x0000,0x0000,0x0000,0x0000,0x0000,0x0000,0x0000,0x0000,0x0000,
    0x0000,0x0000,0x0000,0x0000,0x0000,0x0000,0x0000,0x0000,0x0000,0x0000,0x0000,0x0000,
    0x0000,0x0000,0x0000,0x0000,0x0000,0x0000,0x0000,0x0000,0x0000,0x0000,0x0000,0x0000,
    0x0000,0x0000,0x0000,0x0000,0x0000,0x0000,0x0000,0x0000,0x0000,0x0000,0x0000,0x0000,
    0x0000,0x0000,0x0000,0x0000,0x0000,0x0000,0x0000,0x0000,0x0000,0x0000,0x0000,0x0000,
    0x0000,0x0000,0x8410,0x27B5,0xA5FF,0xE2FF,0xA0FF,0x20FF,0x60FE,0x60FE,0x60FE,0x20FE,
    0x60FE,0x00FF,0xA0FF,0xC0FF,0x42DE,0x046B,0x0300,0x0100,0x0000,0x0000,0x0000,0x0000,
    0x0000,0x0000,0x0000,0x0000,0x0000,0x0000,0x0000,0x0000,0x0000,0x0000,0x0000,0x0000,
    0x0000,0x0000,0x0000,0x0000,0x0000,0x0000,0x0000,0x0000,0x0000,0x0000,0x0000,0x0000,
    0x0000,0x0000,0x0000,0x0000,0x0000,0x0000,0x0000,0x0000,0x0000,0x0000,0x0000,0x0000,
    0x0000,0x0000,0x0000,0x0000,0x0000,0x0000,0x0000,0x0000,0x0000,0x0000,0x0000,0x0000,
    0x0000,0x0000,0x0000,0x0000,0x0000,0x0000,0x0000,0x0000,0x0000,0x0000,0x0000,0x0000,
    0x0000,0x0000,0x0000,0x0000,0xA318,0x2429,0x0000,0x0000,0x0000,0x0000,0x0000,0x0000,
    0x0000,0x0000,0x0000,0x0000,0x0000,0x0000,0x0000,0x0000,0x0000,0x0000,0x0000,0x0000,
    0x0000,0x0000,0x0000,0x0000,0x0000,0x0000,0x0000,0x0000,0x0000,0x0000,0x0000,0x0000,
    0x0000,0x0000,0x0000,0x0000,0x0000,0x0000,0x0000,0x0000,0x0000,0x0000,0x0000,0x0000,
    0x0000,0x0000,0x0000,0x0000,0x0000,0x0000,0x0000,0x0000,0x0000,0x0000,0x0000,0x0000,
    0x0000,0x0000,0x0000,0x0000,0x0000,0x0000,0x0000,0x0000,0x0000,0x0000,0x0000,0x0000,
    0x0000,0x0000,0x0000,0x0000,0x0200,0xC7A4,0xE4FF,0x60FF,0x40FE,0x00EE,0x60F6,0xA0FE,
    0x00FF,0x20FF,0x20FF,0x20FF,0xC0FE,0x40F6,0xE0ED,0x00F6,0x00FF,0xE0FF,0x04FF,0x046B,
    0x0200,0x0000,0x0000,0x0000,0x0000,0x0000,0x0000,0x0000,0x0000,0x0000,0x0000,0x0000,
    0x0000,0x0000,0x0000,0x0000,0x0000,0x0000,0x0000,0x0000,0x0000,0x0000,0x0000,0x0000,
    0x0000,0x0000,0x0000,0x0000,0x0000,0x0000,0x0000,0x0000,0x0000,0x0000,0x0000,0x0000,
    0x0000,0x0000,0x0000,0x0000,0x0000,0x0000,0x0000,0x0000,0x0000,0x0000,0x0000,0x0000,
    0x0000,0x0000,0x0000,0x0000,0x0000,0x0000,0x0000,0x0000,0x0000,0x0000,0x0000,0x0000,
    0x0000,0x0000,0x0000,0x0000,0x0000,0x0000,0x0000,0x0000,0xC89B,0x688B,0x0000,0x0000,
    0x0000,0x0000,0x0000,0x0000,0x0000,0x0000,0x0000,0x0000,0x0000,0x0000,0x0000,0x0000,
    0x0000,0x0000,0x0000,0x0000,0x0000,0x0000,0x0000,0x0000,0x0000,0x0000,0x0000,0x0000,
    0x0000,0x0000,0x0000,0x0000,0x0000,0x0000,0x0000,0x0000,0x0000,0x0000,0x0000,0x0000,
    0x0000,0x0000,0x0000,0x0000,0x0000,0x0000,0x0000,0x0000,0x0000,0x0000,0x0000,0x0000,
    0x0000,0x0000,0x0000,0x0000,0x0000,0x0000,0x0000,0x0000,0x0000,0x0000,0x0000,0x0000,
    0x0000,0x0000,0x0000,0x0000,0x0000,0x0000,0x6210,0xA283,0x05FF,0xE1FF,0x80FE,0x80F6,
    0x20FF,0x80FF,0x80FF,0x00FF,0x00FE,0x60F5,0x80F5,0x60ED,0xE0FD,0xC0FE,0x60FF,0x40FF,
    0x80FE,0x40FE,0xC0FE,0xE3FF,0xE2B4,0x0100,0x0200,0x0000,0x0000,0x0000,0x0000,0x0000,
    0x0000,0x0000,0x0000,0x0000,0x0000,0x0000,0x0000,0x0000,0x0000,0x0000,0x0000,0x0000,
    0x0000,0x0000,0x0000,0x0000,0x0000,0x0000,0x0000,0x0000,0x0000,0x0000,0x0000,0x0000,
    0x0000,0x0000,0x0000,0x0000,0x0000,0x0000,0x0000,0x0000,0x0000,0x0000,0x0000,0x0000,
    0x0000,0x0000,0x0000,0x0000,0x0000,0x0000,0x0000,0x0000,0x0000,0x0000,0x0000,0x0000,
    0x0000,0x0000,0x0000,0x0000,0x0000,0x0000,0x0000,0x0000,0x0000,0x0000,0x0000,0x4331,
    0x2EFF,0x0000,0x0000,0x0000,0x0000,0x0000,0x0000,0x0000,0x0000,0x0000,0x0000,0x0000,
    0x0000,0x0000,0x0000,0x0000,0x0000,0x0000,0x0000,0x0000,0x0000,0x0000,0x0000,0x0000,
    0x0000,0x0000,0x0000,0x0000,0x0000,0x0000,0x0000,0x0000,0x0000,0x0000,0x0000,0x0000,
    0x0000,0x0000,0x0000,0x0000,0x0000,0x0000,0x0000,0x0000,0x0000,0x0000,0x0000,0x0000,
    0x0000,0x0000,0x0000,0x0000,0x0000,0x0000,0x0000,0x0000,0x0000,0x0000,0x0000,0x0000,
    0x0000,0x0000,0x0000,0x0000,0x0000,0x0000,0x0000,0x0000,0x0000,0x0200,0x20EE,0xE0FF,
    0xC0FE,0x61FE,0x61FF,0x00FF,0xC0CC,0xC0B3,0x6151,0xA138,0x0100,0x0100,0x0100,0x0100,
    0x0118,0x8130,0x217A,0xE0EC,0x41FF,0x61FF,0xA1FE,0x81FE,0xC0FF,0x81FF,0xA218,0x0200,
    0x0000,0x0000,0x0000,0x0000,0x0000,0x0000,0x0000,0x0000,0x0000,0x0000,0x0000,0x0000,
    0x0000,0x0000,0x0000,0x0000,0x0000,0x0000,0x0000,0x0000,0x0000,0x0000,0x0000,0x0000,
    0x0000,0x0000,0x0000,0x0000,0x0000,0x0000,0x0000,0x0000,0x0000,0x0000,0x0000,0x0000,
    0x0000,0x0000,0x0000,0x0000,0x0000,0x0000,0x0000,0x0000,0x0000,0x0000,0x0000,0x0000,
    0x0000,0x0000,0x0000,0x0000,0x0000,0x0000,0x0000,0x0000,0x0000,0x0000,0x0000,0x0000,
    0x0000,0x0000,0x0000,0x0552,0x8FFF,0x0000,0x0000,0x0000,0x0000,0x0000,0x0000,0x0000,
    0x0000,0x0000,0x0000,0x0000,0x0000,0x0000,0x0000,0x0000,0x0000,0x0000,0x0000,0x0000,
    0x0000,0x0000,0x0000,0x0000,0x0000,0x0000,0x0000,0x0000,0x0000,0x0000,0x0000,0x0000,
    0x0000,0x0000,0x0000,0x0000,0x0000,0x0000,0x0000,0x0000,0x0000,0x0000,0x0000,0x0000,
    0x0000,0x0000,0x0000,0x0000,0x0000,0x0000,0x0000,0x0000,0x0000,0x0000,0x0000,0x0000,
    0x0000,0x0000,0x0000,0x0000,0x0000,0x0000,0x0000,0x0000,0x0000,0x0000,0x0000,0x0100,
    0x0100,0x60F6,0x40FF,0xE0F5,0x60F6,0x60FF,0xC1DC,0x8128,0x0100,0x0000,0x0100,0x0100,
    0x4100,0x0319,0x2421,0xC218,0x0000,0x0000,0x0100,0x0100,0x0149,0xC1E4,0xA1FF,0x41FF,
    0x60F6,0x20FF,0xA0FF,0x0121,0x0000,0x0000,0x0000,0x0000,0x0000,0x0000,0x0000,0x0000,
    0x0000,0x0000,0x0000,0x0000,0x0000,0x0000,0x0000,0x0000,0x0000,0x0000,0x0000,0x0000,
    0x0000,0x0000,0x0000,0x0000,0x0000,0x0000,0x0000,0x0000,0x0000,0x0000,0x0000,0x0000,
    0x0000,0x0000,0x0000,0x0000,0x0000,0x0000,0x0000,0x0000,0x0000,0x0000,0x0000,0x0000,
    0x0000,0x0000,0x0000,0x0000,0x0000,0x0000,0x0000,0x0000,0x0000,0x0000,0x0000,0x0000,
    0x0000,0x0000,0x0000,0x0000,0x0000,0x0000,0x0000,0x49B4,0xAFFF,0x4208,0x0000,0x0000,
    0x0000,0x0000,0x0000,0x0000,0x0000,0x0000,0x0000,0x0000,0x0000,0x0000,0x0000,0x0000,
    0x0000,0x0000,0x0000,0x0000,0x0000,0x0000,0x0000,0x0000,0x0000,0x0000,0x0000,0x0000,
    0x0000,0x0000,0x0000,0x0000,0x0000,0x0000,0x0000,0x0000,0x0000,0x0000,0x0000,0x0000,
    0x0000,0x0000,0x0000,0x0000,0x0000,0x0000,0x0000,0x0000,0x0000,0x0000,0x0000,0x0000,
    0x0000,0x0000,0x0000,0x0000,0x0000,0x0000,0x0000,0x0000,0x0000,0x0000,0x0000,0x0000,
    0x0000,0x0000,0x0200,0x2208,0xE1FE,0x20FF,0x00EE,0xC0FE,0x40FF,0xC0CB,0x0100,0x0000,
    0x0000,0x0000,0x0000,0x0000,0x0000,0x0000,0x0000,0x0000,0x0000,0x0000,0x0000,0x2000,
    0x0100,0x0100,0x0182,0xA0FE,0x60FF,0x60F6,0x40FF,0x01FF,0x0100,0x2108,0x0000,0x0000,
    0x0000,0x0000,0x0000,0x0000,0x0000,0x0000,0x0000,0x0000,0x0000,0x0000,0x0000,0x0000,
    0x0000,0x0000,0x0000,0x0000,0x0000,0x0000,0x0000,0x0000,0x0000,0x0000,0x0000,0x0000,
    0x0000,0x0000,0x0000,0x0000,0x0000,0x0000,0x0000,0x0000,0x0000,0x0000,0x0000,0x0000,
    0x0000,0x0000,0x0000,0x0000,0x0000,0x0000,0x0000,0x0000,0x0000,0x0000,0x0000,0x0000,
    0x0000,0x0000,0x0000,0x0000,0x0000,0x0000,0x0000,0x0000,0x0000,0x0000,0x0000,0x08AC,
    0xF1FF,0x265A,0x0000,0x0000,0x0000,0x0000,0x0000,0x0000,0x0000,0x0000,0x0000,0x0000,
    0x0000,0x0000,0x0000,0x0000,0x0000,0x0000,0x0000,0x0000,0x0000,0x0000,0x0000,0x0000,
    0x0000,0x0000,0x0000,0x0000,0x0000,0x0000,0x0000,0x0000,0x0000,0x0000,0x0000,0x0000,
    0x0000,0x0000,0x0000,0x0000,0x0000,0x0000,0x0000,0x0000,0x0000,0x0000,0x0000,0x0000,
    0x0000,0x0000,0x0000,0x0000,0x0000,0x0000,0x0000,0x0000,0x0000,0x0000,0x0000,0x0000,
    0x0000,0x0000,0x0000,0x0000,0x0000,0x0000,0x0200,0x2110,0xC0FE,0x60FF,0x00FF,0x20FE,
    0x8159,0x0100,0x0000,0x0000,0x0000,0x0000,0x0000,0x0000,0x0000,0x0100,0x0100,0x0000,
    0x0000,0x0000,0x0000,0x0000,0x0000,0x0000,0x0100,0x0118,0x40FE,0x60FF,0xC1F6,0xA0FF,
    0x6118,0x0200,0x0000,0x0000,0x0000,0x0000,0x0000,0x0000,0x0000,0x0000,0x0000,0x0000,
    0x0000,0x0000,0x0000,0x0000,0x0000,0x0000,0x0000,0x0000,0x0000,0x0000,0x0000,0x0000,
    0x0000,0x0000,0x0000,0x0000,0x0000,0x0000,0x0000,0x0000,0x0000,0x0000,0x0000,0x0000,
    0x0000,0x0000,0x0000,0x0000,0x0000,0x0000,0x0000,0x0000,0x0000,0x0000,0x0000,0x0000,
    0x0000,0x0000,0x0000,0x0000,0x0000,0x0000,0x0000,0x0000,0x0000,0x0000,0x0000,0x0000,
    0x0000,0x0000,0x8218,0x6DFE,0x8FFF,0xA86A,0x0000,0x0000,0x0000,0x0000,0x0000,0x0000,
    0x0000,0x0000,0x0000,0x0000,0x0000,0x0000,0x0000,0x0000,0x0000,0x0000,0x0000,0x0000,
    0x0000,0x0000,0x0000,0x0000,0x0000,0x0000,0x0000,0x0000,0x0000,0x0000,0x0000,0x0000,
    0x0000,0x0000,0x0000,0x0000,0x0000,0x0000,0x0000,0x0000,0x0000,0x0000,0x0000,0x0000,
    0x0000,0x0000,0x0000,0x0000,0x0000,0x0000,0x0000,0x0000,0x0000,0x0000,0x0000,0x0000,
    0x0000,0x0000,0x0000,0x0000,0x0000,0x0000,0x0000,0x0000,0x0000,0x0000,0x0000,0x0100,
    0x6128,0xC0CB,0xA0CB,0x8130,0x0300,0x0000,0x0000,0x0000,0x0000,0x0200,0x0300,0x8331,
    0x847B,0x24B5,0xC383,0xA231,0x8331,0x0200,0x0200,0x0000,0x0000,0x0000,0x4229,0x0100,
    0x6120,0x40FE,0x21FF,0xA1FD,0x0108,0x0000,0x0000,0x0000,0x0000,0x0000,0x0000,0x0000,
    0x0000,0x0000,0x0000,0x0000,0x0000,0x0000,0x0000,0x0000,0x0000,0x0000,0x0000,0x0000,
    0x0000,0x0000,0x0000,0x0000,0x0000,0x0000,0x0000,0x0000,0x0000,0x0000,0x0000,0x0000,
    0x0000,0x0000,0x0000,0x0000,0x0000,0x0000,0x0000,0x0000,0x0000,0x0000,0x0000,0x0000,
    0x0000,0x0000,0x0000,0x0000,0x0000,0x0000,0x0000,0x0000,0x0000,0x0000,0x0000,0x0000,
    0x0000,0x0000,0x0000,0x0000,0x0000,0x0000,0x8218,0x4CFE,0x4FFF,0x6CAC,0x0000,0x0000,
    0x0000,0x0000,0x0000,0x0000,0x0000,0x0000,0x0000,0x0000,0x0000,0x0000,0x0000,0x0000,
    0x0000,0x0000,0x0000,0x0000,0x0000,0x0000,0x0000,0x0000,0x0000,0x0000,0x0000,0x0000,
    0x0000,0x0000,0x0000,0x0000,0x0000,0x0000,0x0000,0x0000,0x0000,0x0000,0x0000,0x0000,
    0x0000,0x0000,0x0000,0x0000,0x0000,0x0000,0x0000,0x0000,0x0000,0x0000,0x0000,0x0000,
    0x0000,0x0000,0x0000,0x0000,0x0000,0x0000,0x0000,0x0000,0x0000,0x0000,0x0000,0x0000,
    0x0000,0x0000,0x0000,0x0000,0x0200,0x0200,0x0200,0x0100,0x0000,0x0000,0x0000,0x0100,
    0xC45A,0x639C,0x44E6,0xC2FF,0x60FF,0x60FF,0x60FF,0x81FF,0x62FF,0xC2D5,0x615A,0x0200,
    0x0000,0x0000,0x0000,0x0000,0x0200,0x2110,0x808A,0x6120,0x0200,0x0000,0x0000,0x0000,
    0x0000,0x0000,0x0000,0x0000,0x0000,0x0000,0x0000,0x0000,0x0000,0x0000,0x0000,0x0000,
    0x0000,0x0000,0x0000,0x0000,0x0000,0x0000,0x0000,0x0000,0x0000,0x0000,0x0000,0x0000,
    0x0000,0x0000,0x0000,0x0000,0x0000,0x0000,0x0000,0x0000,0x0000,0x0000,0x0000,0x0000,
    0x0000,0x0000,0x0000,0x0000,0x0000,0x0000,0x0000,0x0000,0x0000,0x0000,0x0000,0x0000,
    0x0000,0x0000,0x0000,0x0000,0x0000,0x0000,0x0000,0x0000,0x0000,0x0000,0xA218,0x4CFE,
    0x2EFF,0x4ECD,0x0000,0x0000,0x0000,0x0000,0x0000,0x0000,0x0000,0x0000,0x0000,0x0000,
    0x0000,0x0000,0x0000,0x0000,0x0000,0x0000,0x0000,0x0000,0x0000,0x0000,0x0000,0x0000,
    0x0000,0x0000,0x0000,0x0000,0x0000,0x0000,0x0000,0x0000,0x0000,0x0000,0x0000,0x0000,
    0x0000,0x0000,0x0000,0x0000,0x0000,0x0000,0x0000,0x0000,0x0000,0x0000,0x0000,0x0000,
    0x0000,0x0000,0x0000,0x0000,0x0000,0x0000,0x0000,0x0000,0x0000,0x0000,0x0000,0x0000,
    0x0000,0x0000,0x0000,0x0000,0x0000,0x0000,0x0000,0x0000,0x0000,0x0000,0x0000,0x0000,
    0x0000,0x0000,0x0100,0x0484,0xE3FF,0x20FF,0x80FE,0x40FE,0x80FE,0xC1FE,0xC1FE,0x61FE,
    0x20FE,0xA0FE,0x80FF,0xC0DD,0x4152,0x0100,0x0000,0x0000,0x0000,0x0200,0x0200,0x0100,
    0x0000,0x0000,0x0000,0x0000,0x0000,0x0000,0x0000,0x0000,0x0000,0x0000,0x0000,0x0000,
    0x0000,0x0000,0x0000,0x0000,0x0000,0x0000,0x0000,0x0000,0x0000,0x0000,0x0000,0x0000,
    0x0000,0x0000,0x0000,0x0000,0x0000,0x0000,0x0000,0x0000,0x0000,0x0000,0x0000,0x0000,
    0x0000,0x0000,0x0000,0x0000,0x0000,0x0000,0x0000,0x0000,0x0000,0x0000,0x0000,0x0000,
    0x0000,0x0000,0x0000,0x0000,0x0000,0x0000,0x0000,0x0000,0x0000,0x0000,0x0000,0x0000,
    0x0000,0x0000,0x6110,0x6DFE,0xADFE,0xCEE5,0x0000,0x0000,0x0000,0x0000,0x0000,0x0000,
    0x0000,0x0000,0x0000,0x0000,0x0000,0x0000,0x0000,0x0000,0x0000,0x0000,0x0000,0x0000,
    0x0000,0x0000,0x0000,0x0000,0x0000,0x0000,0x0000,0x0000,0x0000,0x0000,0x0000,0x0000,
    0x0000,0x0000,0x0000,0x0000,0x0000,0x0000,0x0000,0x0000,0x0000,0x0000,0x0000,0x0000,
    0x0000,0x0000,0x0000,0x0000,0x0000,0x0000,0x0000,0x0000,0x0000,0x0000,0x0000,0x0000,
    0x0000,0x0000,0x0000,0x0000,0x0000,0x0000,0x0000,0x0000,0x0000,0x0000,0x0000,0x0000,
    0x0000,0x0000,0x0000,0x0000,0x0000,0x0200,0xE28B,0xE1FF,0xA0F5,0x00FE,0xC0FE,0x80FD,
    0xA0C3,0xE0A2,0x01C4,0xA0FD,0x80FE,0x00FF,0x00FE,0xE0FE,0x80FF,0x60A4,0x0100,0x0000,
    0x0000,0x0000,0x0000,0x0000,0x0000,0x0000,0x0000,0x0000,0x0000,0x0000,0x0000,0x0000,
    0x0000,0x0000,0x0000,0x0000,0x0000,0x0000,0x0000,0x0000,0x0000,0x0000,0x0000,0x0000,
    0x0000,0x0000,0x0000,0x0000,0x0000,0x0000,0x0000,0x0000,0x0000,0x0000,0x0000,0x0000,
    0x0000,0x0000,0x0000,0x0000,0x0000,0x0000,0x0000,0x0000,0x0000,0x0000,0x0000,0x0000,
    0x0000,0x0000,0x0000,0x0000,0x0000,0x0000,0x0000,0x0000,0x0000,0x0000,0x0000,0x0000,
    0x0000,0x0000,0x0000,0x0000,0x0000,0x0000,0x6210,0xADFE,0x0BFE,0xD1FF,0x8762,0x0000,
    0x0000,0x0000,0x0000,0x0000,0x0000,0x0000,0x0000,0x0000,0x0000,0x0000,0x0000,0x0000,
    0x0000,0x0000,0x0000,0x0000,0x0000,0x0000,0x0000,0x0000,0x0000,0x0000,0x0000,0x0000,
    0x0000,0x0000,0x0000,0x0000,0x0000,0x0000,0x0000,0x0000,0x0000,0x0000,0x0000,0x0000,
    0x0000,0x0000,0x0000,0x0000,0x0000,0x0000,0x0000,0x0000,0x0000,0x0000,0x0000,0x0000,
    0x0000,0x0000,0x0000,0x0000,0x0000,0x0000,0x0000,0x0000,0x0000,0x0000,0x0000,0x0000,
    0x0000,0x0000,0x0000,0x0000,0x0000,0x0000,0x0000,0x0000,0x0100,0xE17A,0xE0FF,0x80F5,
    0x20FE,0x60FD,0x208A,0x0118,0x0100,0x0200,0x0100,0x6138,0x0149,0xE0A2,0x20FE,0xC0FE,
    0x40FE,0xE1FF,0x41BD,0x0200,0x0000,0x0000,0x0000,0x0000,0x0000,0x0000,0x0000,0x0000,
    0x0000,0x0000,0x0000,0x0000,0x0000,0x0000,0x0000,0x0000,0x0000,0x0000,0x0000,0x0000,
    0x0000,0x0000,0x0000,0x0000,0x0000,0x0000,0x0000,0x0000,0x0000,0x0000,0x0000,0x0000,
    0x0000,0x0000,0x0000,0x0000,0x0000,0x0000,0x0000,0x0000,0x0000,0x0000,0x0000,0x0000,
    0x0000,0x0000,0x0000,0x0000,0x0000,0x0000,0x0000,0x0000,0x0000,0x0000,0x0000,0x0000,
    0x0000,0x0000,0x0000,0x0000,0x0000,0x0000,0x0000,0x0000,0x0000,0x0000,0x4108,0x2BD5,
    0xADFE,0xADFE,0x4DCD,0x0000,0x0000,0x0000,0x0000,0x0000,0x0000,0x0000,0x0000,0x0000,
    0x0000,0x0000,0x0000,0x0000,0x0000,0x0000,0x0000,0x0000,0xAA8B,0xE649,0x8862,0x6762,
    0x898B,0xE872,0x898B,0xEDBC,0xA86A,0x4208,0x0000,0x0000,0x0000,0x0000,0x0000,0x0000,
    0x0000,0x0000,0x0000,0x0000,0x0000,0x0000,0x0000,0x0000,0x0000,0x0000,0x0000,0x0000,
    0x0000,0x0000,0x0000,0x0000,0x0000,0x0000,0x0000,0x0000,0x0000,0x0000,0x0000,0x0000,
    0x0000,0x0000,0x0000,0x0000,0x0000,0x0000,0x0000,0x0000,0x0000,0x0000,0x0000,0x0000,
    0x0200,0x2131,0x80FD,0x60FD,0xE171,0x0100,0x0200,0x0000,0x0000,0x0000,0x0000,0x0000,
    0x0000,0x0100,0x0100,0xA1B3,0x21FF,0x63F6,0xE2FF,0xA159,0x0100,0x0000,0x0000,0x0000,
    0x0000,0x0000,0x0000,0x0000,0x0000,0x0000,0x0000,0x0000,0x0000,0x0000,0x0000,0x0000,
    0x0000,0x0000,0x0000,0x0000,0x0000,0x0000,0x0000,0x0000,0x0000,0x0000,0x0000,0x0000,
    0x0000,0x0000,0x0000,0x0000,0x0000,0x0000,0x0000,0x0000,0x0000,0x0000,0x0000,0x0000,
    0x0000,0x0000,0x0000,0x0000,0x0000,0x0000,0x0000,0x0000,0x0000,0x0000,0x0000,0x0000,
    0x0000,0x0000,0x0000,0x0000,0x0000,0x0000,0x0000,0x0000,0x0000,0x0000,0x0000,0x0000,
    0x0000,0x0000,0x0000,0x6562,0x4DFE,0x0CFE,0xD1FF,0x8762,0x0000,0x0000,0x0000,0x0000,
    0x0000,0x0000,0x0000,0x0000,0x0000,0x0000,0x0000,0x0000,0x0000,0x2431,0xAA8B,0x8CAC,
    0xD3FF,0xAFFE,0xB1FF,0x91FF,0x2EFF,0x4FFF,0x2FFF,0x0EFF,0x70FF,0x8FFE,0x6DD5,0x2B9C,
    0x4752,0x2200,0x0000,0x0000,0x0000,0x0000,0x0000,0x0000,0x0000,0x0000,0x0000,0x0000,
    0x0000,0x0000,0x0000,0x0000,0x0000,0x0000,0x0000,0x0000,0x0000,0x0000,0x0000,0x0000,
    0x0000,0x0000,0x0000,0x0000,0x0000,0x0000,0x0000,0x0000,0x0000,0x0000,0x0000,0x0000,
    0x0000,0x0000,0x0000,0x0000,0x0000,0x0200,0xA128,0xC128,0x0200,0x0000,0x0000,0x0100,
    0x0000,0x0200,0x0200,0x0200,0x0100,0x0000,0x0100,0x0100,0x206A,0x40FE,0xC1E3,0x0108,
    0x0000,0x0000,0x0000,0x0000,0x0000,0x0000,0x0000,0x0000,0x0000,0x0000,0x0000,0x0000,
    0x0000,0x0000,0x0000,0x0000,0x0000,0x0000,0x0000,0x0000,0x0000,0x0000,0x0000,0x0000,
    0x0000,0x0000,0x0000,0x0000,0x0000,0x0000,0x0000,0x0000,0x0000,0x0000,0x0000,0x0000,
    0x0000,0x0000,0x0000,0x0000,0x0000,0x0000,0x0000,0x0000,0x0000,0x0000,0x0000,0x0000,
    0x0000,0x0000,0x0000,0x0000,0x0000,0x0000,0x0000,0x0000,0x0000,0x0000,0x0000,0x0000,
    0x0000,0x0000,0x0000,0x0000,0x0000,0x0000,0x0000,0xC449,0xEAC4,0x4CFE,0x0BFE,0x71FF,
    0xA641,0x0000,0x0000,0x0000,0x0000,0x0000,0x0000,0x0000,0x0000,0x0000,0x0000,0x8210,
    0x099C,0xAFFE,0xB1FF,0x2FFF,0x0BFE,0x2CFE,0xCBF5,0xEBF5,0xECF5,0xEBF5,0xEBF5,0xECF5,
    0xEBF5,0x4CFE,0xCDFE,0x2FFF,0x71FF,0x2FEE,0x4BA4,0xE649,0x2200,0x0000,0x0000,0x0000,
    0x0000,0x0000,0x0000,0x0000,0x0000,0x0000,0x0000,0x0000,0x0000,0x0000,0x0000,0x0000,
    0x0000,0x0000,0x0000,0x0000,0x0000,0x0000,0x0000,0x0000,0x0000,0x0000,0x0000,0x0000,
    0x0000,0x0000,0x0000,0x0000,0x0000,0x0000,0x0000,0x0000,0x0000,0x0000,0x0200,0x0200,
    0x0000,0x0000,0x0200,0x829C,0x61D5,0x818B,0x80C5,0x41C5,0x42A4,0x6210,0x0100,0x0000,
    0x0200,0x8130,0x0108,0x0200,0x0000,0x0000,0x0000,0x0000,0x0000,0x0000,0x0000,0x0000,
    0x0000,0x0000,0x0000,0x0000,0x0000,0x0000,0x0000,0x0000,0x0000,0x0000,0x0000,0x0000,
    0x0000,0x0000,0x0000,0x0000,0x0000,0x0000,0x0000,0x0000,0x0000,0x0000,0x0000,0x0000,
    0x0000,0x0000,0x0000,0x0000,0x0000,0x0000,0x0000,0x0000,0x0000,0x0000,0x0000,0x0000,
    0x0000,0x0000,0x0000,0x0000,0x0000,0x0000,0x0000,0x0000,0x0000,0x0000,0x0000,0x0000,
    0x0000,0x0000,0x0000,0x0000,0x0000,0x0000,0x0000,0x0000,0x0000,0x0000,0x0000,0x0000,
    0x277B,0xEFFE,0x0CF6,0x4CFE,0xF5FF,0xE320,0x0000,0x0000,0x0000,0x0000,0x0000,0x0000,
    0x0000,0x0100,0x2783,0xCCED,0x8FFF,0x4CFE,0xCBF5,0xEBF5,0x2CF6,0x0CF6,0x2CF6,0x2CF6,
    0x2CF6,0x2CFE,0x2CF6,0x2CF6,0x2CF6,0x0CF6,0x0CF6,0xEBF5,0x0CF6,0x8CFE,0x2EFF,0x70FF,
    0x2EF6,0xA893,0x8CAC,0x064A,0x0000,0x0000,0x0000,0x0000,0x0000,0x0000,0x0000,0x0000,
    0x0000,0x0000,0x0000,0x0000,0x0000,0x0000,0x0000,0x0000,0x0000,0x0000,0x0000,0x0000,
    0x0000,0x0000,0x0000,0x0000,0x0000,0x0000,0x0000,0x0000,0x0000,0x0000,0x0000,0x0000,
    0x0000,0x0000,0x0000,0x0000,0x0000,0x0100,0x42BD,0xE2FF,0x40FF,0x80FF,0x40FF,0x20FF,
    0x00FF,0x00FF,0x0129,0x0000,0x0000,0x0000,0x0000,0x0000,0x0000,0x0000,0x0000,0x0000,
    0x0000,0x0000,0x0000,0x0000,0x0000,0x0000,0x0000,0x0000,0x0000,0x0000,0x0000,0x0000,
    0x0000,0x0000,0x0000,0x0000,0x0000,0x0000,0x0000,0x0000,0x0000,0x0000,0x0000,0x0000,
    0x0000,0x0000,0x0000,0x0000,0x0000,0x0000,0x0000,0x0000,0x0000,0x0000,0x0000,0x0000,
    0x0000,0x0000,0x0000,0x0000,0x0000,0x0000,0x0000,0x0000,0x0000,0x0000,0x0000,0x0000,
    0x0000,0x0000,0x0000,0x0000,0x0000,0x0000,0x0000,0x0000,0x0000,0x0000,0x0000,0x0000,
    0x0000,0x0000,0x0000,0x0000,0x6562,0x6CD5,0x6DFE,0xEBF5,0xAEFE,0xF2FE,0xA862,0x0000,
    0x0000,0x0000,0x0000,0x0000,0x465A,0x4BD5,0x8FFF,0x8DFE,0xECF5,0x0CF6,0x2CF6,0x2CF6,
    0x2CF6,0x2CF6,0x0CF6,0x0CF6,0x2CF6,0x2CF6,0x2CF6,0x0CF6,0x2CF6,0x2CF6,0x2CF6,0x2CF6,
    0x2CF6,0x0CF6,0xECF5,0xEBF5,0x6CFE,0x2EFF,0x0EFF,0x10FF,0xACAC,0xE420,0x0000,0x0000,
    0x0000,0x0000,0x0000,0x0000,0x0000,0x0000,0x0000,0x0000,0x0000,0x0000,0x0000,0x0000,
    0x0000,0x0000,0x0000,0x0000,0x0000,0x0000,0x0000,0x0000,0x0000,0x0000,0x0000,0x0000,
    0x0000,0x0000,0x0000,0x0000,0x0000,0x0000,0x0000,0x0000,0x0000,0x0100,0xC1E5,0x01FF,
    0xA0BB,0x4139,0xC128,0x209B,0x00FE,0xA0FF,0x616A,0x0000,0x0000,0x0000,0x0000,0x0000,
    0x0000,0x0000,0x0000,0x0000,0x0000,0x0000,0x0000,0x0000,0x0000,0x0000,0x0000,0x0000,
    0x0000,0x0000,0x0000,0x0000,0x0000,0x0000,0x0000,0x0000,0x0000,0x0000,0x0000,0x0000,
    0x0000,0x0000,0x0000,0x0000,0x0000,0x0000,0x0000,0x0000,0x0000,0x0000,0x0000,0x0000,
    0x0000,0x0000,0x0000,0x0000,0x0000,0x0000,0x0000,0x0000,0x0000,0x0000,0x0000,0x0000,
    0x0000,0x0000,0x0000,0x0000,0x0000,0x0000,0x0000,0x0000,0x0000,0x0000,0x0000,0x0000,
    0x0000,0x0000,0x0000,0x0000,0x0000,0x0000,0x0000,0x0000,0xE449,0x49AC,0x8BE5,0x6DFE,
    0xEBF5,0x8EFE,0xD2FF,0x0FEE,0x2752,0xA76A,0x0000,0xCBBC,0xAFFF,0xCDFE,0xECF5,0x0CF6,
    0x2CF6,0x2CF6,0x0CF6,0x0CF6,0x0CF6,0x2CF6,0x2CF6,0x2CF6,0x2CF6,0x2CF6,0x2CF6,0x2CF6,
    0x2CF6,0x2CF6,0x2CF6,0x0CF6,0x2CF6,0x2CF6,0x2CF6,0x2CF6,0x0CF6,0xECF5,0xECF5,0x2BFE,
    0x4EFF,0x91FF,0x8AAC,0xAA8B,0x0000,0x0000,0x0000,0x0000,0x0000,0x0000,0x0000,0x0000,
    0x0000,0x0000,0x0000,0x0000,0x0000,0x0000,0x0000,0x0000,0x0000,0x0000,0x0000,0x0000,
    0x0000,0x0000,0x0000,0x0000,0x0000,0x0000,0x0000,0x0000,0x0000,0x0000,0x0000,0x0000,
    0x0000,0x0000,0x0100,0xC051,0x0200,0x0200,0x0000,0x0200,0x8172,0xC08A,0x0100,0x0000,
    0x0000,0x0000,0x0000,0x0000,0x0000,0x0000,0x0000,0x0000,0x0000,0x0000,0x0000,0x0000,
    0x0000,0x0000,0x0000,0x0000,0x0000,0x0000,0x0000,0x0000,0x0000,0x0000,0x0000,0x0000,
    0x0000,0x0000,0x0000,0x0000,0x0000,0x0000,0x0000,0x0000,0x0000,0x0000,0x0000,0x0000,
    0x0000,0x0000,0x0000,0x0000,0x0000,0x0000,0x0000,0x0000,0x0000,0x0000,0x0000,0x0000,
    0x0000,0x0000,0x0000,0x0000,0x0000,0x0000,0x0000,0x0000,0x0000,0x0000,0x0000,0x0000,
    0x0000,0x0000,0x0000,0x0000,0x0000,0x0000,0x0000,0x0000,0x0000,0x0000,0x0000,0x0000,
    0x0000,0x4331,0xEAC4,0x2DF6,0x4CFE,0xEBF5,0xEBF5,0xACFE,0x90FF,0x4EFF,0x4BD5,0xEEFE,
    0x0CF6,0x0CF6,0x2CF6,0x2CF6,0x2CF6,0x2CF6,0x2CF6,0x2CF6,0x2CF6,0x2CF6,0x2CF6,0x0CF6,
    0x2CF6,0x2CF6,0x2CF6,0x2CF6,0x2CF6,0x2CF6,0x2CF6,0x2CF6,0x0CF6,0x2CF6,0x2CF6,0x2CF6,
    0x2CF6,0x2CF6,0x2CF6,0x2CF6,0xECF5,0x0BFE,0xEDFE,0x2FFF,0x8CAC,0x4208,0x0000,0x0000,
    0x0000,0x0000,0x0000,0x0000,0x0000,0x0000,0x0000,0x0000,0x0000,0x0000,0x0000,0x0000,
    0x0000,0x0000,0x0000,0x0000,0x0000,0x0000,0x0000,0x0000,0x0000,0x0000,0x0000,0x0000,
    0x0000,0x0000,0x0000,0x0000,0x0000,0x0000,0x0000,0x0000,0x0000,0x0000,0x0000,0x0000,
    0x0000,0x0200,0x0100,0x0000,0x0000,0x0000,0x0000,0x0000,0x0000,0x0000,0x0000,0x0000,
    0x0000,0x0000,0x0000,0x0000,0x0000,0x0000,0x0000,0x0000,0x0000,0x0000,0x0000,0x0000,
    0x0000,0x0000,0x0000,0x0000,0x0000,0x0000,0x0000,0x0000,0x0000,0x0000,0x0000,0x0000,
    0x0000,0x0000,0x0000,0x0000,0x0000,0x0000,0x0000,0x0000,0x0000,0x0000,0x0000,0x0000,
    0x0000,0x0000,0x0000,0x0000,0x0000,0x0000,0x0000,0x0000,0x0000,0x0000,0x0000,0x0000,
    0x0000,0x0000,0x0000,0x0000,0x0000,0x0000,0x0000,0x0000,0x0000,0x0000,0x0000,0x0000,
    0x0000,0x0000,0x0000,0x0000,0x0000,0x0000,0x6562,0x6CD5,0x8FFE,0x8EFE,0xECF5,0x8EFE,
    0x8BE5,0x0CF6,0x6DFE,0x0CF6,0x2CF6,0x2CF6,0x2CF6,0x2CF6,0x2CF6,0x2CF6,0x2CF6,0x2CF6,
    0x2CF6,0x2CF6,0x0CF6,0x2CF6,0x0CF6,0x2CF6,0x2CF6,0x2CF6,0x2CF6,0x2CF6,0x2CF6,0x2CF6,
    0x2CF6,0x2CF6,0x2CF6,0x2CF6,0x2CF6,0x2CF6,0x2CF6,0x2CF6,0x2CF6,0x2CF6,0xECF5,0x0BF6,
    0x4EFF,0xD0FE,0xE641,0x0000,0x0000,0x0000,0x0000,0x0000,0x0000,0x0000,0x0000,0x0000,
    0x0000,0x0000,0x0000,0x0000,0x0000,0x0000,0x0000,0x0000,0x0000,0x0000,0x0000,0x0000,
    0x0000,0x0000,0x0000,0x0000,0x0000,0x0000,0x0000,0x0000,0x0000,0x0000,0x0000,0x0100,
    0x0208,0x827B,0x8110,0x0200,0x0000,0x0000,0x0000,0x0000,0x0000,0x0000,0x0000,0x0000,
    0x0000,0x0000,0x0000,0x0000,0x0000,0x0000,0x0000,0x0000,0x0000,0x0000,0x0000,0x0000,
    0x0000,0x0000,0x0000,0x0000,0x0000,0x0000,0x0000,0x0000,0x0000,0x0000,0x0000,0x0000,
    0x0000,0x0000,0x0000,0x0000,0x0000,0x0000,0x0000,0x0000,0x0000,0x0000,0x0000,0x0000,
    0x0000,0x0000,0x0000,0x0000,0x0000,0x0000,0x0000,0x0000,0x0000,0x0000,0x0000,0x0000,
    0x0000,0x0000,0x0000,0x0000,0x0000,0x0000,0x0000,0x0000,0x0000,0x0000,0x0000,0x0000,
    0x0000,0x0000,0x0000,0x0000,0x0000,0x0000,0x0000,0x0000,0x0000,0x0000,0x0000,0x89B4,
    0x8CD5,0xECC4,0xCABC,0x287B,0xA893,0xADFE,0xECF5,0x2CF6,0x2CF6,0x2CF6,0x2CF6,0x2CF6,
    0x2CF6,0x2CF6,0x2CF6,0x2CF6,0x2CF6,0x2CF6,0x0CF6,0x2CF6,0x0CF6,0x2CF6,0x2CF6,0x2CF6,
    0x2CF6,0x2CF6,0x2CF6,0x2CF6,0x2CF6,0x2CF6,0x2CF6,0x2CF6,0x2CF6,0x2CF6,0x2CF6,0x2CF6,
    0x2CF6,0x2CF6,0x2CF6,0x2CF6,0xEBF5,0x8CFE,0x2FFF,0xF1FE,0x8539,0x0000,0x0000,0x0000,
    0x0000,0x0000,0x0000,0x0000,0x0000,0x0000,0x0000,0x0000,0x0000,0x0000,0x0000,0x0000,
    0x0000,0x0000,0x0000,0x0000,0x0000,0x0000,0x0000,0x0000,0x0000,0x0000,0x0000,0x0000,
    0x0000,0x0000,0x0000,0x2208,0x02FF,0xA0FF,0xE0FE,0xC1B4,0x0100,0x0000,0x0000,0x0000,
    0x0000,0x0000,0x0000,0x0000,0x0000,0x0000,0x0000,0x0000,0x0000,0x0000,0x0000,0x0000,
    0x0000,0x0000,0x0000,0x0000,0x0000,0x0000,0x0000,0x0000,0x0000,0x0000,0x0000,0x0000,
    0x0000,0x0000,0x0000,0x0000,0x0000,0x0000,0x0000,0x0000,0x0000,0x0000,0x0000,0x0000,
    0x0000,0x0000,0x0000,0x0000,0x0000,0x0000,0x0000,0x0000,0x0000,0x0000,0x0000,0x0000,
    0x0000,0x0000,0x0000,0x0000,0x0000,0x0000,0x0000,0x0000,0x0000,0x0000,0x0000,0x0000,
    0x0000,0x0000,0x0000,0x0000,0x0000,0x0000,0x0000,0x0000,0x0000,0x0000,0x0000,0x0000,
    0x0000,0x0000,0x0000,0x8441,0x48AC,0x8BDD,0x077B,0xC220,0x8DFE,0x4CFE,0x0CF6,0x2CF6,
    0x2CF6,0x2CF6,0x2CF6,0x2CF6,0x2CF6,0x2CF6,0x2CF6,0x2CF6,0x2CF6,0x2CF6,0x2CF6,0x0CF6,
    0x0CF6,0x2CF6,0x2CF6,0x2CF6,0x2CF6,0x2CF6,0x2CF6,0x2CF6,0x2CF6,0x2CF6,0x2CF6,0x2CF6,
    0x2CF6,0x2CF6,0x2CF6,0x2CF6,0x2CF6,0x2CF6,0x2CF6,0x0CF6,0x2CF6,0x0CF6,0xEBF5,0xCDFE,
    0xB0FE,0xA318,0x0000,0x0000,0x0000,0x0000,0x0000,0x0000,0x0000,0x0000,0x0000,0x0000,
    0x0000,0x0000,0x0000,0x0000,0x0000,0x0000,0x0000,0x0000,0x0000,0x0000,0x0000,0x0000,
    0x0000,0x0000,0x0000,0x0000,0x0000,0x0000,0x0100,0x0294,0xE0FF,0x00F6,0x40FE,0xE1FF,
    0x41AC,0x0200,0x0000,0x0000,0x0000,0x0000,0x0000,0x0000,0x0000,0x0000,0x0000,0x0000,
    0x0000,0x0000,0x0000,0x0000,0x0000,0x0000,0x0000,0x0000,0x0000,0x0000,0x0000,0x0000,
    0x0000,0x0000,0x0000,0x0000,0x0000,0x0000,0x0000,0x0000,0x0000,0x0000,0x0000,0x0000,
    0x0000,0x0000,0x0000,0x0000,0x0000,0x0000,0x0000,0x0000,0x0000,0x0000,0x0000,0x0000,
    0x0000,0x0000,0x0000,0x0000,0x0000,0x0000,0x0000,0x0000,0x0000,0x0000,0x0000,0x0000,
    0x0000,0x0000,0x0000,0x0000,0x0000,0x0000,0x0000,0x0000,0x0000,0x0000,0x0000,0x0000,
    0x0000,0x0000,0x0000,0x0000,0x0000,0x0000,0x0000,0x0000,0xA220,0x8441,0x6210,0x0EFF,
    0x6DFE,0x0CF6,0x2CF6,0x2CF6,0x2CF6,0x2CF6,0x2CF6,0x2CF6,0x2CF6,0x2CF6,0x2CF6,0x2CF6,
    0x2CF6,0x2CF6,0x2CF6,0x2CF6,0x2CF6,0x2CF6,0x2CF6,0x2CF6,0x2CF6,0x2CF6,0x2CF6,0x2CF6,
    0x2CF6,0x2CF6,0x2CF6,0x2CF6,0x2CF6,0x2CF6,0x2CF6,0x2CF6,0x2CF6,0x2CF6,0x2CF6,0x2CF6,
    0x2CF6,0x2CF6,0x2CF6,0xCBED,0xADFE,0x8EFE,0x8439,0x0873,0x0000,0x0000,0x0000,0x0000,
    0x0000,0x0000,0x0000,0x0000,0x0000,0x0000,0x0000,0x0000,0x0000,0x0000,0x0000,0x0000,
    0x0000,0x0000,0x0000,0x0000,0x0000,0x0000,0x0000,0x0000,0x0000,0x0000,0x0200,0x0183,
    0xE2FF,0x81FE,0x41F6,0x01FF,0x20F5,0x0100,0x0000,0x0000,0x0000,0x0000,0x0000,0x0000,
    0x0000,0x0000,0x0000,0x0000,0x0000,0x0200,0x0100,0x815A,0x4000,0x0000,0x0000,0x0000,
    0x0000,0x0000,0x0000,0x0000,0x0000,0x0000,0x0000,0x0000,0x0000,0x0000,0x0000,0x0000,
    0x0000,0x0000,0x0000,0x0000,0x0000,0x0000,0x0000,0x0000,0x0000,0x0000,0x0000,0x0000,
    0x0000,0x0000,0x0000,0x0000,0x0000,0x0000,0x0000,0x0000,0x0000,0x0000,0x0000,0x0000,
    0x0000,0x0000,0x0000,0x0000,0x0000,0x0000,0x0000,0x0000,0x0000,0x0000,0x0000,0x0000,
    0x0000,0x0000,0x0000,0x0000,0x0000,0x0000,0x0000,0x0000,0x0000,0x0000,0x0000,0x0000,
    0x0000,0x0000,0x2AD5,0xEEFE,0xECF5,0x2CF6,0x0CF6,0x2CF6,0x2CF6,0x2CF6,0x0CF6,0x2CF6,
    0x0CF6,0x0CF6,0x2CF6,0x0CF6,0x2CF6,0x2CF6,0x2CF6,0x2CF6,0x2CF6,0x2CF6,0x2CF6,0x2CF6,
    0x2CF6,0x2CF6,0x2CF6,0x2CF6,0x2CF6,0x2CF6,0x2CF6,0x2CF6,0x2CF6,0x2CF6,0x2CF6,0x2CF6,
    0x2CF6,0x2CF6,0x2CF6,0x2CF6,0x2CF6,0x0CF6,0xECF5,0x8DFE,0xCEFE,0xACFE,0xB0FF,0xE872,
    0x0000,0xE418,0xE420,0x4529,0x0000,0x0000,0x0000,0x0000,0x0000,0x0000,0x0000,0x0000,
    0x0000,0x0000,0x0000,0x0000,0x0000,0x0000,0x0000,0x0000,0x0000,0x0000,0x0000,0x0000,
    0x0000,0x0000,0x0000,0x0100,0x80A3,0x80FF,0x40FF,0x80FE,0x8171,0x0100,0x0000,0x0000,
    0x0000,0x0000,0x0000,0x0000,0x0000,0x0000,0x0000,0x0100,0x0200,0xA262,0x01E6,0xE1FF,
    0xE1A3,0x0000,0x0000,0x0000,0x0000,0x0000,0x0000,0x0000,0x0000,0x0000,0x0000,0x0000,
    0x0000,0x0000,0x0000,0x0000,0x0000,0x0000,0x0000,0x0000,0x0000,0x0000,0x0000,0x0000,
    0x0000,0x0000,0x0000,0x0000,0x0000,0x0000,0x0000,0x0000,0x0000,0x0000,0x0000,0x0000,
    0x0000,0x0000,0x0000,0x0000,0x0000,0x0000,0x0000,0x0000,0x0000,0x0000,0x0000,0x0000,
    0x0000,0x0000,0x0000,0x0000,0x0000,0x0000,0x0000,0x0000,0x0000,0x0000,0x0000,0x0000,
    0x0000,0x0000,0x0000,0x0000,0x0000,0x6562,0xCFFF,0xECF5,0x2CFE,0x2CF6,0x2CF6,0x2CF6,
    0x2CF6,0x2CF6,0x2CF6,0x0CF6,0x4DFE,0x4CFE,0x0CF6,0x2CF6,0x2CF6,0x2CF6,0x2CF6,0x0CF6,
    0x2CF6,0x2CF6,0x2CF6,0x0CF6,0x0CF6,0x2CF6,0x0CF6,0x0CF6,0x2CF6,0x0CF6,0x2CF6,0x2CF6,
    0x2CF6,0x2CF6,0x2CF6,0x2CF6,0x2CF6,0x0CF6,0x2CF6,0x2CF6,0x0CF6,0x0CF6,0x6FFF,0x8BE5,
    0x07A4,0xCBED,0x0ACD,0x4BA4,0x90FE,0x4EF6,0x0DF6,0x8FFE,0xEABC,0xC76A,0x8210,0x0000,
    0x0000,0x0000,0x0000,0x0000,0x0000,0x0000,0x0000,0x0000,0x0000,0x0000,0x0000,0x0000,
    0x0000,0x0000,0x0000,0x0000,0x0000,0x0000,0x0000,0x4200,0x0100,0xE138,0xE0D3,0x0151,
    0x0100,0x0000,0x0000,0x0000,0x0000,0x0000,0x0000,0x0000,0x0000,0x0000,0x0000,0xA218,
    0x83A4,0x40FF,0xE0FF,0xE0DC,0x4210,0x0000,0x0000,0x0000,0x0000,0x0000,0x0000,0x0000,
    0x0000,0x0000,0x0000,0x0000,0x0000,0x0000,0x0000,0x0000,0x0000,0x0000,0x0000,0x0000,
    0x0000,0x0000,0x0000,0x0000,0x0000,0x0000,0x0000,0x0000,0x0000,0x0000,0x0000,0x0000,
    0x0000,0x0000,0x0000,0x0000,0x0000,0x0000,0x0000,0x0000,0x0000,0x0000,0x0000,0x0000,
    0x0000,0x0000,0x0000,0x0000,0x0000,0x0000,0x0000,0x0000,0x0000,0x0000,0x0000,0x0000,
    0x0000,0x0000,0x0000,0x0000,0x0000,0x0000,0x0000,0x0000,0x0000,0xECF5,0x8DFE,0x0CF6,
    0x2CF6,0x2CF6,0x2CF6,0x2CF6,0x2CF6,0x2CF6,0x0CF6,0x4DFE,0x8BE5,0xCBED,0x6DFE,0x0CF6,
    0x2CF6,0x2CF6,0x2CF6,0x2CF6,0x2CF6,0x2CF6,0x2CF6,0x0CF6,0x2CF6,0x0CF6,0x4CFE,0x2CFE,
    0x0CF6,0x2CF6,0x2CF6,0x2CF6,0x2CF6,0x2CF6,0x2CF6,0x2CF6,0x0CF6,0x2CF6,0x0CF6,0x0CF6,
    0xADFE,0x0EFF,0x2683,0x0000,0x096B,0xB1F6,0xEB93,0x097B,0x8FFE,0x4EFF,0x6CFE,0x6CFE,
    0xEDFE,0x2EFF,0xADFE,0x4562,0x0000,0x0000,0x4BA4,0x8762,0x0000,0x0000,0x0000,0x0000,
    0x0000,0x0000,0x0000,0x0000,0x0000,0x0000,0x0000,0x0000,0x0000,0x0000,0x0000,0x0000,
    0x0000,0x0000,0x0200,0x0200,0x0000,0x0000,0x0000,0x0000,0x0000,0x0000,0x0000,0x0000,
    0x0000,0x0000,0x857B,0xE3FF,0xE0FE,0xC0FE,0xE1B3,0x0100,0x0000,0x0000,0x0000,0x0000,
    0x0000,0x0000,0x0000,0x0000,0x0000,0x0000,0x0000,0x0000,0x0000,0x0000,0x0000,0x0000,
    0x0000,0x0000,0x0000,0x0000,0x0000,0x0000,0x0000,0x0000,0x0000,0x0000,0x0000,0x0000,
    0x0000,0x0000,0x0000,0x0000,0x0000,0x0000,0x0000,0x0000,0x0000,0x0000,0x0000,0x0000,
    0x0000,0x0000,0x0000,0x0000,0x0000,0x0000,0x0000,0x0000,0x0000,0x0000,0x0000,0x0000,
    0x0000,0x0000,0x0000,0x0000,0x0000,0x0000,0x0000,0x0000,0x0000,0x0000,0x0000,0x0000,
    0x255A,0x6FFF,0xECF5,0x2CF6,0x2CF6,0x2CF6,0x2CF6,0x2CF6,0x2CF6,0x2CF6,0xECF5,0xEEFE,
    0xE8A3,0xC449,0x0EFF,0xECF5,0x2CF6,0x2CF6,0x2CF6,0x0CF6,0x2CF6,0x2CF6,0x0CF6,0x2CF6,
    0x0CF6,0x6DFE,0x0CF6,0xECED,0x2CFE,0x0CF6,0x2CF6,0x2CF6,0x2CF6,0x2CF6,0x2CF6,0x0CF6,
    0x2CF6,0x0CF6,0x0CF6,0xEEFE,0xABDD,0x0552,0x6110,0x4DF6,0x8FFF,0x6DFE,0x11FF,0x8FCD,
    0x2200,0x478B,0xADFE,0xECF5,0xECF5,0xECF5,0x6DFE,0x8FFF,0xA9B4,0xE349,0xA762,0xF5FF,
    0xAFD5,0x0000,0x0000,0x0000,0x0000,0x0000,0x0000,0x0000,0x0000,0x0000,0x0000,0x0000,
    0x0000,0x0000,0x0000,0x0000,0x0000,0x0000,0x0000,0x0000,0x0000,0x0000,0x0000,0x0000,
    0x0000,0x0000,0x0000,0x0000,0xA510,0x29AD,0xE2FF,0xC0F5,0x80FE,0xE1DC,0x0200,0x0000,
    0x0000,0x0000,0x0000,0x0000,0x0000,0x0000,0x0000,0x0000,0x0000,0x0000,0x0000,0x0000,
    0x0000,0x0000,0x0000,0x0000,0x0000,0x0000,0x0000,0x0000,0x0000,0x0000,0x0000,0x0000,
    0x0000,0x0000,0x0000,0x0000,0x0000,0x0000,0x0000,0x0000,0x0000,0x0000,0x0000,0x0000,
    0x0000,0x0000,0x0000,0x0000,0x0000,0x0000,0x0000,0x0000,0x0000,0x0000,0x0000,0x0000,
    0x0000,0x0000,0x0000,0x0000,0x0000,0x0000,0x0000,0x0000,0x0000,0x0000,0x0000,0x0000,
    0x0000,0x0000,0x0000,0xC220,0xECED,0xADFE,0x0CF6,0x2CF6,0x2CF6,0x2CF6,0x2CF6,0x2CF6,
    0x2CF6,0x2CF6,0x0CF6,0x4CFE,0x4FF6,0x6662,0xCDFE,0x2CFE,0x0CF6,0x2CF6,0x2CF6,0x0CF6,
    0x2CF6,0x2CF6,0x2CF6,0xECF5,0xCEFE,0xAEDD,0x0329,0xADFE,0x0CF6,0x0CF6,0x2CF6,0x2CF6,
    0x2CF6,0x2CF6,0x2CF6,0x2CF6,0x0CF6,0x0CF6,0xAFFF,0xE67A,0x0100,0x4BDD,0x6DFE,0x2CF6,
    0x4ADD,0xEBF5,0xEBF5,0x0EFF,0xB1FE,0x2783,0x8DFE,0x0CF6,0x2CF6,0x2CF6,0x0CF6,0xECF5,
    0xEEFE,0x6FFF,0x68BC,0x4EFE,0xAED5,0x6CAC,0x0000,0x0000,0x0000,0x0000,0x0000,0x0000,
    0x0000,0x0000,0x0000,0x0000,0x0000,0x0000,0x0000,0x0000,0x0000,0x0000,0x0000,0x0000,
    0x0000,0x0000,0x0000,0x0000,0x0000,0x0000,0x0000,0x8729,0xEDFF,0x81FF,0xA0ED,0x20F6,
    0xE0FE,0xC128,0x0000,0x0000,0x0000,0x0000,0x0000,0x0000,0x0000,0x0000,0x0000,0x0000,
    0x0000,0x0000,0x0000,0x0000,0x0000,0x0000,0x0000,0x0000,0x0000,0x0000,0x0000,0x0000,
    0x0000,0x0000,0x0000,0x0000,0x0000,0x0000,0x0000,0x0000,0x0000,0x0000,0x0000,0x0000,
    0x0000,0x0000,0x0000,0x0000,0x0000,0x0000,0x0000,0x0000,0x0000,0x0000,0x0000,0x0000,
    0x0000,0x0000,0x0000,0x0000,0x0000,0x0000,0x0000,0x0000,0x0000,0x0000,0x0000,0x0000,
    0x0000,0x0000,0x0000,0x0000,0x0000,0x0000,0x0000,0x6339,0x4DFE,0x4DFE,0x0CF6,0x2CF6,
    0x2CF6,0x2CF6,0x2CF6,0x2CF6,0x2CF6,0x2CF6,0x0CF6,0xADFE,0xEBC4,0x8662,0x2DF6,0xABE5,
    0x4CFE,0x0CF6,0x0CF6,0x0CF6,0x0CF6,0x0CF6,0x0CF6,0x0BFE,0x32FF,0x0200,0xA572,0x4EFF,
    0xECF5,0x2CF6,0x2CF6,0x2CF6,0x2CF6,0x0CF6,0x2CF6,0x0CF6,0xEBF5,0x8FFF,0x4562,0xA218,
    0xEEFE,0xCBE5,0x0ACD,0x0ACD,0x2BCD,0xCCED,0x2CFE,0xCAF5,0x52FF,0xF2FF,0xEBFD,0x2CF6,
    0x2CF6,0x2CF6,0x2CF6,0x2CF6,0xECF5,0xECF5,0xADFE,0x6CFE,0x0BFE,0xC76A,0x0DC5,0x0000,
    0x0000,0x0000,0x0000,0x0000,0x0000,0x0000,0x0000,0x0000,0x0000,0x0000,0x0000,0x0000,
    0x0000,0x0000,0x0000,0x0000,0x0000,0x0000,0x0000,0x0000,0x0000,0x0000,0xE739,0xEAFF,
    0xC0FE,0xC0ED,0x00F6,0xA0FF,0x4172,0x0200,0x0000,0x0000,0x0000,0x0000,0x0000,0x0000,
    0x0000,0x0000,0x0000,0x0000,0x0000,0x0000,0x0000,0x0000,0x0000,0x0000,0x0000,0x0000,
    0x0000,0x0000,0x0000,0x0000,0x0000,0x0000,0x0000,0x0000,0x0000,0x0000,0x0000,0x0000,
    0x0000,0x0000,0x0000,0x0000,0x0000,0x0000,0x0000,0x0000,0x0000,0x0000,0x0000,0x0000,
    0x0000,0x0000,0x0000,0x0000,0x0000,0x0000,0x0000,0x0000,0x0000,0x0000,0x0000,0x0000,
    0x0000,0x0000,0x0000,0x0000,0x0000,0x0000,0x0000,0x0000,0x0000,0x0000,0x0000,0x0000,
    0x8BE5,0x8DFE,0x0CF6,0x2CF6,0x2CF6,0x2CF6,0x2CF6,0x2CF6,0x2CF6,0x0CF6,0x2CFE,0x4CFE,
    0x69B4,0xC449,0xCBE5,0xE9C4,0x8DDD,0x8FFE,0x4CFE,0x2CFE,0x2CFE,0x2CFE,0x4DFE,0x8FFE,
    0xF2FE,0x0000,0xCDFE,0x4CFE,0x0CF6,0x2CF6,0x2CF6,0x2CF6,0x2CF6,0x2CF6,0x2CF6,0x0CF6,
    0xB0FF,0x4783,0x8310,0x4EFE,0x6BDD,0x2ACD,0x4BD5,0x4AD5,0x4BD5,0x50EE,0x0CF6,0x8DFE,
    0x8CDD,0xA993,0x6CFE,0x0CF6,0x0CF6,0x2CF6,0x2CF6,0x2CF6,0x2CF6,0x2CF6,0x0CF6,0xECF5,
    0x4EFF,0xC449,0xC89B,0x89BC,0x0000,0x0000,0x0000,0x0000,0x0000,0x0000,0x0000,0x0000,
    0x0000,0x0000,0x0000,0x0000,0x0000,0x0000,0x0000,0x0000,0x0000,0x0000,0x0000,0x0000,
    0x0000,0x865A,0xE8FF,0xA0FE,0xC0ED,0x00F6,0xE0FE,0xA159,0x0100,0x0000,0x0000,0x0000,
    0x0000,0x0000,0x0000,0x0000,0x0000,0x0000,0x0000,0x0000,0x0000,0x0000,0x0000,0x0000,
    0x0000,0x0000,0x0000,0x0000,0x0000,0x0000,0x0000,0x0000,0x0000,0x0000,0x0000,0x0000,
    0x0000,0x0000,0x0000,0x0000,0x0000,0x0000,0x0000,0x0000,0x0000,0x0000,0x0000,0x0000,
    0x0000,0x0000,0x0000,0x0000,0x0000,0x0000,0x0000,0x0000,0x0000,0x0000,0x0000,0x0000,
    0x0000,0x0000,0x0000,0x0000,0x0000,0x0000,0x0000,0x0000,0x0000,0x0000,0x0000,0x0000,
    0x0000,0x0000,0x0000,0x4339,0x2EFF,0x0CF6,0x2CF6,0x2CF6,0x2CF6,0x2CF6,0x2CF6,0x2CF6,
    0x2CF6,0x0CF6,0x0CF6,0xAEFE,0x8562,0x2331,0x8BDD,0x6BDD,0x2AD5,0xCDDD,0xADDD,0xECED,
    0xECED,0xECED,0x70F6,0xCCED,0x2331,0x678B,0x2EFF,0xECF5,0x2CF6,0x2CF6,0x2CF6,0x2CF6,
    0x2CF6,0x2CF6,0x0CF6,0x2EFF,0xC772,0x8439,0xEEFE,0x4ADD,0x4BD5,0x4BD5,0x4BD5,0x4BD5,
    0x0ACD,0xCDE5,0x4CFE,0x2EFF,0x0000,0x478B,0xCDFE,0x0CF6,0x2CF6,0x2CF6,0x2CF6,0x2CF6,
    0x2CF6,0x0CF6,0x0CF6,0x0CF6,0x4CFE,0xEEFE,0x2108,0x0ACD,0x6210,0x0000,0x0000,0x0000,
    0x0000,0x0000,0x0000,0x0000,0x0000,0x0000,0x0000,0x0000,0x0000,0x0000,0x0000,0x0000,
    0x0000,0x0000,0x0000,0x0000,0xC731,0xE7FF,0x60FE,0xE0F5,0xE0ED,0x80FF,0xA1A3,0x0200,
    0x0000,0x0000,0x0000,0x0000,0x0000,0x0000,0x0000,0x0000,0x0000,0x0000,0x0000,0x0000,
    0x0000,0x0000,0x0000,0x0000,0x0000,0x0000,0x0000,0x0000,0x0000,0x0000,0x0000,0x0000,
    0x0000,0x0000,0x0000,0x0000,0x0000,0x0000,0x0000,0x0000,0x0000,0x0000,0x0000,0x0000,
    0x0000,0x0000,0x0000,0x0000,0x0000,0x0000,0x0000,0x0000,0x0000,0x0000,0x0000,0x0000,
    0x0000,0x0000,0x0000,0x0000,0x0000,0x0000,0x0000,0x0000,0x0000,0x0000,0x0000,0x0000,
    0x0000,0x0000,0x0000,0x0000,0x0000,0x0000,0x0000,0xC220,0xEEFE,0x0CF6,0x0CF6,0x2CF6,
    0x2CF6,0x2CF6,0x2CF6,0x2CF6,0x0CF6,0x0CF6,0xEFFE,0x2BCD,0x4331,0x2BCD,0xAABC,0x49AC,
    0xCAC4,0xA9BC,0xEAC4,0x4BD5,0x2AD5,0x2ACD,0xABE5,0x48AC,0x0000,0x8DFE,0x6DFE,0x0CF6,
    0x2CF6,0x2CF6,0x2CF6,0x2CF6,0x2CF6,0x0CF6,0x8DFE,0x6BDD,0x0000,0xA9BC,0x6BDD,0x4BD5,
    0x4BD5,0x4BD5,0x4BD5,0x4BD5,0x2ACD,0xEEE5,0x4EFF,0x478B,0x0552,0xF0FF,0xECF5,0x2CF6,
    0x2CF6,0x2CF6,0x2CF6,0x2CF6,0x0CF6,0x2CF6,0x2CFE,0x2CFE,0x0CF6,0x0EFF,0xA9C4,0x8562,
    0x678B,0x0000,0x0000,0x0000,0x0000,0x0000,0x0000,0x0000,0x0000,0x0000,0x0000,0x0000,
    0x0000,0x0000,0x0000,0x0000,0x0000,0x0000,0x0000,0x865A,0xE5FF,0xC0FE,0xE0F5,0xE0ED,
    0xC0FE,0xC1D4,0x0200,0x0000,0x0000,0x0000,0x0000,0x0000,0x0000,0x0000,0x0000,0x0000,
    0x0000,0x0000,0x0000,0x0000,0x0000,0x0000,0x0000,0x0000,0x0000,0x0000,0x0000,0x0000,
    0x0000,0x0000,0x0000,0x0000,0x0000,0x0000,0x0000,0x0000,0x0000,0x0000,0x0000,0x0000,
    0x0000,0x0000,0x0000,0x0000,0x0000,0x0000,0x0000,0x0000,0x0000,0x0000,0x0000,0x0000,
    0x0000,0x0000,0x0000,0x0000,0x0000,0x0000,0x0000,0x0000,0x0000,0x0000,0x0000,0x0000,
    0x0000,0x0000,0x0000,0x0000,0x0000,0x0000,0x0000,0x0000,0x0000,0x0000,0x0000,0x4783,
    0x4EFF,0xECF5,0x2CF6,0x2CF6,0x2CF6,0x2CF6,0x2CF6,0x0CF6,0x0CF6,0x6CFE,0x8BDD,0x0000,
    0x6110,0xE89B,0x08A4,0xAABC,0xCABC,0xCABC,0xEAC4,0xEAC4,0xEAC4,0xA9BC,0x8DFE,0xA441,
    0x8441,0x4EFF,0x0CF6,0x2CF6,0x2CF6,0x2CF6,0x2CF6,0x2CF6,0x2CF6,0xECF5,0x2EFF,0xC672,
    0x2552,0x0CF6,0x4BD5,0x4BD5,0x4BD5,0x4BD5,0x4BD5,0x2AD5,0x6BD5,0x70F6,0xCDFE,0x6439,
    0xCCE5,0x6DFE,0x0CF6,0x2CF6,0x2CF6,0x2CF6,0x2CF6,0x0CF6,0x2CF6,0x0CF6,0xAAED,0x0BF6,
    0x0CF6,0x8AED,0x6EFF,0x0331,0x4BD5,0x4562,0x0000,0x0000,0x0000,0x0000,0x0000,0x0000,
    0x0000,0x0000,0x0000,0xA210,0x0200,0x0000,0x0000,0x0000,0x0000,0x0000,0xE320,0xE5FF,
    0xA0FE,0xE0F5,0xE0ED,0xC0FE,0xA0F5,0x0200,0x2200,0x0000,0x0000,0x0000,0x0000,0x0000,
    0x0000,0x0000,0x0000,0x0000,0x0000,0x0000,0x0000,0x0000,0x0000,0x0000,0x0000,0x0000,
    0x0000,0x0000,0x0000,0x0000,0x0000,0x0000,0x0000,0x0000,0x0000,0x0000,0x0000,0x0000,
    0x0000,0x0000,0x0000,0x0000,0x0000,0x0000,0x0000,0x0000,0x0000,0x0000,0x0000,0x0000,
    0x0000,0x0000,0x0000,0x0000,0x0000,0x0000,0x0000,0x0000,0x0000,0x0000,0x0000,0x0000,
    0x0000,0x0000,0x0000,0x0000,0x0000,0x0000,0x0000,0x0000,0x0000,0x0000,0x0000,0x0000,
    0x0000,0x0000,0x0000,0xEA9B,0x4EFF,0xECF5,0x2CF6,0x2CF6,0x2CF6,0x2CF6,0x2CF6,0x0CF6,
    0x0CF6,0xEFFE,0x267B,0x6110,0x4783,0x4108,0x0000,0x0329,0x6339,0xA66A,0xC672,0x89B4,
    0x0ACD,0xCABC,0x0CF6,0x4108,0xCAC4,0xEEFE,0xECF5,0x2CF6,0x2CF6,0x2CF6,0x2CF6,0x2CF6,
    0x2CFE,0xCCF5,0x8FFF,0xC89B,0x0100,0x2CF6,0x4BD5,0x4BD5,0x4BD5,0x4BD5,0x4BD5,0x2AD5,
    0xCEDD,0x8FFE,0xEBF5,0x8539,0x0FFF,0x0CF6,0x2CF6,0x0CF6,0x2CF6,0x0CF6,0x0CF6,0x2CF6,
    0x0CF6,0x4DFE,0x0EEE,0xEDED,0xCBED,0x72EE,0x0EFF,0xC89B,0xE672,0x455A,0x0000,0x0000,
    0x0000,0x0000,0x0000,0x0000,0x0000,0x0000,0xE028,0x02FF,0x06EF,0xA594,0x0100,0x0000,
    0x0100,0x4321,0xE7FF,0xA0FE,0xE0F5,0x00EE,0x80FE,0x20FE,0x6118,0x0000,0x0000,0x0000,
    0x0000,0x0000,0x0000,0x0000,0x0000,0x0000,0x0000,0x0000,0x0000,0x0000,0x0000,0x0000,
    0x0000,0x0000,0x0000,0x0000,0x0000,0x0000,0x0000,0x0000,0x0000,0x0000,0x0000,0x0000,
    0x0000,0x0000,0x0000,0x0000,0x0000,0x0000,0x0000,0x0000,0x0000,0x0000,0x0000,0x0000,
    0x0000,0x0000,0x0000,0x0000,0x0000,0x0000,0x0000,0x0000,0x0000,0x0000,0x0000,0x0000,
    0x0000,0x0000,0x0000,0x0000,0x0000,0x0000,0x0000,0x0000,0x0000,0x0000,0x0000,0x0000,
    0x0000,0x0000,0x0000,0x0000,0x0000,0x0000,0x0000,0xEA9B,0x2EFF,0xECF5,0x2CF6,0x2CF6,
    0x2CF6,0x2CF6,0x0CF6,0x4DFE,0x8DFE,0xE89B,0x4110,0x0AC5,0x2BCD,0x0ACD,0x49AC,0x067B,
    0xC66A,0x0552,0x8441,0x4331,0x866A,0x866A,0x4783,0xC220,0xCDFE,0x2CFE,0x0CF6,0x2CF6,
    0x2CF6,0x2CF6,0x2CF6,0x2CF6,0x0CF6,0xADFE,0x4DFE,0x2108,0x0000,0xC89B,0x2CF6,0x2ACD,
    0x4BD5,0x4BD5,0x4BD5,0x0AD5,0xCEE5,0xAFFE,0xEBF5,0x2429,0xCFFE,0x0CFE,0x2CF6,0x2CF6,
    0x0CF6,0x8DFE,0xADFE,0x0CF6,0x0CF6,0x2DFE,0xF5F6,0xF6F6,0xD4F6,0xD4F6,0x4CFE,0x4CFE,
    0xC449,0xA893,0x0000,0x0000,0x0000,0x0000,0x0000,0x0000,0x0000,0x0000,0x81CC,0xE0FE,
    0x40FE,0xE1FF,0x43DE,0x0100,0x0000,0x05EF,0xC2FF,0xE0F5,0x00F6,0x40FE,0x40FE,0x4141,
    0x0200,0x0000,0x0000,0x0000,0x0000,0x0000,0x0000,0x0000,0x0000,0x0000,0x0000,0x0000,
    0x0000,0x0000,0x0000,0x0000,0x0000,0x0000,0x0000,0x0000,0x0000,0x0000,0x0000,0x0000,
    0x0000,0x0000,0x0000,0x0000,0x0000,0x0000,0x0000,0x0000,0x0000,0x0000,0x0000,0x0000,
    0x0000,0x0000,0x0000,0x0000,0x0000,0x0000,0x0000,0x0000,0x0000,0x0000,0x0000,0x0000,
    0x0000,0x0000,0x0000,0x0000,0x0000,0x0000,0x0000,0x0000,0x0000,0x0000,0x0000,0x0000,
    0x0000,0x0000,0x0000,0x0000,0x0000,0x0000,0x0000,0x0000,0x0000,0x0000,0x0000,0x8793,
    0xEEFE,0xECF5,0x2CF6,0x2CF6,0x2CF6,0x0CF6,0x2CFE,0x0CF6,0x4BD5,0x0000,0x8218,0x8BDD,
    0x29A4,0x49AC,0xAABC,0xEAC4,0xEAC4,0x2ACD,0xECED,0x6439,0x0000,0x0000,0x0000,0xC99B,
    0x4EFF,0x0CF6,0x2CF6,0x2CF6,0x2CF6,0x2CF6,0x2CF6,0x0CF6,0x2CFE,0xEEFE,0x0100,0xC672,
    0x0AC5,0x0000,0xAABC,0xECED,0x2AD5,0x4BD5,0x4BD5,0x2AD5,0x6CD5,0x6DFE,0xCBED,0x4208,
    0x31FF,0x0BF6,0x2CF6,0x0CF6,0xADFE,0xE8CC,0x67BC,0x2EFF,0x8DFE,0xEBF5,0xEBF5,0xD4F6,
    0x16FF,0xECED,0x4BFE,0xAFFF,0x4783,0xE672,0x0000,0x0000,0x0000,0x0000,0x0000,0x0000,
    0x0000,0x0000,0xC0DC,0xC0FE,0xE0ED,0x60ED,0xE1FF,0x62A4,0x8331,0xE3FF,0x00F6,0x00F6,
    0xE0ED,0xE0FE,0xC18A,0x0200,0x0000,0x0000,0x0000,0x0000,0x0000,0x0000,0x0000,0x0000,
    0x0000,0x0000,0x0000,0x0000,0x0000,0x0000,0x0000,0x0000,0x0000,0x0000,0x0000,0x0000,
    0x0000,0x0000,0x0000,0x0000,0x0000,0x0000,0x0000,0x0000,0x0000,0x0000,0x0000,0x0000,
    0x0000,0x0000,0x0000,0x0000,0x0000,0x0000,0x0000,0x0000,0x0000,0x0000,0x0000,0x0000,
    0x0000,0x0000,0x0000,0x0000,0x0000,0x0000,0x0000,0x0000,0x0000,0x0000,0x0000,0x0000,
    0x0000,0x0000,0x0000,0x0000,0x0000,0x0000,0x0000,0x0000,0x0000,0x0000,0x0000,0x0000,
    0x0000,0x0000,0xA441,0xADFE,0x2CFE,0x0CF6,0x2CF6,0x2CF6,0x0CF6,0x2CFE,0x2DFE,0x2CF6,
    0x8218,0x0000,0x0000,0x678B,0xCABC,0x49AC,0x49AC,0x49AC,0x49AC,0x4BD5,0x8562,0x0000,
    0x0000,0x0000,0x0000,0x0000,0x2AD5,0xEEFE,0xECF5,0x2CF6,0x2CF6,0x2CF6,0x2CF6,0xECF5,
    0x0EFF,0x678B,0x6110,0x8BDD,0x0AC5,0xE672,0x0000,0x6BDD,0xABE5,0x4BD5,0x4BD5,0x4BD5,
    0x0ACD,0x31FF,0x8893,0x2429,0x51FF,0xEBF5,0x0CF6,0x6DFE,0xCAF5,0x4D6B,0xD9B5,0x0008,
    0xECED,0x0EFF,0xEAF5,0x50EE,0x16FF,0x8FFF,0xA66A,0x0552,0xC672,0x6562,0x0552,0x0000,
    0x0000,0x0000,0x0000,0x0000,0x0000,0x0000,0x2031,0x40FE,0x40F6,0x00F6,0xE0F5,0xC2FE,
    0x43FF,0xA0FE,0xE0F5,0x00EE,0xA0FE,0x21ED,0x0100,0x0000,0x0000,0x0000,0x0000,0x0000,
    0x0000,0x0000,0x0000,0x0000,0x0000,0x0000,0x0000,0x0000,0x0000,0x0000,0x0000,0x0000,
    0x0000,0x0000,0x0000,0x0000,0x0000,0x0000,0x0000,0x0000,0x0000,0x0000,0x0000,0x0000,
    0x0000,0x0000,0x0000,0x0000,0x0000,0x0000,0x0000,0x0000,0x0000,0x0000,0x0000,0x0000,
    0x0000,0x0000,0x0000,0x0000,0x0000,0x0000,0x0000,0x0000,0x0000,0x0000,0x0000,0x0000,
    0x0000,0x0000,0x0000,0x0000,0x0000,0x0000,0x0000,0x0000,0x0000,0x0000,0x0000,0x0000,
    0x0000,0x0000,0x0000,0x0000,0x0000,0xE328,0xADFE,0xADFE,0x0CF6,0x2CF6,0x2CF6,0x0CF6,
    0x4CFE,0xECED,0x8EFE,0x277B,0x0000,0x0000,0x4110,0x29A4,0xAABC,0x49AC,0x69AC,0x49AC,
    0x2BCD,0x6439,0x0000,0x0000,0x0000,0x0000,0x0000,0x0000,0x255A,0x4EFF,0x0CF6,0x2CF6,
    0x2CF6,0x2CF6,0x2CF6,0xECF5,0x4EFF,0x6562,0x455A,0x8BDD,0x08A4,0x6BD5,0x455A,0x8218,
    0xCCED,0xABE5,0x4BD5,0x6BDD,0x2AD5,0xCFFE,0x8210,0x0A9C,0xEDFE,0xECF5,0xECF5,0x0EFF,
    0xC6A3,0x6821,0x8E73,0x0000,0x0000,0xABE5,0x6CFE,0xD3F6,0xB5EE,0xE8A3,0x4529,0x0000,
    0x2683,0x4BD5,0xC449,0x0000,0x0000,0x0000,0x0000,0x0000,0x0000,0x0000,0x0100,0x0062,
    0x20FF,0x00EE,0x00F6,0x00F6,0xA1FE,0x00F6,0xE0ED,0x60FE,0xE1FD,0x8118,0x0000,0x0000,
    0x0000,0x0000,0x0000,0x0000,0x0000,0x0000,0x0000,0x0000,0x0000,0x0000,0x0000,0x0000,
    0x0000,0x0000,0x0000,0x0000,0x0000,0x0000,0x0000,0x0000,0x0000,0x0000,0x0000,0x0000,
    0x0000,0x0000,0x0000,0x0000,0x0000,0x0000,0x0000,0x0000,0x0000,0x0000,0x0000,0x0000,
    0x0000,0x0000,0x0000,0x0000,0x0000,0x0000,0x0000,0x0000,0x0000,0x0000,0x0000,0x0000,
    0x0000,0x0000,0x0000,0x0000,0x0000,0x0000,0x0000,0x0000,0x0000,0x0000,0x0000,0x0000,
    0x0000,0x0000,0x0000,0x0000,0x0000,0x0000,0x0000,0x0000,0x6562,0xF0FF,0x4DFE,0x0CF6,
    0x2CF6,0x2CF6,0x0CF6,0x2CFE,0x0CF6,0x2DF6,0x0452,0x0000,0x0000,0x0000,0xC449,0x2BCD,
    0x49AC,0x69AC,0x49AC,0xEAC4,0x077B,0x0000,0x0000,0x0000,0x0000,0x0000,0x0000,0x0000,
    0x0000,0xC89B,0x4EFF,0xECF5,0x2CF6,0x2CF6,0x2CF6,0xECF5,0xEEFE,0x49B4,0xC220,0x69AC,
    0xEAC4,0xEAC4,0x8BDD,0xE220,0x0000,0x888B,0x4BD5,0xABE5,0x4DFE,0xC449,0xE320,0x2FFF,
    0x0CF6,0x2CF6,0xECF5,0x0EFF,0xE551,0x0000,0x0000,0x8218,0x0000,0x255A,0x0DFF,0xB3F6,
    0xB5F6,0x8662,0x2010,0x2108,0x878B,0xC449,0x4108,0x0000,0x0000,0x0000,0x0000,0x0000,
    0x0000,0x0000,0x0000,0x0000,0x81FD,0x60FE,0x00EE,0x00F6,0x00F6,0x00F6,0x00EE,0xE0FE,
    0x0162,0x0100,0x0000,0x0000,0x0000,0x0000,0x0000,0x0000,0x0000,0x0000,0x0000,0x0000,
    0x0000,0x0000,0x0000,0x0000,0x0000,0x0000,0x0000,0x0000,0x0000,0x0000,0x0000,0x0000,
    0x0000,0x0000,0x0000,0x0000,0x0000,0x0000,0x0000,0x0000,0x0000,0x0000,0x0000,0x0000,
    0x0000,0x0000,0x0000,0x0000,0x0000,0x0000,0x0000,0x0000,0x0000,0x0000,0x0000,0x0000,
    0x0000,0x0000,0x0000,0x0000,0x0000,0x0000,0x0000,0x0000,0x0000,0x0000,0x0000,0x0000,
    0x0000,0x0000,0x0000,0x0000,0x0000,0x0000,0x0000,0x0000,0x0000,0x0000,0x0000,0x0000,
    0x6BDD,0xCDFE,0xECF5,0x2CF6,0x2CF6,0x0CF6,0x4CFE,0xECED,0xAFFE,0xA9BC,0x0000,0x0000,
    0x0000,0x0000,0x678B,0x0ACD,0x49AC,0x69AC,0x29AC,0x2BCD,0xE451,0x0000,0x0000,0x0000,
    0x0000,0x0000,0x0000,0x0000,0x0000,0xA218,0xEEFE,0x2CFE,0x0CF6,0x2CF6,0x2CF6,0x0CF6,
    0x6DFE,0x6DFE,0x0000,0x2108,0xA66A,0x277B,0x29A4,0x8BDD,0x067B,0xE220,0xA218,0x0329,
    0xA218,0x0000,0x0ACD,0x8DFE,0x0CF6,0x2CF6,0xECF5,0x0EFF,0xC89B,0x0000,0x8118,0x8218,
    0x0000,0x6562,0xECFE,0xEFE5,0xF9FF,0x4339,0x0000,0x688B,0x2331,0x0000,0x0000,0x0000,
    0x0000,0x0000,0x0000,0x0000,0x0000,0x0000,0x0000,0x0100,0x2100,0x60FE,0x60FE,0x00F6,
    0x00F6,0x00F6,0x80FE,0x81FD,0x0100,0x0000,0x0000,0x0000,0x0000,0x0000,0x0000,0x0000,
    0x0000,0x0000,0x0000,0x0000,0x0000,0x0000,0x0000,0x0000,0x0000,0x0000,0x0000,0x0000,
    0x0000,0x0000,0x0000,0x0000,0x0000,0x0000,0x0000,0x0000,0x0000,0x0000,0x0000,0x0000,
    0x0000,0x0000,0x0000,0x0000,0x0000,0x0000,0x0000,0x0000,0x0000,0x0000,0x0000,0x0000,
    0x0000,0x0000,0x0000,0x0000,0x0000,0x0000,0x0000,0x0000,0x0000,0x0000,0x0000,0x0000,
    0x0000,0x0000,0x0000,0x0000,0x0000,0x0000,0x0000,0x0000,0x0000,0x0000,0x0000,0x0000,
    0x0000,0x0000,0x0000,0x0000,0x4BD5,0xCDFE,0x0CF6,0x2CF6,0x0CF6,0x2CFE,0xCCED,0x0DEE,
    0x0ACD,0xA220,0x0000,0x0000,0x0000,0x0000,0xC66A,0x2ACD,0x29AC,0x69AC,0x49AC,0x89B4,
    0xAABC,0x0100,0x0000,0x0000,0x0000,0x0000,0x0000,0x0000,0x0000,0x0000,0xC89B,0x4EFF,
    0xECF5,0x2CF6,0x2CF6,0x0CF6,0x6DFE,0x2CFE,0x0000,0x0000,0x0000,0x0000,0x6110,0xA66A,
    0xE89B,0x2BCD,0xA893,0xE672,0x067B,0x29A4,0x0CF6,0x6DFE,0x0CF6,0x2CF6,0x0CF6,0x4DFE,
    0x8DFE,0x8118,0x2400,0x0000,0x0000,0xE9CC,0x4BFE,0x72EE,0xD7FF,0xF0D5,0x0000,0xE57A,
    0xE772,0x0000,0x0000,0x0000,0x0000,0x0000,0x0000,0x0000,0x0000,0x0000,0x0000,0x0000,
    0x0000,0x015A,0xC0FE,0x00EE,0x00F6,0xE0ED,0xA1FE,0xE159,0x0000,0x0000,0x0000,0x0000,
    0x0000,0x0000,0x0000,0x0000,0x0000,0x0000,0x0000,0x0000,0x0000,0x0000,0x0000,0x0000,
    0x0000,0x0000,0x0000,0x0000,0x0000,0x0000,0x0000,0x0000,0x0000,0x0000,0x0000,0x0000,
    0x0000,0x0000,0x0000,0x0000,0x0000,0x0000,0x0000,0x0000,0x0000,0x0000,0x0000,0x0000,
    0x0000,0x0000,0x0000,0x0000,0x0000,0x0000,0x0000,0x0000,0x0000,0x0000,0x0000,0x0000,
    0x0000,0x0000,0x0000,0x0000,0x0000,0x0000,0x0000,0x0000,0x0000,0x0000,0x0000,0x0000,
    0x0000,0x0000,0x0000,0x0000,0x0000,0x0000,0x0000,0x0000,0x2AD5,0xCDFE,0x0CF6,0x2CF6,
    0x8FFE,0x6EFE,0x4DFE,0x2ACD,0x8218,0x0000,0x0000,0x0000,0x0000,0x0000,0xE672,0x4BD5,
    0x29A4,0x69AC,0x69AC,0x29AC,0x4BD5,0x455A,0x0000,0x0000,0x0000,0x0000,0x0000,0x0000,
    0x0000,0x0000,0x8218,0xADFE,0x4CFE,0x0CF6,0x2CF6,0x2CF6,0xECF5,0x4FFF,0x455A,0x0000,
    0x0000,0x0000,0xE220,0x277B,0xA66A,0xE449,0x089C,0xCCE5,0xEAC4,0x49AC,0x8BE5,0x0CF6,
    0x2CFE,0x0CF6,0x2CF6,0x0CF6,0xADFE,0x6CFE,0xE99B,0xC220,0xC79B,0x6BFE,0xB3F6,0x36FF,
    0xF4FE,0xD7FF,0x55FF,0x064A,0x0000,0x0000,0x0000,0x0000,0x0000,0x0000,0x0000,0x0000,
    0x0000,0x0000,0x0000,0x0000,0x0000,0x0100,0xA1FD,0x40FE,0x00EE,0x80FE,0x20C4,0x0000,
    0x0000,0x0000,0x0000,0x0000,0x0000,0x0000,0x0000,0x0000,0x0000,0x0000,0x0000,0x0000,
    0x0000,0x0000,0x0000,0x0000,0x0000,0x0000,0x0000,0x0000,0x0000,0x0000,0x0000,0x0000,
    0x0000,0x0000,0x0000,0x0000,0x0000,0x0000,0x0000,0x0000,0x0000,0x0000,0x0000,0x0000,
    0x0000,0x0000,0x0000,0x0000,0x0000,0x0000,0x0000,0x0000,0x0000,0x0000,0x0000,0x0000,
    0x0000,0x0000,0x0000,0x0000,0x0000,0x0000,0x0000,0x0000,0x0000,0x0000,0x0000,0x0000,
    0x0000,0x0000,0x0000,0x0000,0x0000,0x0000,0x0000,0x0000,0x0000,0x0000,0x0000,0x0000,
    0x2AD5,0xCDFE,0xECF5,0x2CFE,0xCBBC,0x8210,0x28AC,0xE449,0x0000,0x0000,0x0000,0x0000,
    0x0000,0x0000,0x0100,0xE89B,0x0ACD,0x49AC,0x69AC,0x49AC,0xCABC,0xC89B,0x0000,0x0000,
    0x0000,0x0000,0x0000,0x0000,0x0000,0x0000,0x0000,0x09A4,0x2EFF,0xECF5,0x2CF6,0x2CF6,
    0xCBED,0xCDFE,0x4ADD,0x0000,0x0000,0x0000,0x0000,0x0329,0xECED,0xAABC,0x0000,0x455A,
    0x0ACD,0x69B4,0x6BDD,0xCAC4,0x0DEE,0x4DFE,0x0CFE,0x2CF6,0x0CF6,0x6DFE,0xCCFE,0x8DFE,
    0x74FF,0xD3FE,0x36FF,0xF4FE,0x14FF,0xF4FE,0xF8FF,0xFAFF,0x90C5,0x0000,0x0000,0x0000,
    0x0000,0x0000,0x0000,0x0000,0x0000,0x0000,0x0000,0x0000,0x0000,0x0000,0xE182,0x60FF,
    0x60FE,0xE1FE,0x8018,0x0000,0x0000,0x0000,0x0000,0x0000,0x0000,0x0000,0x0000,0x0000,
    0x0000,0x0000,0x0000,0x0000,0x0000,0x0000,0x0000,0x0000,0x0000,0x0000,0x0000,0x0000,
    0x0000,0x0000,0x0000,0x0000,0x0000,0x0000,0x0000,0x0000,0x0000,0x0000,0x0000,0x0000,
    0x0000,0x0000,0x0000,0x0000,0x0000,0x0000,0x0000,0x0000,0x0000,0x0000,0x0000,0x0000,
    0x0000,0x0000,0x0000,0x0000,0x0000,0x0000,0x0000,0x0000,0x0000,0x0000,0x0000,0x0000,
    0x0000,0x0000,0x0000,0x0000,0x0000,0x0000,0x0000,0x0000,0x0000,0x0000,0x0000,0x0000,
    0x0000,0x0000,0x0000,0x0000,0x6CD5,0xCDFE,0x0CF6,0x2CFE,0x2CFE,0x4CF6,0xC672,0x0000,
    0x0000,0x0000,0x0000,0x0000,0x0000,0x0000,0x0000,0x8218,0x29A4,0xCABC,0x49AC,0x69AC,
    0x49AC,0x0ACD,0xA441,0x0000,0x0000,0x0000,0x0000,0x0000,0x0000,0x0000,0x0000,0xC320,
    0xCEFE,0x4CFE,0x0CF6,0xEAF5,0x8DFE,0x0FFF,0x09A4,0xE320,0x8531,0x2110,0x0000,0x0000,
    0xE672,0x6BD5,0xAABC,0x0000,0x067B,0x2ACD,0x89BC,0x6BDD,0xADDD,0xADDD,0x0DF6,0x2CFE,
    0x2CFE,0xEBF5,0xACE5,0x92F6,0x16FF,0x15FF,0xF4FE,0xF4FE,0x35FF,0x54FF,0xAEDD,0x73F6,
    0xFBFF,0xF7FF,0xE449,0x0000,0x0000,0x0000,0x0000,0x0000,0x0000,0x0000,0x0000,0x0000,
    0x0000,0x0000,0x0000,0x8172,0x60FE,0xC0AB,0x0000,0x0000,0x0000,0x0000,0x0000,0x0000,
    0x0000,0x0000,0x0000,0x0000,0x0000,0x0000,0x0000,0x0000,0x0000,0x0000,0x0000,0x0000,
    0x0000,0x0000,0x0000,0x0000,0x0000,0x0000,0x0000,0x0000,0x0000,0x0000,0x0000,0x0000,
    0x0000,0x0000,0x0000,0x0000,0x0000,0x0000,0x0000,0x0000,0x0000,0x0000,0x0000,0x0000,
    0x0000,0x0000,0x0000,0x0000,0x0000,0x0000,0x0000,0x0000,0x0000,0x0000,0x0000,0x0000,
    0x0000,0x0000,0x0000,0x0000,0x0000,0x0000,0x0000,0x0000,0x0000,0x0000,0x0000,0x0000,
    0x0000,0x0000,0x0000,0x0000,0x0000,0x0000,0x0000,0x0000,0x6BDD,0xCDFE,0x0CF6,0x2CF6,
    0x2CF6,0x4EFF,0xC449,0x0000,0x0000,0x0000,0x0000,0x0000,0x0000,0x0000,0x0000,0x0000,
    0x2108,0x0ACD,0x89B4,0x49AC,0x69AC,0x69AC,0x0ACD,0x89B4,0x678B,0xC449,0x0000,0x0000,
    0x0000,0x0000,0x0000,0x0000,0xA993,0x4EFF,0xCBF5,0x33FF,0xEFB4,0xD8FF,0x71BD,0x2431,
    0x76FF,0xB7FF,0xE649,0x0000,0xA441,0xAABC,0xEAC4,0x69B4,0x0000,0x89B4,0xCABC,0x69B4,
    0xEACC,0x09CD,0xEEE5,0x2FF6,0xCBED,0x70F6,0x58FF,0x56FF,0xF4FE,0xF4FE,0xF4FE,0xF5FE,
    0x75FF,0x4BAC,0xCA41,0x0000,0x4339,0x6762,0x2EA4,0x4108,0x0000,0x0000,0x0000,0x0000,
    0x0000,0x0000,0x0000,0x0000,0x0000,0x0000,0x0000,0x0200,0x6110,0x2108,0x0000,0x0000,
    0x0000,0x0000,0x0000,0x0000,0x0000,0x0000,0x0000,0x0000,0x0000,0x0000,0x0000,0x0000,
    0x0000,0x0000,0x0000,0x0000,0x0000,0x0000,0x0000,0x0000,0x0000,0x0000,0x0000,0x0000,
    0x0000,0x0000,0x0000,0x0000,0x0000,0x0000,0x0000,0x0000,0x0000,0x0000,0x0000,0x0000,
    0x0000,0x0000,0x0000,0x0000,0x0000,0x0000,0x0000,0x0000,0x0000,0x0000,0x0000,0x0000,
    0x0000,0x0000,0x0000,0x0000,0x0000,0x0000,0x0000,0x0000,0x0000,0x0000,0x0000,0x0000,
    0x0000,0x0000,0x0000,0x0000,0x0000,0x0000,0x0000,0x0000,0x0000,0x0000,0x0000,0x0000,
    0x4BD5,0xCEFE,0x0CF6,0x2CF6,0x0CF6,0x2EFF,0x6439,0x0000,0x0000,0x0000,0x0000,0x0000,
    0x0000,0x0000,0x0000,0x0000,0x0000,0x255A,0x4BD5,0x49AC,0x69AC,0x69AC,0x49AC,0x89B4,
    0x2BCD,0x89B4,0x2108,0x0000,0x0000,0x0000,0x0000,0x0000,0x0000,0xCCED,0x54FF,0xF9FF,
    0x275A,0x0973,0xFCFF,0xAB93,0x8541,0xFCFF,0xD4FE,0x6439,0x0000,0x678B,0xEAC4,0xEAC4,
    0xE672,0x0000,0x08A4,0x2BCD,0xAABC,0x69AC,0x2AD5,0xEAC4,0x8BDD,0x8CDD,0x72EE,0xF4FE,
    0x35FF,0x14FF,0xF4FE,0x15FF,0x53FF,0x0531,0x6B4A,0x0000,0x0000,0x0000,0x4310,0x2108,
    0x0000,0x0000,0x0000,0x0000,0x0000,0x0000,0x0000,0x0000,0x0000,0x0000,0x0000,0x0000,
    0x0000,0x0000,0x0000,0x0000,0x0000,0x0000,0x0000,0x0000,0x0000,0x0000,0x0000,0x0000,
    0x0000,0x0000,0x0000,0x0000,0x0000,0x0000,0x0000,0x0000,0x0000,0x0000,0x0000,0x0000,
    0x0000,0x0000,0x0000,0x0000,0x0000,0x0000,0x0000,0x0000,0x0000,0x0000,0x0000,0x0000,
    0x0000,0x0000,0x0000,0x0000,0x0000,0x0000,0x0000,0x0000,0x0000,0x0000,0x0000,0x0000,
    0x0000,0x0000,0x0000,0x0000,0x0000,0x0000,0x0000,0x0000,0x0000,0x0000,0x0000,0x0000,
    0x0000,0x0000,0x0000,0x0000,0x0000,0x0000,0x0000,0x0000,0x0000,0x0000,0x0000,0x0000,
    0x0000,0x0000,0x0000,0x0000,0xABE5,0x8CFE,0xCAF5,0xEBF5,0xEBF5,0x4BFE,0x0231,0x0000,
    0x0000,0x0000,0x0000,0x0000,0x0000,0x0000,0x0000,0x0000,0x0000,0x0000,0x29AC,0xEAC4,
    0x49AC,0x69AC,0x29A4,0x49AC,0x08A4,0xEAC4,0x0329,0x0000,0x0000,0x0000,0x0000,0x0000,
    0x0000,0x675A,0xF9FF,0xB3FE,0xFAFF,0xA541,0x4DA4,0xFBFF,0x8218,0x2FCD,0xF9FF,0x0FBD,
    0x0000,0x0329,0x0AC5,0x089C,0x2BCD,0x2783,0x0000,0xE449,0x878B,0xCABC,0xCABC,0x6BD5,
    0x28A4,0xC9C4,0xEBF5,0xC8C4,0xD3FE,0x77FF,0x35FF,0xF4FE,0xF7FF,0xA649,0x0000,0x0100,
    0x4110,0x0000,0x6539,0xE328,0x0000,0x0000,0x0000,0x0000,0x0000,0x0000,0x0000,0x0000,
    0x0000,0x0000,0x0000,0x0000,0x0000,0x0000,0x0000,0x0000,0x0000,0x0000,0x0000,0x0000,
    0x0000,0x0000,0x0000,0x0000,0x0000,0x0000,0x0000,0x0000,0x0000,0x0000,0x0000,0x0000,
    0x0000,0x0000,0x0000,0x0000,0x0000,0x0000,0x0000,0x0000,0x0000,0x0000,0x0000,0x0000,
    0x0000,0x0000,0x0000,0x0000,0x0000,0x0000,0x0000,0x0000,0x0000,0x0000,0x0000,0x0000,
    0x0000,0x0000,0x0000,0x0000,0x0000,0x0000,0x0000,0x0000,0x0000,0x0000,0x0000,0x0000,
    0x0000,0x0000,0x0000,0x0000,0x0000,0x0000,0x0000,0x0000,0x0000,0x0000,0x0000,0x0000,
    0x0000,0x0000,0x0000,0x0000,0x0000,0x0000,0x0000,0x0000,0x29AC,0x92FF,0x71F6,0x75FF,
    0xD6FF,0xCB93,0x885A,0x2421,0x0000,0x0000,0x0000,0x0000,0x0000,0x0000,0x0000,0x0000,
    0x0000,0x0000,0x4110,0x69B4,0xAABC,0x49AC,0x69AC,0x29A4,0x49AC,0xAABC,0xC220,0x0000,
    0x0000,0x0000,0x0000,0x0000,0x0000,0x0000,0xD4FE,0x96FF,0xF8FF,0x4A7B,0x8862,0xFAFF,
    0x6A83,0xAEAC,0xFAFF,0x2FC5,0x0000,0x0000,0x29A4,0xCAC4,0xE89B,0x0AC5,0xCABC,0x0552,
    0x0000,0x4108,0xE449,0xC672,0x4783,0xC449,0x8662,0x4AD5,0xA9BC,0xCAC4,0xD3FE,0x36FF,
    0x97FF,0x95FF,0xA76A,0x2100,0x0100,0x8118,0x2EF6,0xA441,0x0000,0x0000,0x0000,0x0000,
    0x0000,0x0000,0x0000,0x0000,0x0000,0x0000,0x0000,0x0000,0x0000,0x0000,0x6210,0x6210,
    0x0000,0x0000,0x0000,0x0000,0x0000,0x0000,0x0000,0x0000,0x0000,0x0000,0x0000,0x0000,
    0x0000,0x0000,0x0000,0x0000,0x0000,0x0000,0x0000,0x0000,0x0000,0x0000,0x0000,0x0000,
    0x0000,0x0000,0x0000,0x0000,0x0000,0x0000,0x0000,0x0000,0x0000,0x0000,0x0000,0x0000,
    0x0000,0x0000,0x0000,0x0000,0x0000,0x0000,0x0000,0x0000,0x0000,0x0000,0x0000,0x0000,
    0x0000,0x0000,0x0000,0x0000,0x0000,0x0000,0x0000,0x0000,0x0000,0x0000,0x0000,0x0000,
    0x0000,0x0000,0x0000,0x0000,0x0000,0x0000,0x0000,0x0000,0x0000,0x0000,0x0000,0x0000,
    0xA962,0xFAFF,0x56FF,0x0FBD,0xCEB4,0xFBFF,0x55FF,0xB1CD,0x90C5,0x0000,0x0000,0x0000,
    0x0000,0x0000,0x0000,0x0000,0x0000,0x0000,0x0000,0xA441,0x4BD5,0x49AC,0x49AC,0x08A4,
    0x49AC,0x2BCD,0xE320,0x0000,0x0000,0x0000,0x0000,0x0000,0x0000,0x0000,0x2752,0xF9FF,
    0xF9FF,0x55FF,0x2752,0xFDFF,0x6A83,0x12E6,0xF9FF,0xE649,0x0000,0x0100,0xA441,0x2BCD,
    0xEAC4,0xCABC,0xCABC,0x6DFE,0xC66A,0x0000,0x0000,0x0000,0xE328,0x277B,0x455A,0xE451,
    0x0ACD,0xA9BC,0xE9C4,0x2CC5,0x72EE,0x91F6,0x31FF,0xF4FF,0x665A,0xCABC,0x0ACD,0x0000,
    0x0000,0x0000,0x0000,0x0000,0x0000,0x0000,0x0000,0x0000,0x0000,0x0000,0x0000,0x0000,
    0x0000,0x0000,0x6210,0x4110,0x6110,0x0000,0x0000,0x0000,0x4110,0x6110,0x0000,0x0000,
    0x0000,0x0000,0x0000,0x0000,0x0000,0x0000,0x0000,0x0000,0x0000,0x0000,0x0000,0x0000,
    0x0000,0x0000,0x0000,0x0000,0x0000,0x0000,0x0000,0x0000,0x0000,0x0000,0x0000,0x0000,
    0x0000,0x0000,0x0000,0x0000,0x0000,0x0000,0x0000,0x0000,0x0000,0x0000,0x0000,0x0000,
    0x0000,0x0000,0x0000,0x0000,0x0000,0x0000,0x0000,0x0000,0x0000,0x0000,0x0000,0x0000,
    0x0000,0x0000,0x0000,0x0000,0x0000,0x0000,0x0000,0x0000,0x0000,0x0000,0x0000,0x0000,
    0x0000,0x0000,0x0000,0x0000,0x6762,0xF8FF,0xD4FE,0x55FF,0xA218,0x4A83,0xF8FF,0x8220,
    0xB6FF,0xB1D5,0x2000,0x0000,0x0000,0x0000,0x0000,0x0000,0x0000,0x0000,0x0000,0x0000,
    0x2783,0x8BDD,0xEAC4,0xEAC4,0x8BDD,0xA66A,0x0000,0x0000,0x0000,0x4108,0x2000,0x2108,
    0x6210,0x4108,0x0000,0xA218,0x0321,0xC220,0xC218,0x6431,0x0000,0xC320,0x0108,0x0000,
    0x2108,0x2000,0x0000,0x4108,0x4108,0xA441,0x69B4,0xA66A,0x4110,0x0000,0x0000,0x0000,
    0x0000,0x0000,0xA66A,0xC66A,0x4108,0xA441,0xC672,0xE79B,0x28AC,0xE7A3,0xC79B,0xE451,
    0x2108,0xA66A,0xA441,0x0000,0x0000,0x0000,0x0000,0x0000,0x0000,0x0000,0x0000,0x0000,
    0x0000,0x0000,0x0000,0x0000,0x6210,0x6210,0x0000,0x6110,0x6110,0x0000,0x0000,0x4110,
    0x4110,0x0000,0x0000,0x0000,0x0000,0x0000,0x0000,0x0000,0x0000,0x0000,0x0000,0x0000,
    0x0000,0x0000,0x0000,0x0000,0x0000,0x0000,0x0000,0x0000,0x0000,0x0000,0x0000,0x0000,
    0x0000,0x0000,0x0000,0x0000,0x0000,0x0000,0x0000,0x0000,0x0000,0x0000,0x0000,0x0000,
    0x0000,0x0000,0x0000,0x0000,0x0000,0x0000,0x0000,0x0000,0x0000,0x0000,0x0000,0x0000,
    0x0000,0x0000,0x0000,0x0000,0x0000,0x0000,0x0000,0x0000,0x0000,0x0000,0x0000,0x0000,
    0x0000,0x0000,0x0000,0x0000,0x0000,0x0000,0x0000,0x0000,0x91D5,0xF9FF,0x93F6,0x76FF,
    0x96FF,0x0000,0xF9FF,0x93EE,0x0000,0xF8FF,0x0973,0x0000,0x8218,0x6110,0x0000,0x6210,
    0x4110,0x4108,0x4108,0x4108,0x0000,0x4331,0x878B,0xC449,0xE220,0x0000,0x2000,0x6108,
    0x6108,0x6108,0x6108,0x4108,0x2000,0x4108,0xA210,0x0000,0x0000,0x0000,0x0000,0x0000,
    0x0000,0x0000,0x0000,0x2000,0x6108,0x6108,0x6008,0x2000,0x0000,0x0000,0x0000,0x0000,
    0x4108,0x6110,0x6110,0x6208,0x4108,0x6110,0x0000,0x6110,0x0100,0x0000,0x0000,0x0100,
    0x0100,0x0100,0x0100,0x0000,0xE449,0x0000,0x0000,0x0000,0x0000,0x0000,0x0000,0x0000,
    0x0000,0x0000,0x0000,0x0000,0x0000,0x0000,0x6110,0x0000,0x4110,0x4110,0x6110,0x0000,
    0x4110,0x6110,0x4110,0x4110,0x0000,0x0000,0x0000,0x0000,0x0000,0x0000,0x0000,0x0000,
    0x0000,0x0000,0x0000,0x0000,0x0000,0x0000,0x0000,0x0000,0x0000,0x0000,0x0000,0x0000,
    0x0000,0x0000,0x0000,0x0000,0x0000,0x0000,0x0000,0x0000,0x0000,0x0000,0x0000,0x0000,
    0x0000,0x0000,0x0000,0x0000,0x0000,0x0000,0x0000,0x0000,0x0000,0x0000,0x0000,0x0000,
    0x0000,0x0000,0x0000,0x0000,0x0000,0x0000,0x0000,0x0000,0x0000,0x0000,0x0000,0x0000,
    0x0000,0x0000,0x0000,0x0000,0x0000,0x0000,0x0000,0x0000,0x0000,0x0000,0x0000,0x0000,
    0xE96A,0x15F7,0xF9FF,0xF7FF,0xFBFF,0x2C9C,0x4FCD,0xFBFF,0x0652,0x0C94,0x0000,0x2108,
    0x4110,0x4110,0x4110,0x6210,0x0000,0x4108,0x8210,0x6108,0x4108,0x0000,0x0000,0x0000,
    0x0000,0x8108,0x6108,0x6108,0x6108,0x8208,0xA210,0x6108,0x0000,0x6108,0xC310,0x8210,
    0x8210,0xA218,0x0000,0x0000,0x0000,0x2000,0x0000,0x0000,0x8110,0x8110,0x6108,0x8110,
    0xA218,0xA210,0x2000,0xA110,0xE318,0xC218,0xC218,0xC218,0xA210,0x2000,0x8218,0x2108,
    0x6210,0x6210,0x6210,0x4108,0x2108,0x2108,0x4108,0x6110,0x0100,0x6210,0x6210,0x6110,
    0x6210,0x6210,0x0000,0x0000,0x0000,0x0000,0x0000,0x0000,0x0000,0x0000,0x4110,0x4110,
    0x4110,0x4110,0x4110,0x4110,0x4110,0x4110,0x4110,0x4110,0x4110,0x6110,0x6210,0x0000,
    0x0000,0x0000,0x0000,0x0000,0x0000,0x0000,0x0000,0x0000,0x0000,0x0000,0x0000,0x0000,
    0x0000,0x0000,0x0000,0x0000,0x0000,0x0000,0x0000,0x0000,0x0000,0x0000,0x0000,0x0000,
    0x0000,0x0000,0x0000,0x0000,0x0000,0x0000,0x0000,0x0000,0x0000,0x0000,0x0000,0x0000,
    0x0000,0x0000,0x0000,0x0000,0x0000,0x0000,0x0000,0x0000,0x0000,0x0000,0x0000,0x0000,
    0x0000,0x0000,0x0000,0x0000,0x0000,0x0000,0x0000,0x0000,0x0000,0x0000,0x0000,0x0000,
    0x0000,0x2108,0x4108,0x4108,0x0000,0x0000,0x064A,0x0FB5,0x8A83,0x0000,0x2331,0xC320,
    0x0652,0x0000,0x2108,0x6210,0x0000,0x0000,0x0000,0x0000,0x0000,0x0000,0x0000,0x0000,
    0x0000,0x0000,0x0000,0x0000,0x0000,0x0000,0x0000,0x0000,0x0000,0x0000,0x0000,0x0000,
    0x0000,0x0000,0x0000,0x0000,0x0000,0x0000,0x0000,0x0000,0x0000,0x0000,0x0000,0x0000,
    0x0000,0x0000,0x0000,0x0000,0x0000,0x0000,0x0000,0x0000,0x0000,0x0000,0x0000,0x0000,
    0x0000,0x0000,0x0000,0x0000,0x0000,0x0000,0x0000,0x0000,0x0000,0x0000,0x6210,0x6210,
    0x8218,0x6110,0x6210,0x6210,0x6110,0x4110,0x4110,0x4110,0x4110,0x6110,0x6210,0x6210,
    0x6110,0x0000,0x6210,0x4110,0x4110,0x4110,0x4110,0x4110,0x4110,0x4110,0x4110,0x4110,
    0x4110,0x4110,0x6110,0x0000,0x0000,0x0000,0x0000,0x0000,0x0000,0x0000,0x0000,0x0000,
    0x0000,0x0000,0x0000,0x0000,0x0000,0x0000,0x0000,0x0000,0x0000,0x0000,0x0000,0x0000,
    0x0000,0x0000,0x0000,0x0000,0x0000,0x0000,0x0000,0x0000,0x0000,0x0000,0x0000,0x0000,
    0x0000,0x0000,0x0000,0x0000,0x0000,0x0000,0x0000,0x0000,0x0000,0x0000,0x0000,0x0000,
    0x0000,0x0000,0x0000,0x0000,0x0000,0x0000,0x0000,0x0000,0x0000,0x6210,0x6210,0x6210,
    0x4110,0x8218,0x0000,0x6108,0x6108,0x6208,0x4108,0x4008,0x6110,0x4108,0x0000,0x0000,
    0x0000,0x0000,0x0000,0x0000,0x0000,0x0000,0x0000,0x0000,0x0000,0x0000,0x0000,0x0000,
    0x0000,0x0000,0x0000,0x0000,0x0000,0x0000,0x0000,0x0000,0x0000,0x0000,0x0000,0x0000,
    0x0000,0x0000,0x0000,0x0000,0x0000,0x0000,0x0000,0x0000,0x0000,0x0000,0x0000,0x0000,
    0x0000,0x0000,0x0000,0x0000,0x0000,0x0000,0x0000,0x0000,0x0000,0x0000,0x0000,0x0000,
    0x0000,0x0000,0x0000,0x0000,0x0000,0x0000,0x0000,0x0000,0x0000,0x0000,0x0000,0x0000,
    0x0000,0x0000,0x0000,0x0000,0x0000,0x0000,0x0000,0x0000,0x0000,0x0000,0x6210,0x6210,
    0x6210,0x6210,0x6210,0x6110,0x4110,0x4110,0x2000,0x6108,0x4108,0x4108,0x4108,0x4108,
    0x4110,0x4110,0x4110,0x4110,0x4110,0x4110,0x4110,0x6210,0x0000,0x0000,0x0000,0x0000,
    0x0000,0x0000,0x0000,0x0000,0x0000,0x0000,0x0000,0x0000,0x0000,0x0000,0x0000,0x0000,
    0x0000,0x0000,0x0000,0x0000,0x0000,0x0000,0x0000,0x0000,0x0000,0x0000,0x0000,0x0000,
    0x0000,0x0000,0x0000,0x0000,0x0000,0x0000,0x0000,0x0000,0x0000,0x0000,0x0000,0x0000,
    0x0000,0x0000,0x0000,0x0000,0x0000,0x0000,0x0000,0x0000,0x6210,0x6210,0x6110,0x4110,
    0x4110,0x4110,0x6110,0x6210,0x4110,0x8210,0x0000,0x4108,0x6108,0x4108,0x2000,0x2000,
    0x2000,0x0000,0x0000,0x0000,0x0000,0x0000,0x0000,0x0000,0x0000,0x0000,0x0000,0x0000,
    0x0000,0x0000,0x0000,0x0000,0x4108,0x2000,0x4108,0x2000,0x0000,0x0000,0x0000,0x0000,
    0x0000,0x0000,0x2000,0x2000,0x2000,0x2000,0x0000,0x0000,0x0000,0x8110,0x0000,0x2000,
    0x2000,0x2000,0xA310,0x0000,0x0000,0x0000,0x0000,0x0000,0x6108,0x2000,0x0000,0x4108,
    0xE318,0x0000,0x0000,0x0000,0x0000,0x0000,0x0000,0x0000,0x0000,0x0000,0x0000,0x0000,
    0x0000,0x0000,0x0000,0x0000,0x0000,0x0000,0x0000,0x0000,0x0000,0x0000,0x0000,0x0000,
    0x0000,0x0000,0x0000,0x0000,0x0000,0x0000,0x0000,0x0000,0x0000,0x0000,0x0000,0x6108,
    0x6110,0x6110,0x6108,0x4108,0x2100,0x6108,0x4108,0x4110,0x4110,0x4110,0x4110,0x4110,
    0x6110,0x4110,0x0000,0x0000,0x0000,0x0000,0x0000,0x0000,0x0000,0x0000,0x0000,0x0000,
    0x0000,0x0000,0x0000,0x0000,0x0000,0x0000,0x0000,0x0000,0x0000,0x0000,0x0000,0x0000,
    0x0000,0x0000,0x0000,0x0000,0x0000,0x0000,0x0000,0x0000,0x0000,0x0000,0x0000,0x0000,
    0x0000,0x0000,0x0000,0x0000,0x0000,0x0000,0x0000,0x6210,0x4110,0x4110,0x4110,0x4110,
    0x4110,0x6110,0x6210,0x6210,0x6210,0x0000,0x0000,0x0000,0x2000,0x6108,0x6110,0x4108,
    0x2000,0x0000,0x2008,0x4108,0x4108,0x4108,0x4108,0x0000,0x0000,0x0000,0x0000,0x0000,
    0x0000,0x0000,0x0000,0x0000,0x0000,0x0000,0x0000,0x4108,0x8210,0x2000,0x0000,0x6108,
    0x4108,0x0000,0x0000,0x2000,0x6108,0x2000,0x0000,0x0000,0x2000,0x6108,0x4108,0x0000,
    0x8110,0x6110,0x4108,0x2000,0x2000,0x4108,0x4108,0x2000,0x0000,0x0000,0x0000,0x4108,
    0x2000,0x0000,0x0000,0x2000,0x6108,0x6108,0x8110,0x6008,0x6110,0x6108,0x4008,0x4008,
    0x6108,0x0000,0x0000,0x0000,0x0000,0x0000,0x0000,0x0000,0x0000,0x0000,0x0000,0x0000,
    0x0000,0x0000,0x0000,0x0000,0x0000,0x0000,0x0000,0x0000,0x0000,0x0000,0x0000,0x0000,
    0x0000,0x0000,0x0000,0x4108,0x6108,0x6108,0x6108,0x6108,0x6108,0x6108,0x2000,0x4110,
    0x4110,0x4110,0x4110,0x4110,0x4110,0x4110,0x0000,0x0000,0x0000,0x0000,0x0000,0x0000,
    0x0000,0x0000,0x0000,0x0000,0x0000,0x0000,0x0000,0x0000,0x0000,0x0000,0x0000,0x0000,
    0x0000,0x0000,0x0000,0x0000,0x0000,0x0000,0x0000,0x0000,0x0000,0x0000,0x0000,0x0000,
    0x0000,0x0000,0x0000,0x0000,0x0000,0x0000,0x0000,0x0000,0x0000,0x0000,0x0000,0x6210,
    0x6210,0x6210,0x6210,0x0000,0x0000,0x0000,0x0000,0x0000,0x0000,0x0000,0x2000,0x4108,
    0x0000,0x0000,0x0000,0x0000,0x0000,0x2000,0x0000,0x0000,0x0000,0x0000,0x0000,0x2000,
    0x4108,0x0000,0x0000,0x0000,0x0000,0x0000,0x0000,0x0000,0x0000,0x0000,0x8210,0x8110,
    0x0000,0x0000,0x2000,0x0000,0x0000,0x0000,0x0000,0x0000,0x0000,0x0000,0x0000,0x0000,
    0x0000,0x0000,0x0000,0x6108,0x0000,0x0000,0x0000,0x0000,0x0000,0x0000,0x0000,0x2000,
    0x0000,0x2000,0x0000,0x0000,0x0000,0x0000,0x0000,0x0000,0x0000,0x0100,0x2108,0x4008,
    0x0000,0x0000,0x0000,0x0000,0x0000,0x0000,0x2000,0x0000,0x0000,0x0000,0x0000,0x0000,
    0x0000,0x0000,0x0000,0x0000,0x0000,0x0000,0x0000,0x0000,0x0000,0x0000,0x0000,0x0000,
    0x0000,0x0000,0x0000,0x0000,0x0000,0x0000,0xA210,0x4100,0x0000,0x0100,0x0100,0x0000,
    0x0000,0x2000,0x0000,0x0000,0x0000,0x0000,0x6210,0x6210,0x6110,0x4110,0x4110,0x4110,
    0x0000,0x0000,0x0000,0x0000,0x0000,0x0000,0x0000,0x0000,0x0000,0x0000,0x0000,0x0000,
    0x0000,0x0000,0x0000,0x0000,0x0000,0x0000,0x0000,0x0000,0x0000,0x0000,0x0000,0x0000,
    0x0000,0x0000,0x0000,0x0000,0x0000,0x0000,0x0000,0x0000,0x0000,0x0000,0x0000,0x0000,
    0x0000,0x0000,0x0000,0x0000,0x0000,0x0000,0x0000,0x0000,0x0000,0x0000,0x0000,0x0000,
    0x0000,0x0000,0x4108,0x0000,0x0000,0x4D6B,0xF7BD,0x7DEF,0xDFFF,0xFFFF,0xBEF7,0xFBDE,
    0x14A5,0xAA52,0x0000,0x2000,0x4108,0x0000,0x0000,0x0000,0x0000,0x0000,0x0000,0x0000,
    0x0000,0x0000,0xA210,0x0000,0xE739,0xFFFF,0xFFFF,0x14A5,0x0000,0x0000,0x2000,0x0000,
    0x2421,0xB6B5,0x7DEF,0x9EF7,0x5DEF,0x75AD,0x6108,0x0000,0x0419,0xF49C,0x5DEF,0x7DF7,
    0x7DEF,0xD7BD,0x8210,0x0000,0x4008,0x0000,0x0000,0x2742,0x07A5,0x05D6,0x44E6,0xE4DD,
    0x639C,0x225A,0x0000,0x0000,0x0073,0x6083,0x4083,0x407B,0x0000,0x4108,0x0000,0x0000,
    0x0000,0x0000,0x0000,0x0000,0x0000,0x0000,0x0000,0x0000,0x0000,0x0000,0x0000,0x0000,
    0x0000,0x0000,0x0000,0x0000,0x0000,0x0000,0x0000,0x0000,0x0000,0x0000,0x0000,0x6108,
    0x0294,0x818B,0x4083,0x8083,0x4008,0x0000,0x4108,0x0000,0x0000,0x0000,0x0000,0x0000,
    0x0000,0x0000,0x6210,0x6210,0x0000,0x0000,0x0000,0x0000,0x0000,0x0000,0x0000,0x0000,
    0x0000,0x0000,0x0000,0x0000,0x0000,0x0000,0x0000,0x0000,0x0000,0x0000,0x0000,0x0000,
    0x0000,0x0000,0x0000,0x0000,0x0000,0x0000,0x0000,0x0000,0x0000,0x0000,0x0000,0x0000,
    0x0000,0x0000,0x0000,0x0000,0x0000,0x0000,0x0000,0x0000,0x0000,0x0000,0x0000,0x0000,
    0x0000,0x0000,0x0000,0x0000,0x2000,0x6108,0x0000,0x6529,0xFFFF,0xFFFF,0xFFFF,0xFFFF,
    0xFFFF,0xFFFF,0xFFFF,0xFFFF,0xFFFF,0xFFFF,0xEB5A,0x0000,0xA210,0x0000,0x0000,0x0000,
    0x0000,0x0000,0x0000,0x0000,0x0000,0x4108,0x0000,0x0000,0xFFFF,0xFFFF,0xDFFF,0xFFFF,
    0x494A,0x0000,0x0000,0xCB5A,0xFFFF,0xFFFF,0xFFFF,0xFFFF,0xFFFF,0xFFFF,0x0000,0x694A,
    0xFFFF,0xFFFF,0xFFFF,0xFFFF,0xFFFF,0xFFFF,0xA210,0x0000,0x0000,0x4400,0xD3B5,0xEAFF,
    0x20FF,0xA0FE,0xC0FE,0xE0FE,0x22FF,0xE0FF,0x80B4,0x0000,0x60FF,0x00FF,0x40FF,0xE0FE,
    0x0000,0x6108,0x0000,0x0000,0x0000,0x0000,0x0000,0x0000,0x0000,0x0000,0x0000,0x0000,
    0x0000,0x0000,0x0000,0x0000,0x0000,0x0000,0x0000,0x0000,0x0000,0x0000,0x0000,0x0000,
    0x0000,0x0000,0x0000,0x8131,0xE1FF,0x40FF,0xA0FF,0xC0FF,0x0000,0x0000,0x2008,0x0000,
    0x0000,0x0000,0x0000,0x0000,0x0000,0x0000,0x0000,0x0000,0x0000,0x0000,0x0000,0x0000,
    0x0000,0x0000,0x0000,0x0000,0x0000,0x0000,0x0000,0x0000,0x0000,0x0000,0x0000,0x0000,
    0x0000,0x0000,0x0000,0x0000,0x0000,0x0000,0x0000,0x0000,0x0000,0x0000,0x0000,0x0000,
    0x0000,0x0000,0x0000,0x0000,0x0000,0x0000,0x0000,0x0000,0x0000,0x0000,0x0000,0x0000,
    0x0000,0x0000,0x0000,0x0000,0x0000,0x0000,0x0000,0x0000,0x4108,0x0000,0x2C63,0xFFFF,
    0xFFFF,0xBEF7,0xBEF7,0xFFFF,0xFFFF,0xFFFF,0xFFFF,0xBEF7,0xDFFF,0xDFFF,0x0000,0x2000,
    0x8210,0x0000,0x0000,0x0000,0x2000,0xC310,0x8208,0x2108,0x0000,0x8210,0x0000,0x6529,
    0xFFFF,0xFFFF,0xFFFF,0xFFFF,0x0421,0x0000,0x8A52,0xFFFF,0xFFFF,0x9EF7,0xFFFF,0xFFFF,
    0xFFFF,0x918C,0x0000,0xFFFF,0xFFFF,0xBEF7,0xFFFF,0xFFFF,0xFFFF,0x9EF7,0x0000,0x0000,
    0x8773,0x29FF,0x24FF,0x80F5,0x80F5,0xC0F5,0x00FE,0xE1F5,0x81ED,0x00FF,0x4062,0x4010,
    0x20FF,0xA0ED,0xC0FE,0x80D5,0x0100,0x8110,0x2000,0x0000,0x0000,0x0000,0x0000,0x0000,
    0x0000,0x0000,0x8210,0x2000,0x8110,0x0000,0x0000,0x0000,0x0000,0x0000,0x0000,0x0000,
    0x0000,0x0000,0x4008,0x2000,0x0000,0x4008,0x0000,0xC062,0x60FF,0xA0ED,0xC0FE,0xA0DD,
    0x0000,0x2000,0x0000,0x0000,0x0000,0x0000,0x0000,0x0000,0x0000,0x0000,0x0000,0x0000,
    0x0000,0x0000,0x0000,0x0000,0x0000,0x0000,0x0000,0x0000,0x0000,0x0000,0x0000,0x0000,
    0x0000,0x0000,0x0000,0x0000,0x0000,0x0000,0x0000,0x0000,0x0000,0x0000,0x0000,0x0000,
    0x0000,0x0000,0x0000,0x0000,0x0000,0x0000,0x0000,0x0000,0x0000,0x0000,0x0000,0x0000,
    0x0000,0x0000,0x0000,0x0000,0x0000,0x0000,0x0000,0x0000,0x0000,0x0000,0x0000,0x8210,
    0x0000,0xA210,0xFFFF,0xFFFF,0xDFFF,0xFFFF,0xFFFF,0x9EF7,0x1CE7,0x5DEF,0xFFFF,0xFFFF,
    0xFFFF,0xF7BD,0x0000,0x6108,0x6108,0x8210,0x8110,0x6108,0x6108,0x2000,0x2000,0x6108,
    0x8210,0x4108,0x4108,0x0000,0xD7BD,0xFFFF,0xFFFF,0x2C63,0x0000,0x0000,0x1CE7,0xFFFF,
    0x9EF7,0xFFFF,0xFFFF,0xCF7B,0x55AD,0x0319,0xF49C,0xFFFF,0x7DEF,0xFFFF,0xFFFF,0x518C,
    0x728C,0x8E73,0x0000,0x224A,0xE2FF,0xC0FD,0x80F5,0x00FE,0x00FF,0x21FF,0x21FF,0x21FF,
    0x80FE,0x00FF,0x0000,0xC06A,0x80FF,0xE0ED,0x80FF,0xC0AC,0x0100,0x6008,0x2000,0x6108,
    0x4108,0x0000,0x0000,0x2000,0x2000,0x6108,0x4008,0x0000,0x4000,0xA110,0x8110,0x6108,
    0x0000,0x0000,0x2000,0x8108,0xE218,0xA110,0x2100,0x2000,0x2000,0x6008,0x0000,0x409C,
    0x00FF,0xC1ED,0x61FF,0xA0AC,0x0100,0x8010,0x4008,0x6008,0x6008,0x4008,0x6108,0x8210,
    0x0000,0x0000,0x0000,0x0000,0x0000,0x0000,0x0000,0x0000,0x0000,0x0000,0x0000,0x0000,
    0x0000,0x0000,0x0000,0x0000,0x0000,0x0000,0x0000,0x0000,0x0000,0x0000,0x0000,0x0000,
    0x0000,0x0000,0x0000,0x0000,0x0000,0x0000,0x0000,0x0000,0x0000,0x0000,0x0000,0x0000,
    0x0000,0x0000,0x0000,0x0000,0x0000,0x0000,0x0000,0x0000,0x0000,0x0000,0x0000,0x0000,
    0x0000,0x0000,0x0000,0xC210,0x0000,0x7294,0xFFFF,0x9EF7,0xFFFF,0xFFFF,0x494A,0x0000,
    0x0000,0x0000,0x2100,0x6529,0x38C6,0x8E73,0x0000,0x0000,0x0000,0x0000,0x0000,0x0000,
    0x0000,0x0000,0x0000,0x0000,0x0000,0x4108,0x4008,0x0000,0x0000,0x0000,0x0000,0x0000,
    0x0000,0x0000,0xFFFF,0xFFFF,0xBEF7,0xFFFF,0xC318,0x0000,0x0000,0x0000,0x38C6,0xFFFF,
    0x5DEF,0xFFFF,0x4529,0x0000,0x0000,0x0000,0x0100,0xE1FE,0x60FE,0xE0F5,0x20FE,0x00FF,
    0xE0D4,0xE059,0x4039,0x4062,0xE0D4,0xE0FE,0x0000,0x60AC,0x20FF,0xC1ED,0xC1FF,0x407B,
    0x0100,0x0000,0x0000,0x0000,0x0000,0x0000,0x0000,0x4008,0x0000,0x0000,0x0000,0x0100,
    0x0000,0x0000,0x0000,0x6108,0x4100,0x4000,0xA210,0x2100,0x0100,0x0100,0x0100,0x0000,
    0x0000,0x0000,0x0000,0x60CD,0xA0FE,0xC1ED,0x80FF,0x207B,0x0100,0x0100,0x0000,0x0100,
    0x0100,0x0000,0x0000,0x0000,0x0000,0x0000,0x0000,0x0000,0x0000,0x0000,0x0000,0x0000,
    0x0000,0x0000,0x0000,0x0000,0x0000,0x0000,0x0000,0x0000,0x0000,0x0000,0x0000,0x0000,
    0x0000,0x0000,0x0000,0x0000,0x0000,0x0000,0x0000,0x0000,0x0000,0x0000,0x0000,0x0000,
    0x0000,0x0000,0x0000,0x0000,0x0000,0x0000,0x0000,0x0000,0x0000,0x0000,0x0000,0x0000,
    0x0000,0x0000,0x0000,0x0000,0x0000,0x0000,0x0000,0x6108,0x0000,0x7AD6,0xFFFF,0x7DEF,
    0xFFFF,0x59CE,0x0000,0x0000,0x4108,0x6108,0x0000,0x0000,0x0000,0x0000,0x0000,0xCF7B,
    0x75AD,0x55AD,0x1084,0x0000,0x35AD,0x9EF7,0xFFFF,0xFBDE,0x6529,0x0000,0x0000,0xAA52,
    0x34A5,0x1084,0x14A5,0x4529,0x2421,0xAF73,0xFFFF,0xFFFF,0xDFFF,0xFFFF,0x2C63,0x894A,
    0x694A,0x6629,0xBAD6,0xFFFF,0xDFFF,0xFFFF,0x8E73,0x6D6B,0xAD73,0x0000,0x617B,0x82FF,
    0xE1F5,0x01FE,0x01FF,0x4093,0x0100,0x0100,0x0000,0x0000,0x0000,0xE020,0x0000,0xE0E5,
    0xA0FE,0x01F6,0x21FF,0x4129,0x419C,0xA1FE,0x42EE,0x0173,0x0000,0x0000,0x4008,0x0000,
    0x0100,0xE362,0xC2CD,0x61F6,0x20F6,0xE193,0x0000,0x0000,0x4008,0x6108,0x0000,0x0100,
    0x8473,0xE2CD,0x82FE,0x82FE,0xC1DD,0xA06A,0x0000,0x60F6,0x20FE,0xE0F5,0x20FF,0x8039,
    0x0000,0x6031,0x60BD,0x60A4,0x409C,0x20CD,0xA041,0x0000,0x0000,0x0000,0x0000,0x0000,
    0x0000,0x0000,0x0000,0x0000,0x0000,0x0000,0x0000,0x0000,0x0000,0x0000,0x0000,0x0000,
    0x0000,0x0000,0x0000,0x0000,0x0000,0x0000,0x0000,0x0000,0x0000,0x0000,0x0000,0x0000,
    0x0000,0x0000,0x0000,0x0000,0x0000,0x0000,0x0000,0x0000,0x0000,0x0000,0x0000,0x0000,
    0x0000,0x0000,0x0000,0x0000,0x0000,0x0000,0x0000,0x0000,0x0000,0x0000,0x0000,0x0000,
    0x0000,0x3CE7,0xFFFF,0xBEF7,0xFFFF,0xFFFF,0xAE73,0x2000,0x0000,0x0000,0x0000,0x6108,
    0x4108,0x0000,0x0000,0xBEF7,0xFFFF,0xFFFF,0xDFFF,0xFBDE,0xFFFF,0xFFFF,0xFFFF,0xFFFF,
    0xFFFF,0x2000,0x0000,0x79CE,0xFFFF,0xFFFF,0xFFFF,0x6529,0xBEF7,0xFFFF,0xFFFF,0xFFFF,
    0xFFFF,0xFFFF,0xFFFF,0xFFFF,0x3DE7,0xFFFF,0xFFFF,0xDFFF,0xDFFF,0xFFFF,0xFFFF,0xFFFF,
    0xBAD6,0x0000,0x61F6,0x81FE,0xE2F5,0x60FE,0xE0FE,0x0000,0x0100,0x8010,0x4008,0x4008,
    0x2000,0x0000,0x2000,0xE0FE,0x61FE,0x60FE,0x40FE,0x61D5,0x60FF,0xA0FE,0xA0FE,0xE1FF,
    0xA062,0x0000,0x0100,0x2100,0xA4E6,0xE3FF,0xC0FE,0x20FE,0x00FE,0x00FF,0x80FE,0x2000,
    0x0000,0x0000,0x6829,0x8DFF,0xE2FF,0x01FF,0xA0FE,0x80FE,0x60FF,0x40FE,0x0000,0xE0FE,
    0xC0F5,0x20FE,0x80FE,0x0000,0x0000,0x60FE,0xA0FF,0xC2FE,0xE2FF,0x00D5,0x0000,0x4008,
    0x0000,0x0000,0x0000,0x0000,0x0000,0x0000,0x0000,0x0000,0x0000,0x0000,0x0000,0x0000,
    0x0000,0x0000,0x0000,0x0000,0x0000,0x0000,0x0000,0x0000,0x0000,0x0000,0x0000,0x0000,
    0x0000,0x0000,0x0000,0x0000,0x0000,0x0000,0x0000,0x0000,0x0000,0x0000,0x0000,0x0000,
    0x0000,0x0000,0x0000,0x0000,0x0000,0x0000,0x0000,0x0000,0x0000,0x0000,0x0000,0x0000,
    0x0000,0x0000,0x0000,0x4108,0x0000,0x9AD6,0xFFFF,0xBFF7,0xFFFF,0xFFFF,0xFFFF,0xFFFF,
    0x1CE7,0xB294,0xE318,0x0000,0x0000,0x0000,0x0000,0xFFFF,0xFFFF,0xBEF7,0xFFFF,0xFFFF,
    0xFFFF,0xDFFF,0xDFFF,0x9EF7,0xFFFF,0xEB5A,0x0000,0x5DEF,0xFFFF,0xDFFF,0xBEF7,0x4108,
    0xFFFF,0xDFFF,0xDFFF,0xFFFF,0xFFFF,0xFFFF,0xDFFF,0x5DEF,0x18C6,0xFFFF,0xDFFF,0xFFFF,
    0xFFFF,0xDFFF,0x7DEF,0xFFFF,0x0D5B,0x0000,0x41FF,0xE0FD,0xC0F5,0x00FF,0xA093,0x0000,
    0x4008,0x2000,0x2000,0x2000,0x4008,0x0000,0x4039,0x80FF,0x41FE,0x61FE,0x60FE,0xC0FE,
    0xE0F5,0x00F6,0xE0F5,0xE0FE,0x80D5,0x0000,0x0000,0x63EE,0x81FF,0xE0F5,0xA0FE,0xE0FE,
    0x60FE,0x60E5,0x20FF,0x20A4,0x0000,0x2321,0xECFF,0xC0FE,0xE0F5,0x20F6,0x60FE,0x20FE,
    0xA0FE,0x60B4,0x6131,0x40FF,0xC0F5,0x60FE,0xC0E5,0x0000,0xC093,0x00FF,0x60ED,0xC0FE,
    0xE0D4,0x0100,0x2100,0x8110,0x0000,0x0000,0x0000,0x0000,0x0000,0x0000,0x0000,0x0000,
    0x0000,0x0000,0x0000,0x0000,0x0000,0x0000,0x0000,0x0000,0x0000,0x0000,0x0000,0x0000,
    0x0000,0x0000,0x0000,0x0000,0x0000,0x0000,0x0000,0x0000,0x0000,0x0000,0x0000,0x0000,
    0x0000,0x0000,0x0000,0x0000,0x0000,0x0000,0x0000,0x0000,0x0000,0x0000,0x0000,0x0000,
    0x0000,0x0000,0x0000,0x0000,0x0000,0x0000,0x0000,0xA210,0x0000,0xAE73,0xFFFF,0xBEF7,
    0xFFFF,0xFFFF,0xDFFF,0xFFFF,0xFFFF,0xFFFF,0xFFFF,0xB294,0x0000,0x0000,0x0421,0xFFFF,
    0xFFFF,0xFFFF,0xFFFF,0xFFFF,0xFFFF,0xFFFF,0xDFFF,0xBEF7,0xFFFF,0x6D6B,0x0000,0xFFFF,
    0xDFFF,0xFFFF,0x59CE,0xC731,0xFFFF,0xFFFF,0xFFFF,0xFFFF,0xFFFF,0xFFFF,0xFFFF,0xFFFF,
    0xBEF7,0xFFFF,0xFFFF,0xFFFF,0xFFFF,0xFFFF,0xFFFF,0xFFFF,0x4921,0x4039,0x00FF,0x80ED,
    0xA0F5,0xE0FE,0x4031,0x0000,0x2008,0x2000,0x2000,0x4100,0x6108,0x0100,0xA062,0xA0FF,
    0x21FE,0x21FE,0xE0FE,0xA0FE,0x80FE,0x20FE,0xE0F5,0x80FE,0xA0E5,0x0000,0x417B,0x60FF,
    0xA0ED,0x00FF,0xA0E5,0x0031,0x80C4,0x80FE,0x40FE,0xA0E5,0x0000,0xA4EE,0xC0FE,0xA0ED,
    0x60FE,0x00FF,0x00EE,0xC0ED,0xE0FF,0xC09B,0x0163,0x60FF,0xC0F5,0x00FF,0xE07A,0x0021,
    0x20FF,0x80ED,0x60FE,0xE0FD,0x0000,0x0000,0x6110,0x0000,0x0000,0x0000,0x0000,0x0000,
    0x0000,0x0000,0x0000,0x0000,0x0000,0x0000,0x0000,0x0000,0x0000,0x0000,0x0000,0x0000,
    0x0000,0x0000,0x0000,0x0000,0x0000,0x0000,0x0000,0x0000,0x0000,0x0000,0x0000,0x0000,
    0x0000,0x0000,0x0000,0x0000,0x0000,0x0000,0x0000,0x0000,0x0000,0x0000,0x0000,0x0000,
    0x0000,0x0000,0x0000,0x0000,0x0000,0x0000,0x0000,0x0000,0x0000,0x0000,0x0000,0x6108,
    0x4108,0x0000,0x38C6,0xFFFF,0xFFFF,0xDFFF,0xBEF7,0xBEF7,0xBFF7,0x9EF7,0xFFFF,0xFFFF,
    0xCF7B,0x0000,0xAA52,0xFFFF,0xBEF7,0xFFFF,0xDBDE,0x0000,0xA210,0xFFFF,0xFFFF,0xBEF7,
    0xFFFF,0x694A,0x6108,0xFFFF,0x9EF7,0xFFFF,0x75AD,0x0000,0x0C63,0x9EF7,0xFFFF,0x9EF7,
    0xFFFF,0x55AD,0x6A4A,0x8A52,0xA631,0x14A5,0xFFFF,0x9EF7,0xFFFF,0x75AD,0x0842,0x4C6B,
    0x0000,0x408B,0xA0FE,0x60F5,0xE0FD,0x80FE,0x4008,0x0000,0x4008,0x2000,0x4008,0x4100,
    0x6208,0x0100,0xE09B,0x60FF,0xE0F5,0xA0FE,0xC0E5,0x0000,0xC07A,0x00FF,0xA0ED,0x80FE,
    0xC0BC,0x0000,0x60FE,0x00FE,0x40FE,0x40F6,0x0000,0x0000,0xE051,0x01FF,0xA2FE,0x00C5,
    0x0152,0x60FF,0x80ED,0x00FE,0xA0FE,0xA041,0x0000,0x0000,0xE051,0x2031,0xA1AC,0x01FF,
    0xE1F5,0xA0FE,0x00AC,0x00EE,0x20FE,0x00FE,0x80FE,0x4010,0x0000,0x6008,0x0000,0x0000,
    0x0000,0x0000,0x0000,0x0000,0x0000,0x0000,0x0000,0x0000,0x0000,0x0000,0x0000,0x0000,
    0x0000,0x0000,0x0000,0x0000,0x0000,0x0000,0x0000,0x0000,0x0000,0x0000,0x0000,0x0000,
    0x0000,0x0000,0x0000,0x0000,0x0000,0x0000,0x0000,0x0000,0x0000,0x0000,0x0000,0x0000,
    0x0000,0x0000,0x0000,0x0000,0x0000,0x0000,0x0000,0x0000,0x0000,0x0000,0x0000,0x0000,
    0x0000,0x0000,0x0000,0x2000,0x4108,0x0000,0x0000,0x4D6B,0x9EF7,0xFFFF,0xFFFF,0xFFFF,
    0xFFFF,0xFFFF,0xDFFF,0xFFFF,0xFFFF,0x0000,0x518C,0xFFFF,0x7DEF,0xFFFF,0xA631,0x0000,
    0x0000,0xFFFF,0xFFFF,0xDFFF,0xFFFF,0xC318,0x8A52,0xFFFF,0x9EF7,0xFFFF,0x718C,0x0000,
    0x0000,0xFFFF,0xFFFF,0x7DEF,0xFFFF,0x494A,0x0000,0x0000,0x0000,0x9294,0xFFFF,0x5DEF,
    0xFFFF,0x694A,0x0000,0x0000,0x0000,0x40AC,0x80FE,0x80F5,0x00FE,0x40FE,0x0000,0x0100,
    0x4008,0x2000,0x2000,0x2000,0x4008,0x0000,0xC0C4,0xA0FE,0x80ED,0x00FF,0xA049,0x0000,
    0xE051,0x00FF,0x80ED,0xE0FE,0x007B,0x4031,0x20FF,0xA0ED,0xA0FE,0x00CD,0x806A,0x01BD,
    0x81FE,0x01FE,0x21FF,0xE09B,0x60B4,0x00FF,0xA0ED,0xE0FE,0xC07A,0x0000,0x0000,0x0000,
    0x0000,0x0000,0xE2E5,0x82FE,0x21FE,0x41FE,0xC1FE,0x40FE,0xE0F5,0x80FE,0x0031,0x0000,
    0x4008,0x0000,0x0000,0x0000,0x0000,0x0000,0x0000,0x0000,0x0000,0x0000,0x0000,0x0000,
    0x0000,0x0000,0x0000,0x0000,0x0000,0x0000,0x0000,0x0000,0x0000,0x0000,0x0000,0x0000,
    0x0000,0x0000,0x0000,0x0000,0x0000,0x0000,0x0000,0x0000,0x0000,0x0000,0x0000,0x0000,
    0x0000,0x0000,0x0000,0x0000,0x0000,0x0000,0x0000,0x0000,0x0000,0x0000,0x0000,0x0000,
    0x0000,0x0000,0x0000,0x0000,0x0000,0x0000,0x2000,0x4008,0x2008,0x8210,0x6108,0x0000,
    0x0000,0x2421,0x6D6B,0xBEF7,0xFFFF,0xFFFF,0xFFFF,0xFFFF,0xFFFF,0x0000,0x76B5,0xFFFF,
    0x9EF7,0xFFFF,0xC318,0x0000,0x4529,0xFFFF,0xBEF7,0xFFFF,0xFFFF,0x0000,0xD39C,0xFFFF,
    0xBEF7,0xFFFF,0xEB5A,0x0000,0x294A,0xFFFF,0xDFFF,0xFFFF,0xFFFF,0x4529,0x0000,0x8110,
    0x0000,0x9AD6,0xFFFF,0x7DEF,0xFFFF,0x4529,0x0000,0x8110,0x0000,0xA0BC,0xA1FE,0xC1FD,
    0x01FE,0x41FE,0x0000,0x0000,0x2000,0x2000,0x2000,0x4008,0x2000,0x0000,0xA0E5,0x00FE,
    0xA0F5,0x80FE,0xC020,0x0000,0x208B,0xC0FE,0x80ED,0x20FF,0x205A,0x808B,0xE0FE,0xC0ED,
    0x20FE,0xA0FE,0x40FF,0x21FF,0xA2FE,0x01FF,0xE0FF,0xA041,0x00F6,0x61FE,0xE0FD,0xC0FE,
    0x6010,0x0000,0x0000,0x0000,0x0000,0x0000,0x41FE,0x21FE,0x00FE,0x21FE,0x00FE,0x01FE,
    0x02F6,0xC1FE,0x6010,0x0000,0x2000,0x8210,0x0000,0x0000,0x0000,0x0000,0x0000,0x0000,
    0x0000,0x0000,0x0000,0x0000,0x0000,0x0000,0x0000,0x0000,0x0000,0x0000,0x0000,0x0000,
    0x0000,0x0000,0x0000,0x0000,0x0000,0x0000,0x0000,0x0000,0x0000,0x0000,0x0000,0x0000,
    0x0000,0x0000,0x0000,0x0000,0x0000,0x0000,0x0000,0x0000,0x0000,0x0000,0x0000,0x0000,
    0x0000,0x0000,0x0000,0x0000,0x0000,0x0000,0x0000,0x0000,0x0000,0x6108,0x4108,0x0000,
    0x0000,0x0000,0x0000,0x8110,0x6108,0x0000,0x0000,0x2000,0xFFFF,0xBEF7,0xFFFF,0xFFFF,
    0x9EF7,0x0000,0x3CE7,0xFFFF,0xFFFF,0x5DEF,0x0000,0x0000,0xAA52,0xFFFF,0x5DEF,0xFFFF,
    0xBEF7,0x0000,0x79CE,0xFFFF,0xBEF7,0xFFFF,0x6529,0x0000,0xCF7B,0xFFFF,0xBEF7,0xFFFF,
    0xFFFF,0x0000,0x0000,0x0000,0x0000,0xDFFF,0xFFFF,0xDFFF,0xFFFF,0x2000,0x0000,0x6108,
    0x0000,0x80BC,0xC2FE,0xC1FD,0xA1F5,0xC1FE,0x4039,0x0000,0x2008,0x0000,0x0000,0x0000,
    0x0000,0x4008,0x40FE,0xC0FD,0xE0FD,0xC0F5,0x0000,0x0000,0x80BC,0x60FE,0x81ED,0x20FF,
    0x0029,0xC0B4,0xC0FE,0xE0F5,0x40FE,0x00FF,0x21FF,0xE2FE,0xC1FE,0xA0DD,0xA039,0x2000,
    0xE1FE,0xE2F5,0x21FE,0x80FE,0x0000,0x2100,0x6008,0x2000,0x0000,0x2008,0x60FE,0xC0FD,
    0xE0FD,0x20FE,0xA0FE,0x20FE,0xE1F5,0x20FF,0xE0AB,0x0000,0x4008,0x8208,0x0000,0x0000,
    0x0000,0x0000,0x0000,0x0000,0x0000,0x0000,0x0000,0x0000,0x0000,0x0000,0x0000,0x0000,
    0x0000,0x0000,0x0000,0x0000,0x0000,0x0000,0x0000,0x0000,0x0000,0x0000,0x0000,0x0000,
    0x0000,0x0000,0x0000,0x0000,0x0000,0x0000,0x0000,0x0000,0x0000,0x0000,0x0000,0x0000,
    0x0000,0x0000,0x0000,0x0000,0x0000,0x0000,0x0000,0x0000,0x0000,0x0000,0x0000,0x0000,
    0x0000,0x0000,0x4108,0x0000,0x1CE7,0x3184,0x8210,0x0000,0x0000,0x0000,0x0000,0x2C63,
    0xFFFF,0xBEF7,0xDFFF,0xFFFF,0xD7BD,0x0000,0xFFFF,0xDFFF,0xFFFF,0x18C6,0x0000,0x0000,
    0x718C,0xFFFF,0x5DEF,0xFFFF,0xF7BD,0x0000,0x7EF7,0xFFFF,0xFFFF,0xFFFF,0x2000,0x0000,
    0x75AD,0xFFFF,0x9EF7,0xFFFF,0xFBDE,0x0000,0x2000,0x0000,0x4108,0xFFFF,0xDFFF,0xFFFF,
    0x3CE7,0x0000,0x4108,0x6208,0x0100,0x6093,0xE0FE,0xA0FD,0x80F5,0x00FE,0xA0ED,0x0000,
    0x0000,0x0000,0x0000,0xC072,0x6062,0x8010,0xE0FE,0xA0F5,0x40FE,0x40E5,0x0000,0x0000,
    0x80F5,0xE0FD,0xA0F5,0xC0FE,0x2008,0x80D5,0xC1FE,0xC1F5,0xE1FE,0xA072,0x0029,0x4031,
    0x0000,0x0000,0x0000,0x8010,0xC0FE,0xC0F5,0xE0FD,0x20FF,0xA018,0x0100,0x0000,0x0000,
    0x0000,0x4008,0x80FE,0x80F5,0xC0FD,0x20FE,0x40B4,0x40FE,0xC0FD,0x00FE,0xE0FD,0x0100,
    0x4100,0x2000,0x0000,0x0000,0x0000,0x0000,0x0000,0x0000,0x0000,0x0000,0x0000,0x0000,
    0x0000,0x0000,0x0000,0x0000,0x0000,0x0000,0x0000,0x0000,0x0000,0x0000,0x0000,0x0000,
    0x0000,0x0000,0x0000,0x0000,0x0000,0x0000,0x0000,0x0000,0x0000,0x0000,0x0000,0x0000,
    0x0000,0x0000,0x0000,0x0000,0x0000,0x0000,0x0000,0x0000,0x0000,0x0000,0x0000,0x0000,
    0x0000,0x0000,0x0000,0x0000,0x0000,0x6108,0x0000,0xC318,0xFFFF,0xFFFF,0xFFFF,0xDBDE,
    0xF39C,0x14A5,0xBBD6,0xFFFF,0xFFFF,0xDFFF,0xBEF7,0xFFFF,0xE739,0x0000,0xFFFF,0x9EF7,
    0xFFFF,0xB294,0x0000,0x0000,0x18C6,0xFFFF,0x5DEF,0xFFFF,0x3084,0x0000,0xFFFF,0xBEF7,
    0xFFFF,0x1CE7,0x0000,0x0000,0xBBDE,0xFFFF,0x7DEF,0xFFFF,0x95B5,0x0000,0x6108,0x0000,
    0xA631,0xFFFF,0xBEF7,0xFFFF,0x38C6,0x0000,0x8110,0x6110,0x0000,0x4039,0x20FF,0x80FD,
    0x80F5,0x60F5,0x00FE,0xA0F5,0x61B4,0xE0CC,0xC0FD,0xC0FF,0x005A,0x6039,0xE0FE,0x80ED,
    0xA0FE,0x60BC,0x0000,0x4008,0x60FE,0xC0FD,0x01FE,0x60FE,0x0000,0xA0DD,0xC1FE,0xC2ED,
    0xC1FE,0x40AC,0x0000,0x0000,0xE020,0xA0E5,0xA062,0x0000,0xA0FE,0xC0FD,0xC0F5,0x60FE,
    0xC0F5,0xE051,0xC049,0x20C5,0x60A4,0x0000,0xA0FE,0x60ED,0x20FE,0x00AC,0x0000,0x00FE,
    0xA0FD,0x40ED,0xC0FE,0x2062,0x0000,0x4008,0x0000,0x0000,0x0000,0x0000,0x0000,0x0000,
    0x0000,0x0000,0x0000,0x0000,0x0000,0x0000,0x0000,0x0000,0x0000,0x0000,0x0000,0x0000,
    0x0000,0x0000,0x0000,0x0000,0x0000,0x0000,0x0000,0x0000,0x0000,0x0000,0x0000,0x0000,
    0x0000,0x0000,0x0000,0x0000,0x0000,0x0000,0x0000,0x0000,0x0000,0x0000,0x0000,0x0000,
    0x0000,0x0000,0x0000,0x0000,0x0000,0x0000,0x0000,0x0000,0x0000,0x4108,0x0000,0x4D6B,
    0xFFFF,0x7DEF,0xFFFF,0xFFFF,0xFFFF,0xFFFF,0xFFFF,0xFFFF,0xBEF7,0xFFFF,0xFFFF,0xD39C,
    0x0000,0x0C63,0xFFFF,0x9EEF,0xFFFF,0x8A52,0x0000,0x0000,0xDFFF,0xFFFF,0x9EF7,0xFFFF,
    0x6529,0xE320,0xFFFF,0x7DEF,0xFFFF,0xB39C,0x0000,0x4108,0xFFFF,0xFFFF,0x7DEF,0xFFFF,
    0x6E6B,0x0000,0xA210,0x0000,0xCF7B,0xFFFF,0x9EF7,0xFFFF,0xCF7B,0x0000,0x4008,0x0000,
    0x2000,0x0000,0x609B,0xE0FE,0x60F5,0x80FD,0x80FD,0x00FE,0x60FE,0x00FE,0x60F5,0x00FE,
    0x0000,0x4083,0x80FE,0x40ED,0xC0FE,0xE082,0x0000,0xC010,0x00FF,0xA1F5,0x61FE,0x81DD,
    0x0000,0xE072,0x42FF,0xA1F5,0xC0FD,0x80FE,0x60FE,0xE0FD,0x20FE,0x20FF,0xE059,0x0000,
    0x40BC,0xA0FE,0x60ED,0xC0FD,0x60FE,0xE1FE,0xA1FE,0xE0FF,0xA072,0xE028,0xC0FE,0x40ED,
    0x40FE,0x6072,0x0000,0x409B,0x00FE,0x20ED,0x20FE,0x80F5,0x0000,0x2000,0x0000,0x0000,
    0x0000,0x0000,0x0000,0x0000,0x0000,0x0000,0x0000,0x0000,0x0000,0x0000,0x0000,0x0000,
    0x0000,0x0000,0x0000,0x0000,0x0000,0x0000,0x0000,0x0000,0x0000,0x0000,0x0000,0x0000,
    0x0000,0x0000,0x0000,0x0000,0x0000,0x0000,0x0000,0x0000,0x0000,0x0000,0x0000,0x0000,
    0x0000,0x0000,0x0000,0x0000,0x0000,0x0000,0x0000,0x0000,0x0000,0x0000,0x0000,0x0000,
    0x0000,0x6108,0x0000,0x5DEF,0xFFFF,0xFFFF,0xFFFF,0xDFFF,0xBEF7,0xBEF7,0xDFFF,0xFFFF,
    0xFFFF,0xFFFF,0x8E73,0x0000,0x0000,0xB7BD,0xFFFF,0xFFFF,0xFFFF,0xE318,0x0000,0x2421,
    0xFFFF,0xFFFF,0xFFFF,0xFFFF,0x0000,0x1084,0xFFFF,0xDFFF,0xFFFF,0xEB5A,0x0000,0xA631,
    0xFFFF,0xFFFF,0xDFFF,0xFFFF,0x8631,0x0000,0xA210,0x0000,0x18C6,0xFFFF,0xDFFF,0xFFFF,
    0xE739,0x0000,0x2000,0x0000,0x4008,0x0000,0x0000,0x40BC,0x61FF,0x41FE,0xC1FD,0xA0FD,
    0xA0FD,0xA0FD,0x20FE,0x60FE,0x0000,0x60DD,0x60FE,0xA0FD,0x00FF,0xA141,0x0000,0x6031,
    0x80FF,0xE2FD,0x40FF,0x60BC,0x0000,0x0000,0x40E5,0x20FF,0xC0FD,0x60F5,0x60F5,0x60FD,
    0x80FD,0xC0FE,0xC07A,0x0000,0x4010,0x60FE,0xE1FE,0xE1FD,0xC1FD,0xA1FD,0x81FD,0x80FF,
    0xE051,0xC082,0x20FF,0xA0FD,0xA0FE,0xC051,0x0000,0xE028,0x40FE,0x80FD,0xC0FD,0x20FF,
    0xE061,0x0000,0x6010,0x0000,0x0000,0x0000,0x0000,0x0000,0x0000,0x0000,0x0000,0x0000,
    0x0000,0x0000,0x0000,0x0000,0x0000,0x0000,0x0000,0x0000,0x0000,0x0000,0x0000,0x0000,
    0x0000,0x0000,0x0000,0x0000,0x0000,0x0000,0x0000,0x0000,0x0000,0x0000,0x0000,0x0000,
    0x0000,0x0000,0x0000,0x0000,0x0000,0x0000,0x0000,0x0000,0x0000,0x0000,0x0000,0x0000,
    0x0000,0x0000,0x0000,0x0000,0x0000,0x6108,0x0000,0x8A52,0x18C6,0xDFFF,0xFFFF,0xFFFF,
    0xFFFF,0xFFFF,0xFFFF,0xBEF7,0x34A5,0xA210,0x0000,0x4108,0x0000,0x79D6,0xDFFF,0xBEF7,
    0x9EF7,0x2000,0x0000,0x694A,0xFFFF,0x9EF7,0xFFFF,0xFFFF,0x0000,0xD7BD,0xFFFF,0x5DEF,
    0xFFFF,0xC631,0x0000,0x2C63,0xFFFF,0x7DEF,0xBEF7,0xFFFF,0x6108,0x0000,0x4108,0x0000,
    0x3CE7,0xFFFF,0xBEF7,0xFFFF,0xA210,0x0000,0x2000,0x0000,0x0000,0x4008,0x2000,0x0000,
    0x2062,0x40E5,0x41FE,0x80FE,0x40FE,0xC0FD,0x01DD,0x2062,0x0000,0x40FE,0xC0FD,0x60ED,
    0x20FE,0xC020,0x0000,0xE051,0xC1FE,0x61ED,0xA0FE,0x0083,0x0000,0x0000,0x0000,0x80A3,
    0xE0FD,0x20FE,0x00FE,0xE0FD,0x00ED,0xA049,0x0000,0x0000,0x0000,0x4010,0xE0D4,0x81FE,
    0x81FE,0x41FE,0xC1FD,0xA0CC,0x0000,0x40AC,0x62FE,0x61ED,0x00FE,0xC028,0x0000,0x0000,
    0x80D4,0x20F5,0xC0E4,0x81FD,0x40CC,0x0000,0x4008,0x0000,0x0000,0x0000,0x0000,0x0000,
    0x0000,0x0000,0x0000,0x0000,0x0000,0x0000,0x0000,0x0000,0x0000,0x0000,0x0000,0x0000,
    0x0000,0x0000,0x0000,0x0000,0x0000,0x0000,0x0000,0x0000,0x0000,0x0000,0x0000,0x0000,
    0x0000,0x0000,0x0000,0x0000,0x0000,0x0000,0x0000,0x0000,0x0000,0x0000,0x0000,0x0000,
    0x0000,0x0000,0x0000,0x0000,0x0000,0x0000,0x0000,0x0000,0x0000,0x6108,0x4108,0x0000,
    0x0000,0x0000,0x0421,0xE739,0x694A,0x0842,0x2421,0x0000,0x0000,0x0000,0x2000,0x0000,
    0x0000,0x0000,0x0000,0x0000,0x0000,0x0000,0x2000,0x2000,0x2000,0x0000,0x2000,0x4108,
    0x0000,0x2000,0x0000,0x0000,0x0000,0x0000,0x0000,0x0000,0x0000,0x0000,0x0000,0x0000,
    0x0000,0x4108,0x6108,0x0000,0x0000,0x0000,0x0000,0x0000,0x0000,0x2000,0x6110,0x0000,
    0x0000,0x0000,0x4108,0x4108,0x0000,0x0000,0x4010,0xC028,0x8020,0x0000,0x0000,0x0000,
    0x0000,0x0000,0x0000,0x0000,0x0000,0x0100,0x2000,0x2100,0x0000,0x0000,0x0000,0x0000,
    0x0000,0x0000,0x0000,0x0000,0x0000,0x8018,0x8020,0x4010,0x0000,0x0000,0x0000,0x0000,
    0x0000,0x0000,0x0000,0x4010,0xC030,0x8020,0x0000,0x0000,0x0000,0x0000,0x0000,0x0000,
    0x0000,0x0000,0x0000,0x0000,0x0000,0x0000,0x0000,0x0000,0x0000,0x0000,0x2000,0x0000,
    0x0000,0x0000,0x0000,0x0000,0x0000,0x0000,0x0000,0x0000,0x0000,0x0000,0x0000,0x0000,
    0x0000,0x0000,0x0000,0x0000,0x0000,0x0000,0x0000,0x0000,0x0000,0x0000,0x0000,0x0000,
    0x0000,0x0000,0x0000,0x0000,0x0000,0x0000,0x0000,0x0000,0x0000,0x0000,0x0000,0x0000,
    0x0000,0x0000,0x0000,0x0000,0x0000,0x0000,0x0000,0x0000,0x0000,0x0000,0x0000,0x0000,
    0x0000,0x0000,0x6108,0x6108,0x6108,0x0000,0x0000,0x0000,0x0000,0x0000,0x0000,0x0000,
    0x6108,0x4108,0x0000,0x2000,0x2008,0x2000,0x2000,0x2000,0x2000,0x6108,0x6108,0x4108,
    0x2000,0x2000,0x0000,0x0000,0x6108,0x4108,0x2108,0x2000,0x0000,0x2000,0x0000,0x0000,
    0x0000,0x0000,0x0000,0x2000,0x6108,0x6108,0x6108,0x6108,0x0000,0x0000,0x0000,0x0000,
    0x4108,0x4108,0x0000,0x0000,0x0000,0x0000,0x0000,0x4008,0x6008,0x2000,0x0000,0x0000,
    0x0000,0x0000,0x2000,0x6008,0x6108,0x4100,0x4100,0x4108,0x4100,0x6108,0x6108,0x4108,
    0x2100,0x0100,0x2100,0x0000,0x0000,0x0000,0x2000,0x2000,0x0000,0x0000,0x0000,0x0100,
    0x4108,0x8110,0x4000,0x0000,0x0000,0x2000,0x2000,0x0000,0x0100,0x0100,0x0100,0x4008,
    0x4008,0x2000,0x2100,0x2100,0x4100,0x4108,0x4008,0x4008,0x4108,0x2100,0x2000,0x0000,
    0x0000,0x4108,0x4108,0x0000,0x0000,0x0000,0x0000,0x0000,0x0000,0x0000,0x0000,0x0000,
    0x0000,0x0000,0x0000,0x0000,0x0000,0x0000,0x0000,0x0000,0x0000,0x0000,0x0000,0x0000,
    0x0000,0x0000,0x0000,0x0000,0x0000,0x0000,0x0000,0x0000,0x0000,0x0000,0x0000,0x0000,
    0x0000,0x0000,0x0000,0x0000,0x0000,0x0000,0x0000,0x0000,0x0000,0x0000,0x0000,0x0000,
    0x0000,0x0000,0x0000,0x0000,0x0000,0x0000,0x0000,0x0000,0x0000,0x4108,0x6108,0x4108,
    0x4108,0x2000,0x4108,0x4108,0x2000,0x2000,0x0000,0x0000,0x2008,0x8210,0x6108,0x6108,
    0x6108,0x2000,0x2000,0x2000,0x2000,0x2000,0x2000,0x2000,0x2000,0x2000,0x4108,0x4108,
    0x4108,0x2000,0x0000,0x2108,0xA210,0x6108,0x4108,0x6108,0x6108,0x0000,0x0000,0x4108,
    0x6108,0x4108,0x4108,0x4108,0x0000,0x0000,0x0000,0x0000,0x0000,0x0000,0x0000,0x0000,
    0x4108,0x2000,0x6108,0x6108,0x6110,0x4108,0x2000,0x4108,0x4008,0x6008,0x4108,0x4108,
    0x4008,0x2000,0x0000,0x0000,0x2000,0x2000,0x2000,0x2000,0x0000,0x0000,0x0000,0x0000,
    0x6108,0x8110,0xC118,0xA218,0x6108,0x4008,0x0000,0x0000,0x0000,0x6108,0x2000,0x6108,
    0x4008,0x4008,0x2000,0x0000,0x0000,0x2000,0x2000,0x2008,0x4108,0x2000,0x0000,0x6108,
    0x4108,0x0000,0x0000,0x0000,0x2000,0x4108,0x0000,0x0000,0x0000,0x0000,0x0000,0x0000,
    0x0000,0x0000,0x0000,0x0000,0x0000,0x0000,0x0000,0x0000,0x0000,0x0000,0x0000,0x0000,
    0x0000,0x0000,0x0000,0x0000,0x0000,0x0000,0x0000,0x0000,
};

static const uint8_t sniffcheck_logo_10_mask[1600] = {
    0x00,0x00,0x00,0x00,0x00,0x00,0x00,0x00,0x00,0x00,0x00,0x00,0x00,0x00,0x07,0xFE,
    0x00,0x00,0x00,0x00,0x00,0x00,0x00,0x00,0x00,0x00,0x00,0x00,0x00,0x00,0x00,0x00,
    0x00,0x00,0x3F,0xFF,0xC0,0x00,0x00,0x00,0x00,0x00,0x00,0x00,0x00,0x60,0x00,0x00,
    0x00,0x00,0x00,0x00,0x00,0x00,0xFF,0xFF,0xF0,0x00,0x00,0x00,0x00,0x00,0x00,0x00,
    0x00,0xC0,0x00,0x00,0x00,0x00,0x00,0x00,0x00,0x01,0xFF,0xFF,0xF8,0x00,0x00,0x00,
    0x00,0x00,0x00,0x00,0x01,0xC0,0x00,0x00,0x00,0x00,0x00,0x00,0x00,0x07,0xFF,0xFF,
    0xFE,0x00,0x00,0x00,0x00,0x00,0x00,0x00,0x01,0xC0,0x00,0x00,0x00,0x00,0x00,0x00,
    0x00,0x0F,0xFF,0xFF,0xFF,0x00,0x00,0x00,0x00,0x00,0x00,0x00,0x03,0xC0,0x00,0x00,
    0x00,0x00,0x00,0x00,0x00,0x1F,0xFF,0xFF,0xFF,0x80,0x00,0x00,0x00,0x00,0x00,0x00,
    0x03,0xC0,0x00,0x00,0x00,0x00,0x00,0x00,0x00,0x3F,0xF0,0x01,0xFF,0xC0,0x00,0x00,
    0x00,0x00,0x00,0x00,0x03,0xC0,0x00,0x00,0x00,0x00,0x00,0x00,0x00,0x3F,0xE0,0xE0,
    0x3F,0xC0,0x00,0x00,0x00,0x00,0x00,0x00,0x03,0xE0,0x00,0x00,0x00,0x00,0x00,0x00,
    0x00,0x1F,0x8F,0xFE,0x3F,0xC0,0x00,0x00,0x00,0x00,0x00,0x00,0x03,0xE0,0x00,0x00,
    0x00,0x00,0x00,0x00,0x00,0x0F,0x1F,0xFF,0x0F,0x80,0x00,0x00,0x00,0x00,0x00,0x00,
    0x03,0xE0,0x00,0x00,0x00,0x00,0x00,0x00,0x00,0x00,0x3F,0xFF,0xC7,0x00,0x00,0x00,
    0x00,0x00,0x00,0x00,0x03,0xE0,0x00,0x00,0x00,0x00,0x00,0x00,0x00,0x00,0x7F,0xFF,
    0xE0,0x00,0x00,0x00,0x00,0x00,0x00,0x00,0x03,0xE0,0x00,0x00,0x00,0x00,0x00,0x00,
    0x00,0x00,0xFF,0xFF,0xF0,0x00,0x00,0x00,0x00,0x00,0x00,0x00,0x03,0xF0,0x00,0x3F,
    0xFE,0x00,0x00,0x00,0x00,0x00,0xFE,0x07,0xF8,0x00,0x00,0x00,0x00,0x00,0x00,0x00,
    0x03,0xF8,0x00,0xFF,0xFF,0xE0,0x00,0x00,0x00,0x00,0x79,0x7B,0xF0,0x00,0x00,0x00,
    0x00,0x00,0x00,0x00,0x01,0xFC,0x03,0xFF,0xFF,0xFC,0x00,0x00,0x00,0x00,0x33,0xFE,
    0xF0,0x00,0x00,0x00,0x00,0x00,0x00,0x00,0x01,0xFE,0x0F,0xFF,0xFF,0xFF,0x80,0x00,
    0x00,0x00,0x07,0xFE,0x00,0x00,0x00,0x00,0x00,0x00,0x00,0x00,0x00,0xFF,0xDF,0xFF,
    0xFF,0xFF,0xE0,0x00,0x00,0x00,0x07,0xFE,0x00,0x00,0x00,0x00,0x00,0x00,0x00,0x00,
    0x00,0xFF,0xFF,0xFF,0xFF,0xFF,0xF8,0x00,0x00,0x00,0x03,0xDE,0x00,0x00,0x00,0x00,
    0x00,0x00,0x00,0x00,0x00,0x7F,0xFF,0xFF,0xFF,0xFF,0xFE,0x00,0x00,0x00,0x00,0x06,
    0x00,0x00,0x00,0x00,0x00,0x00,0x00,0x00,0x00,0x7F,0xFF,0xFF,0xFF,0xFF,0xFF,0x00,
    0x00,0x00,0x01,0xF0,0x00,0x00,0x00,0x00,0x00,0x00,0x00,0x00,0x00,0x3F,0xFF,0xFF,
    0xFF,0xFF,0xFF,0xC0,0x00,0x00,0x01,0xF8,0x00,0x00,0x00,0x00,0x00,0x00,0x00,0x00,
    0x00,0x1F,0xFF,0xFF,0xFF,0xFF,0xFF,0xE0,0x00,0x00,0x03,0xFC,0x00,0x00,0x00,0x00,
    0x00,0x00,0x00,0x00,0x00,0x1F,0xFF,0xFF,0xFF,0xFF,0xFF,0xF0,0x00,0x00,0x03,0xFC,
    0x00,0x78,0x00,0x00,0x00,0x00,0x00,0x00,0x00,0x07,0xFF,0xFF,0xFF,0xFF,0xFF,0xFF,
    0x80,0x00,0x01,0xFC,0x01,0xF8,0x00,0x00,0x00,0x00,0x00,0x00,0x00,0x0F,0xFF,0xFF,
    0xFF,0xFF,0xFF,0xFF,0xF0,0x00,0x01,0xF8,0x03,0xF8,0x00,0x00,0x00,0x00,0x00,0x00,
    0x00,0x0F,0xFF,0xFF,0xFF,0xFF,0xFF,0xFF,0xFF,0x80,0x00,0x30,0x0F,0xF0,0x00,0x00,
    0x00,0x00,0x00,0x00,0x00,0x1F,0xFF,0xFF,0xFF,0xFF,0xFF,0xFF,0xFF,0xC0,0x00,0x00,
    0x1F,0xE0,0x00,0x00,0x00,0x00,0x00,0x00,0x00,0x1F,0xFF,0xFF,0xFF,0xFF,0xFF,0xFF,
    0xFF,0xE0,0x00,0x00,0x3F,0xC0,0x00,0x00,0x00,0x00,0x00,0x00,0x00,0x1F,0xFF,0xFF,
    0xFF,0xFF,0xFF,0xFF,0xFF,0xF0,0x00,0x00,0x7F,0xC0,0x00,0x00,0x00,0x00,0x00,0x00,
    0x00,0x1F,0xFF,0xFF,0xFF,0xFF,0xFF,0xFF,0xFF,0xF8,0x00,0x00,0xFF,0x80,0x00,0x00,
    0x00,0x00,0x00,0x00,0x00,0x1F,0xFF,0xFF,0xFF,0xFF,0xFF,0xFF,0xFF,0xF8,0x00,0x01,
    0xFF,0x00,0x00,0x00,0x00,0x00,0x00,0x00,0x00,0x1F,0xFF,0xFF,0xFF,0xFF,0xFF,0xFF,
    0xFF,0xFC,0x00,0x03,0xFE,0x00,0x00,0x00,0x00,0x00,0x00,0x00,0x00,0x3F,0xFF,0xFF,
    0xFF,0xFF,0xFF,0xFF,0xFF,0xFC,0x03,0xC7,0xFE,0x00,0x00,0x00,0x00,0x00,0x00,0x00,
    0x00,0x3F,0xFF,0xFF,0xFF,0xFF,0xFF,0xFF,0xFF,0xFC,0x07,0xEF,0xF8,0x00,0x00,0x00,
    0x00,0x00,0x00,0x00,0x00,0x3F,0xFF,0xFF,0xFF,0xFF,0xFF,0xFF,0xFF,0xFE,0x07,0xFF,
    0xF8,0x00,0x00,0x00,0x00,0x00,0x00,0x00,0x00,0x1F,0xFF,0xFF,0xFF,0xFF,0xFF,0xFF,
    0xFF,0xFE,0x07,0xFF,0xF0,0x00,0x00,0x00,0x00,0x00,0x00,0x00,0x00,0x7F,0xFF,0xFF,
    0x1F,0xFF,0xFF,0xFF,0xFF,0xFE,0x03,0xFF,0xE0,0x00,0x00,0x00,0x00,0x00,0x00,0x00,
    0x00,0xFF,0xFB,0xFE,0x0F,0xFF,0xFF,0xFF,0xFF,0xFE,0x03,0xFF,0xC0,0x00,0x00,0x00,
    0x00,0x00,0x00,0x00,0x00,0xFF,0xF3,0xFC,0x0F,0xFF,0xFF,0xFF,0xFF,0xFE,0x01,0xFF,
    0xC0,0x00,0x00,0x00,0x00,0x00,0x00,0x00,0x01,0xFF,0xE7,0xFC,0x07,0xFF,0xFF,0xFF,
    0xFF,0xFC,0x01,0xFF,0x80,0x00,0x00,0x00,0x00,0x00,0x00,0x00,0x01,0xFF,0xC7,0xFC,
    0x07,0xFE,0x7F,0xFF,0xFF,0xF8,0x00,0xFF,0x80,0x00,0x00,0x00,0x00,0x00,0x00,0x00,
    0x01,0xFF,0x83,0xFE,0x03,0xFF,0x3F,0xFF,0xFF,0xF8,0x00,0x7F,0x00,0x00,0x00,0x00,
    0x00,0x00,0x00,0x00,0x01,0xFF,0x03,0xFF,0x03,0xFF,0x1F,0xFF,0xFF,0xFE,0x00,0x3F,
    0x00,0x00,0x00,0x00,0x00,0x00,0x00,0x00,0x01,0xFE,0x01,0xFF,0xC1,0xFF,0xDF,0xFF,
    0xFF,0xFF,0x00,0x3E,0x00,0x00,0x00,0x00,0x00,0x00,0x00,0x00,0x01,0xFE,0x00,0xFF,
    0xE1,0xFF,0xEF,0xFF,0xFF,0xFF,0x00,0x1C,0x00,0x00,0x00,0x00,0x00,0x00,0x00,0x00,
    0x01,0xFE,0x00,0xFF,0xE0,0xFF,0xFF,0xFF,0xFF,0xFF,0x00,0x00,0x00,0x00,0x00,0x00,
    0x00,0x00,0x00,0x00,0x01,0xFE,0x00,0x7F,0xE0,0xFF,0xFF,0xFF,0xFF,0xFF,0x80,0x00,
    0x00,0x00,0x00,0x00,0x00,0x00,0x00,0x00,0x01,0xFF,0x80,0x3F,0xE0,0x7F,0xFF,0xFF,
    0xFF,0xFF,0x00,0x03,0x00,0x00,0x00,0x00,0x00,0x00,0x00,0x00,0x01,0xFF,0xC0,0x3F,
    0xE0,0x3F,0xFF,0xFD,0xFF,0xFF,0x00,0x03,0x8C,0x00,0x00,0x00,0x00,0x00,0x00,0x00,
    0x01,0xFF,0xE0,0x1F,0xE7,0xFF,0xFF,0xF8,0x7F,0xFF,0x00,0x0D,0x98,0x00,0x00,0x00,
    0x00,0x00,0x00,0x00,0x01,0xFF,0xFD,0xFF,0xFF,0xFF,0xFF,0xFF,0xFF,0xFE,0x00,0x2E,
    0xF0,0x00,0x00,0x00,0x00,0x00,0x00,0x00,0x00,0xFF,0xFF,0xFF,0xFF,0xFC,0xFF,0xFF,
    0xFF,0xFF,0xC0,0x3F,0xFE,0x00,0x00,0x00,0x00,0x00,0x00,0x00,0x07,0xFF,0xF0,0x80,
    0x00,0x00,0x00,0x00,0x00,0x3F,0xFF,0xBF,0xFE,0x00,0x00,0x00,0x00,0x00,0x00,0x07,
    0xFF,0xF8,0x00,0x00,0x00,0x00,0x00,0x00,0x00,0x00,0x3F,0xFF,0xFF,0x00,0x00,0x00,
    0x00,0x00,0x00,0xFF,0xFF,0x80,0x00,0xF0,0x7C,0x7E,0x0F,0x80,0x00,0x00,0x00,0x7F,
    0xFF,0xC0,0x00,0x00,0x00,0x00,0x1F,0xF8,0xFF,0xF0,0x01,0xFD,0xFF,0xFF,0x3F,0xFF,
    0xC0,0x00,0x00,0x1F,0xFF,0xC0,0x00,0x00,0x00,0x00,0x1E,0x03,0xFF,0xF8,0x03,0xFF,
    0xFF,0xFF,0xFF,0xFF,0xE0,0x00,0x00,0x3F,0xE3,0xF0,0x00,0x00,0x00,0x00,0x00,0x07,
    0xFF,0xF8,0x03,0xFF,0xFF,0xFF,0xFF,0xFF,0xE0,0x00,0x00,0x3F,0xE0,0x30,0x00,0x00,
    0x00,0x00,0x00,0x0F,0xFF,0xF8,0x07,0xFF,0xFF,0xFF,0xFF,0xFF,0xC0,0x00,0x00,0x3F,
    0xE0,0x00,0x00,0x00,0x00,0x00,0x00,0x0F,0xFF,0xFF,0xF7,0xFF,0xFF,0xFF,0xFF,0xFF,
    0xF0,0x38,0x03,0xFF,0xE0,0x00,0x00,0x00,0x00,0x00,0x00,0x1F,0xFF,0xFF,0xFF,0xFF,
    0xFF,0xFF,0xFF,0xFF,0xFD,0xFF,0x3F,0xFF,0xFF,0x00,0x00,0x00,0x00,0x00,0x00,0x1F,
    0xFF,0xFF,0xFF,0xFF,0xFF,0xFF,0xFF,0xFF,0xFF,0xFF,0xFF,0xFF,0xFF,0x80,0x00,0x00,
    0x00,0x00,0x00,0x3F,0xFF,0xFF,0xFF,0xFF,0xFF,0xFF,0xFF,0xFF,0xFF,0xFF,0xFF,0xFF,
    0xFF,0x80,0x00,0x00,0x00,0x00,0x00,0x3F,0xFF,0xFF,0xFF,0xFF,0xFF,0xFF,0xFF,0xFF,
    0xFF,0xFF,0xFF,0xFF,0xFF,0x80,0x00,0x00,0x00,0x00,0x00,0x3F,0xFF,0xFF,0xFF,0xFF,
    0xFF,0xFF,0xFF,0xFF,0xFF,0xFF,0xFF,0xFF,0xFF,0x00,0x00,0x00,0x00,0x00,0x00,0x1F,
    0xFF,0xFF,0xFF,0xFF,0xFF,0xFF,0xFF,0xFF,0xFF,0xFF,0xFF,0xFF,0xFE,0x00,0x00,0x00,
    0x00,0x00,0x00,0x1F,0xFF,0xFF,0xFF,0xFF,0xFF,0xFF,0xFF,0xFF,0xFF,0xFF,0xFF,0xFF,
    0xFC,0x00,0x00,0x00,0x00,0x00,0x00,0x1F,0xFF,0xFF,0xFF,0xFF,0xFF,0xFF,0xFF,0xFF,
    0xFF,0xFF,0xFF,0xFF,0xFC,0x00,0x00,0x00,0x00,0x00,0x00,0x3F,0xFF,0xFF,0xFF,0xFF,
    0xFF,0xFF,0xFF,0xFF,0xFF,0xFF,0xFF,0xFF,0xFC,0x00,0x00,0x00,0x00,0x00,0x00,0x7F,
    0xFF,0xFF,0xFF,0xFF,0xFF,0xFF,0xFF,0xFF,0xFF,0xFF,0xFF,0xFF,0xFC,0x00,0x00,0x00,
    0x00,0x00,0x00,0x7F,0xFF,0xFF,0xFF,0xFF,0xFF,0xFF,0xFF,0xFF,0xFF,0xFF,0xFF,0xFF,
    0xFC,0x00,0x00,0x00,0x00,0x00,0x00,0x7F,0xFF,0xFF,0xFF,0xFF,0xFF,0xFF,0xFF,0xFF,
    0xFF,0xFF,0xFF,0xFF,0xFC,0x00,0x00,0x00,0x00,0x00,0x00,0x7F,0xFF,0xFF,0xFF,0xFF,
    0xFF,0xFF,0xFF,0xFF,0xFF,0xFF,0xFF,0xFF,0xFE,0x00,0x00,0x00,0x00,0x00,0x00,0xFF,
    0xFF,0xFF,0xFF,0xFF,0xFF,0xEF,0xFF,0xFF,0xFF,0xFF,0xFF,0xFF,0xFE,0x00,0x00,0x00,
    0x00,0x00,0x00,0x7F,0xFF,0xFF,0xFF,0xFF,0xFF,0xEF,0xFF,0xFF,0xFF,0xFF,0xFF,0xFF,
    0xFE,0x00,0x00,0x00,0x00,0x00,0x00,0x7F,0xFF,0xFF,0xFF,0xFF,0xFF,0xE3,0xFF,0xFF,
    0xFF,0xFF,0xFF,0xFF,0xFE,0x00,0x00,0x00,0x00,0x00,0x00,0x3F,0xFF,0xFF,0xFF,0xFF,
    0xFF,0xC1,0xFF,0xFF,0xFF,0xFF,0xFF,0xFF,0xFE,0x00,0x00,0x00,0x00,0x00,0x00,0x1F,
    0xFC,0xFF,0xFF,0xDF,0x9F,0xC0,0xFF,0xFD,0xFB,0xFC,0x7F,0xFD,0x8C,0x00,0x00,0x00,
};
